plot_grid,days_since_outplanting,density,rate,treatment,complexity,plot,grid,days_comp,c.rate.mean,effect.size,visit
HN - 1,1,0,0,30%,High,HN,1,1 - High,0,0,HN - 1 - 1
HN - 1,2,0,0,30%,High,HN,1,2 - High,1,-1,HN - 1 - 2
HN - 1,3,0,0,30%,High,HN,1,3 - High,-0.25,0.25,HN - 1 - 3
HN - 1,5,2,1,30%,High,HN,1,5 - High,-0.1875,1.1875,HN - 1 - 5
HN - 1,7,1,-0.5,30%,High,HN,1,7 - High,-0.75,0.25,HN - 1 - 7
HN - 1,9,0,-0.5,30%,High,HN,1,9 - High,0.6875,-1.1875,HN - 1 - 9
HN - 1,11,1,0.5,30%,High,HN,1,11 - High,0.125,0.375,HN - 1 - 11
HN - 1,13,9,4,30%,High,HN,1,13 - High,0,4,HN - 1 - 13
HN - 1,18,1,-1.6,30%,High,HN,1,18 - High,1.39E-17,-1.6,HN - 1 - 18
HN - 1,23,0,-0.2,30%,High,HN,1,23 - High,0.275,-0.475,HN - 1 - 23
HN - 1,26,5,1.666666667,30%,High,HN,1,26 - High,-0.708333333,2.375,HN - 1 - 26
HN - 1,30,1,-1,30%,High,HN,1,30 - High,0.375,-1.375,HN - 1 - 30
HN - 1,33,1,0,30%,High,HN,1,33 - High,-0.291666667,0.291666667,HN - 1 - 33
HN - 1,37,1,0,30%,High,HN,1,37 - High,0.375,-0.375,HN - 1 - 37
HN - 1,43,2,0.166666667,30%,High,HN,1,43 - High,-0.291666667,0.458333334,HN - 1 - 43
HN - 1,48,2,0,30%,High,HN,1,48 - High,0.35,-0.35,HN - 1 - 48
HN - 11,1,0,0,30%,High,HN,11,1 - High,0,0,HN - 11 - 1
HN - 11,2,0,0,30%,High,HN,11,2 - High,1,-1,HN - 11 - 2
HN - 11,3,1,1,30%,High,HN,11,3 - High,-0.25,1.25,HN - 11 - 3
HN - 11,5,4,1.5,30%,High,HN,11,5 - High,-0.1875,1.6875,HN - 11 - 5
HN - 11,7,1,-1.5,30%,High,HN,11,7 - High,-0.75,-0.75,HN - 11 - 7
HN - 11,9,1,0,30%,High,HN,11,9 - High,0.6875,-0.6875,HN - 11 - 9
HN - 11,11,0,-0.5,30%,High,HN,11,11 - High,0.125,-0.625,HN - 11 - 11
HN - 11,13,0,0,30%,High,HN,11,13 - High,0,0,HN - 11 - 13
HN - 11,18,1,0.2,30%,High,HN,11,18 - High,1.39E-17,0.2,HN - 11 - 18
HN - 11,23,2,0.2,30%,High,HN,11,23 - High,0.275,-0.075,HN - 11 - 23
HN - 11,26,1,-0.333333333,30%,High,HN,11,26 - High,-0.708333333,0.375,HN - 11 - 26
HN - 11,30,5,1,30%,High,HN,11,30 - High,0.375,0.625,HN - 11 - 30
HN - 11,33,0,-1.666666667,30%,High,HN,11,33 - High,-0.291666667,-1.375,HN - 11 - 33
HN - 11,37,3,0.75,30%,High,HN,11,37 - High,0.375,0.375,HN - 11 - 37
HN - 11,43,2,-0.166666667,30%,High,HN,11,43 - High,-0.291666667,0.125,HN - 11 - 43
HN - 11,48,0,-0.4,30%,High,HN,11,48 - High,0.35,-0.75,HN - 11 - 48
HN - 12,1,1,0,70%,High,HN,12,1 - High,0,0,HN - 12 - 1
HN - 12,2,0,-1,70%,High,HN,12,2 - High,1,-2,HN - 12 - 2
HN - 12,3,0,0,70%,High,HN,12,3 - High,-0.25,0.25,HN - 12 - 3
HN - 12,5,0,0,70%,High,HN,12,5 - High,-0.1875,0.1875,HN - 12 - 5
HN - 12,7,1,0.5,70%,High,HN,12,7 - High,-0.75,1.25,HN - 12 - 7
HN - 12,9,0,-0.5,70%,High,HN,12,9 - High,0.6875,-1.1875,HN - 12 - 9
HN - 12,11,1,0.5,70%,High,HN,12,11 - High,0.125,0.375,HN - 12 - 11
HN - 12,13,1,0,70%,High,HN,12,13 - High,0,0,HN - 12 - 13
HN - 12,18,4,0.6,70%,High,HN,12,18 - High,1.39E-17,0.6,HN - 12 - 18
HN - 12,23,1,-0.6,70%,High,HN,12,23 - High,0.275,-0.875,HN - 12 - 23
HN - 12,26,1,0,70%,High,HN,12,26 - High,-0.708333333,0.708333333,HN - 12 - 26
HN - 12,30,5,1,70%,High,HN,12,30 - High,0.375,0.625,HN - 12 - 30
HN - 12,33,0,-1.666666667,70%,High,HN,12,33 - High,-0.291666667,-1.375,HN - 12 - 33
HN - 12,37,2,0.5,70%,High,HN,12,37 - High,0.375,0.125,HN - 12 - 37
HN - 12,43,2,0,70%,High,HN,12,43 - High,-0.291666667,0.291666667,HN - 12 - 43
HN - 12,48,2,0,70%,High,HN,12,48 - High,0.35,-0.35,HN - 12 - 48
HN - 13,1,1,0,100%,High,HN,13,1 - High,0,0,HN - 13 - 1
HN - 13,2,9,8,100%,High,HN,13,2 - High,1,7,HN - 13 - 2
HN - 13,3,7,-2,100%,High,HN,13,3 - High,-0.25,-1.75,HN - 13 - 3
HN - 13,5,0,-3.5,100%,High,HN,13,5 - High,-0.1875,-3.3125,HN - 13 - 5
HN - 13,7,3,1.5,100%,High,HN,13,7 - High,-0.75,2.25,HN - 13 - 7
HN - 13,9,0,-1.5,100%,High,HN,13,9 - High,0.6875,-2.1875,HN - 13 - 9
HN - 13,11,0,0,100%,High,HN,13,11 - High,0.125,-0.125,HN - 13 - 11
HN - 13,13,0,0,100%,High,HN,13,13 - High,0,0,HN - 13 - 13
HN - 13,18,0,0,100%,High,HN,13,18 - High,1.39E-17,-1.39E-17,HN - 13 - 18
HN - 13,23,3,0.6,100%,High,HN,13,23 - High,0.275,0.325,HN - 13 - 23
HN - 13,26,1,-0.666666667,100%,High,HN,13,26 - High,-0.708333333,0.041666666,HN - 13 - 26
HN - 13,30,4,0.75,100%,High,HN,13,30 - High,0.375,0.375,HN - 13 - 30
HN - 13,33,3,-0.333333333,100%,High,HN,13,33 - High,-0.291666667,-0.041666666,HN - 13 - 33
HN - 13,37,1,-0.5,100%,High,HN,13,37 - High,0.375,-0.875,HN - 13 - 37
HN - 13,43,5,0.666666667,100%,High,HN,13,43 - High,-0.291666667,0.958333334,HN - 13 - 43
HN - 13,48,4,-0.2,100%,High,HN,13,48 - High,0.35,-0.55,HN - 13 - 48
HN - 14,1,0,0,0%,High,HN,14,1 - High,0,0,HN - 14 - 1
HN - 14,2,1,1,0%,High,HN,14,2 - High,1,0,HN - 14 - 2
HN - 14,3,0,-1,0%,High,HN,14,3 - High,-0.25,-0.75,HN - 14 - 3
HN - 14,5,4,2,0%,High,HN,14,5 - High,-0.1875,2.1875,HN - 14 - 5
HN - 14,7,0,-2,0%,High,HN,14,7 - High,-0.75,-1.25,HN - 14 - 7
HN - 14,9,0,0,0%,High,HN,14,9 - High,0.6875,-0.6875,HN - 14 - 9
HN - 14,11,3,1.5,0%,High,HN,14,11 - High,0.125,1.375,HN - 14 - 11
HN - 14,13,1,-1,0%,High,HN,14,13 - High,0,-1,HN - 14 - 13
HN - 14,18,0,-0.2,0%,High,HN,14,18 - High,1.39E-17,-0.2,HN - 14 - 18
HN - 14,23,1,0.2,0%,High,HN,14,23 - High,0.275,-0.075,HN - 14 - 23
HN - 14,26,1,0,0%,High,HN,14,26 - High,-0.708333333,0.708333333,HN - 14 - 26
HN - 14,30,2,0.25,0%,High,HN,14,30 - High,0.375,-0.125,HN - 14 - 30
HN - 14,33,1,-0.333333333,0%,High,HN,14,33 - High,-0.291666667,-0.041666666,HN - 14 - 33
HN - 14,37,1,0,0%,High,HN,14,37 - High,0.375,-0.375,HN - 14 - 37
HN - 14,43,4,0.5,0%,High,HN,14,43 - High,-0.291666667,0.791666667,HN - 14 - 43
HN - 14,48,0,-0.8,0%,High,HN,14,48 - High,0.35,-1.15,HN - 14 - 48
HN - 15,1,3,0,50%,High,HN,15,1 - High,0,0,HN - 15 - 1
HN - 15,2,0,-3,50%,High,HN,15,2 - High,1,-4,HN - 15 - 2
HN - 15,3,1,1,50%,High,HN,15,3 - High,-0.25,1.25,HN - 15 - 3
HN - 15,5,5,2,50%,High,HN,15,5 - High,-0.1875,2.1875,HN - 15 - 5
HN - 15,7,1,-2,50%,High,HN,15,7 - High,-0.75,-1.25,HN - 15 - 7
HN - 15,9,0,-0.5,50%,High,HN,15,9 - High,0.6875,-1.1875,HN - 15 - 9
HN - 15,11,0,0,50%,High,HN,15,11 - High,0.125,-0.125,HN - 15 - 11
HN - 15,13,1,0.5,50%,High,HN,15,13 - High,0,0.5,HN - 15 - 13
HN - 15,18,2,0.2,50%,High,HN,15,18 - High,1.39E-17,0.2,HN - 15 - 18
HN - 15,23,1,-0.2,50%,High,HN,15,23 - High,0.275,-0.475,HN - 15 - 23
HN - 15,26,0,-0.333333333,50%,High,HN,15,26 - High,-0.708333333,0.375,HN - 15 - 26
HN - 15,30,7,1.75,50%,High,HN,15,30 - High,0.375,1.375,HN - 15 - 30
HN - 15,33,1,-2,50%,High,HN,15,33 - High,-0.291666667,-1.708333333,HN - 15 - 33
HN - 15,37,0,-0.25,50%,High,HN,15,37 - High,0.375,-0.625,HN - 15 - 37
HN - 15,43,2,0.333333333,50%,High,HN,15,43 - High,-0.291666667,0.625,HN - 15 - 43
HN - 15,48,0,-0.4,50%,High,HN,15,48 - High,0.35,-0.75,HN - 15 - 48
HN - 16,1,0,0,100%,High,HN,16,1 - High,0,0,HN - 16 - 1
HN - 16,2,2,2,100%,High,HN,16,2 - High,1,1,HN - 16 - 2
HN - 16,3,0,-2,100%,High,HN,16,3 - High,-0.25,-1.75,HN - 16 - 3
HN - 16,5,7,3.5,100%,High,HN,16,5 - High,-0.1875,3.6875,HN - 16 - 5
HN - 16,7,1,-3,100%,High,HN,16,7 - High,-0.75,-2.25,HN - 16 - 7
HN - 16,9,7,3,100%,High,HN,16,9 - High,0.6875,2.3125,HN - 16 - 9
HN - 16,11,0,-3.5,100%,High,HN,16,11 - High,0.125,-3.625,HN - 16 - 11
HN - 16,13,0,0,100%,High,HN,16,13 - High,0,0,HN - 16 - 13
HN - 16,18,1,0.2,100%,High,HN,16,18 - High,1.39E-17,0.2,HN - 16 - 18
HN - 16,23,1,0,100%,High,HN,16,23 - High,0.275,-0.275,HN - 16 - 23
HN - 16,26,0,-0.333333333,100%,High,HN,16,26 - High,-0.708333333,0.375,HN - 16 - 26
HN - 16,30,2,0.5,100%,High,HN,16,30 - High,0.375,0.125,HN - 16 - 30
HN - 16,33,0,-0.666666667,100%,High,HN,16,33 - High,-0.291666667,-0.375,HN - 16 - 33
HN - 16,37,0,0,100%,High,HN,16,37 - High,0.375,-0.375,HN - 16 - 37
HN - 16,43,2,0.333333333,100%,High,HN,16,43 - High,-0.291666667,0.625,HN - 16 - 43
HN - 16,48,2,0,100%,High,HN,16,48 - High,0.35,-0.35,HN - 16 - 48
HN - 18,1,0,0,0%,High,HN,18,1 - High,0,0,HN - 18 - 1
HN - 18,2,2,2,0%,High,HN,18,2 - High,1,1,HN - 18 - 2
HN - 18,3,1,-1,0%,High,HN,18,3 - High,-0.25,-0.75,HN - 18 - 3
HN - 18,5,8,3.5,0%,High,HN,18,5 - High,-0.1875,3.6875,HN - 18 - 5
HN - 18,7,2,-3,0%,High,HN,18,7 - High,-0.75,-2.25,HN - 18 - 7
HN - 18,9,4,1,0%,High,HN,18,9 - High,0.6875,0.3125,HN - 18 - 9
HN - 18,11,1,-1.5,0%,High,HN,18,11 - High,0.125,-1.625,HN - 18 - 11
HN - 18,13,5,2,0%,High,HN,18,13 - High,0,2,HN - 18 - 13
HN - 18,18,7,0.4,0%,High,HN,18,18 - High,1.39E-17,0.4,HN - 18 - 18
HN - 18,23,3,-0.8,0%,High,HN,18,23 - High,0.275,-1.075,HN - 18 - 23
HN - 18,26,9,2,0%,High,HN,18,26 - High,-0.708333333,2.708333333,HN - 18 - 26
HN - 18,30,8,-0.25,0%,High,HN,18,30 - High,0.375,-0.625,HN - 18 - 30
HN - 18,33,2,-2,0%,High,HN,18,33 - High,-0.291666667,-1.708333333,HN - 18 - 33
HN - 18,37,2,0,0%,High,HN,18,37 - High,0.375,-0.375,HN - 18 - 37
HN - 18,43,14,2,0%,High,HN,18,43 - High,-0.291666667,2.291666667,HN - 18 - 43
HN - 18,48,2,-2.4,0%,High,HN,18,48 - High,0.35,-2.75,HN - 18 - 48
HN - 19,1,0,0,30%,High,HN,19,1 - High,0,0,HN - 19 - 1
HN - 19,2,1,1,30%,High,HN,19,2 - High,1,0,HN - 19 - 2
HN - 19,3,0,-1,30%,High,HN,19,3 - High,-0.25,-0.75,HN - 19 - 3
HN - 19,5,0,0,30%,High,HN,19,5 - High,-0.1875,0.1875,HN - 19 - 5
HN - 19,7,1,0.5,30%,High,HN,19,7 - High,-0.75,1.25,HN - 19 - 7
HN - 19,9,2,0.5,30%,High,HN,19,9 - High,0.6875,-0.1875,HN - 19 - 9
HN - 19,11,1,-0.5,30%,High,HN,19,11 - High,0.125,-0.625,HN - 19 - 11
HN - 19,13,1,0,30%,High,HN,19,13 - High,0,0,HN - 19 - 13
HN - 19,18,0,-0.2,30%,High,HN,19,18 - High,1.39E-17,-0.2,HN - 19 - 18
HN - 19,23,3,0.6,30%,High,HN,19,23 - High,0.275,0.325,HN - 19 - 23
HN - 19,26,0,-1,30%,High,HN,19,26 - High,-0.708333333,-0.291666667,HN - 19 - 26
HN - 19,30,4,1,30%,High,HN,19,30 - High,0.375,0.625,HN - 19 - 30
HN - 19,33,0,-1.333333333,30%,High,HN,19,33 - High,-0.291666667,-1.041666666,HN - 19 - 33
HN - 19,37,5,1.25,30%,High,HN,19,37 - High,0.375,0.875,HN - 19 - 37
HN - 19,43,3,-0.333333333,30%,High,HN,19,43 - High,-0.291666667,-0.041666667,HN - 19 - 43
HN - 19,48,2,-0.2,30%,High,HN,19,48 - High,0.35,-0.55,HN - 19 - 48
HN - 2,1,0,0,70%,High,HN,2,1 - High,0,0,HN - 2 - 1
HN - 2,2,1,1,70%,High,HN,2,2 - High,1,0,HN - 2 - 2
HN - 2,3,5,4,70%,High,HN,2,3 - High,-0.25,4.25,HN - 2 - 3
HN - 2,5,0,-2.5,70%,High,HN,2,5 - High,-0.1875,-2.3125,HN - 2 - 5
HN - 2,7,1,0.5,70%,High,HN,2,7 - High,-0.75,1.25,HN - 2 - 7
HN - 2,9,0,-0.5,70%,High,HN,2,9 - High,0.6875,-1.1875,HN - 2 - 9
HN - 2,11,1,0.5,70%,High,HN,2,11 - High,0.125,0.375,HN - 2 - 11
HN - 2,13,1,0,70%,High,HN,2,13 - High,0,0,HN - 2 - 13
HN - 2,18,0,-0.2,70%,High,HN,2,18 - High,1.39E-17,-0.2,HN - 2 - 18
HN - 2,23,4,0.8,70%,High,HN,2,23 - High,0.275,0.525,HN - 2 - 23
HN - 2,26,4,0,70%,High,HN,2,26 - High,-0.708333333,0.708333333,HN - 2 - 26
HN - 2,30,1,-0.75,70%,High,HN,2,30 - High,0.375,-1.125,HN - 2 - 30
HN - 2,33,1,0,70%,High,HN,2,33 - High,-0.291666667,0.291666667,HN - 2 - 33
HN - 2,37,0,-0.25,70%,High,HN,2,37 - High,0.375,-0.625,HN - 2 - 37
HN - 2,43,4,0.666666667,70%,High,HN,2,43 - High,-0.291666667,0.958333334,HN - 2 - 43
HN - 2,48,5,0.2,70%,High,HN,2,48 - High,0.35,-0.15,HN - 2 - 48
HN - 20,1,1,0,0%,High,HN,20,1 - High,0,0,HN - 20 - 1
HN - 20,2,1,0,0%,High,HN,20,2 - High,1,-1,HN - 20 - 2
HN - 20,3,0,-1,0%,High,HN,20,3 - High,-0.25,-0.75,HN - 20 - 3
HN - 20,5,1,0.5,0%,High,HN,20,5 - High,-0.1875,0.6875,HN - 20 - 5
HN - 20,7,0,-0.5,0%,High,HN,20,7 - High,-0.75,0.25,HN - 20 - 7
HN - 20,9,1,0.5,0%,High,HN,20,9 - High,0.6875,-0.1875,HN - 20 - 9
HN - 20,11,1,0,0%,High,HN,20,11 - High,0.125,-0.125,HN - 20 - 11
HN - 20,13,1,0,0%,High,HN,20,13 - High,0,0,HN - 20 - 13
HN - 20,18,3,0.4,0%,High,HN,20,18 - High,1.39E-17,0.4,HN - 20 - 18
HN - 20,23,2,-0.2,0%,High,HN,20,23 - High,0.275,-0.475,HN - 20 - 23
HN - 20,26,1,-0.333333333,0%,High,HN,20,26 - High,-0.708333333,0.375,HN - 20 - 26
HN - 20,30,2,0.25,0%,High,HN,20,30 - High,0.375,-0.125,HN - 20 - 30
HN - 20,33,1,-0.333333333,0%,High,HN,20,33 - High,-0.291666667,-0.041666666,HN - 20 - 33
HN - 20,37,1,0,0%,High,HN,20,37 - High,0.375,-0.375,HN - 20 - 37
HN - 20,43,1,0,0%,High,HN,20,43 - High,-0.291666667,0.291666667,HN - 20 - 43
HN - 20,48,1,0,0%,High,HN,20,48 - High,0.35,-0.35,HN - 20 - 48
HN - 21,1,2,0,70%,High,HN,21,1 - High,0,0,HN - 21 - 1
HN - 21,2,5,3,70%,High,HN,21,2 - High,1,2,HN - 21 - 2
HN - 21,3,0,-5,70%,High,HN,21,3 - High,-0.25,-4.75,HN - 21 - 3
HN - 21,5,3,1.5,70%,High,HN,21,5 - High,-0.1875,1.6875,HN - 21 - 5
HN - 21,7,5,1,70%,High,HN,21,7 - High,-0.75,1.75,HN - 21 - 7
HN - 21,9,1,-2,70%,High,HN,21,9 - High,0.6875,-2.6875,HN - 21 - 9
HN - 21,11,0,-0.5,70%,High,HN,21,11 - High,0.125,-0.625,HN - 21 - 11
HN - 21,13,1,0.5,70%,High,HN,21,13 - High,0,0.5,HN - 21 - 13
HN - 21,18,0,-0.2,70%,High,HN,21,18 - High,1.39E-17,-0.2,HN - 21 - 18
HN - 21,23,0,0,70%,High,HN,21,23 - High,0.275,-0.275,HN - 21 - 23
HN - 21,26,1,0.333333333,70%,High,HN,21,26 - High,-0.708333333,1.041666666,HN - 21 - 26
HN - 21,30,1,0,70%,High,HN,21,30 - High,0.375,-0.375,HN - 21 - 30
HN - 21,33,0,-0.333333333,70%,High,HN,21,33 - High,-0.291666667,-0.041666666,HN - 21 - 33
HN - 21,37,3,0.75,70%,High,HN,21,37 - High,0.375,0.375,HN - 21 - 37
HN - 21,43,0,-0.5,70%,High,HN,21,43 - High,-0.291666667,-0.208333334,HN - 21 - 43
HN - 21,48,1,0.2,70%,High,HN,21,48 - High,0.35,-0.15,HN - 21 - 48
HN - 22,1,2,0,50%,High,HN,22,1 - High,0,0,HN - 22 - 1
HN - 22,2,1,-1,50%,High,HN,22,2 - High,1,-2,HN - 22 - 2
HN - 22,3,1,0,50%,High,HN,22,3 - High,-0.25,0.25,HN - 22 - 3
HN - 22,5,2,0.5,50%,High,HN,22,5 - High,-0.1875,0.6875,HN - 22 - 5
HN - 22,7,0,-1,50%,High,HN,22,7 - High,-0.75,-0.25,HN - 22 - 7
HN - 22,9,0,0,50%,High,HN,22,9 - High,0.6875,-0.6875,HN - 22 - 9
HN - 22,11,1,0.5,50%,High,HN,22,11 - High,0.125,0.375,HN - 22 - 11
HN - 22,13,0,-0.5,50%,High,HN,22,13 - High,0,-0.5,HN - 22 - 13
HN - 22,18,0,0,50%,High,HN,22,18 - High,1.39E-17,-1.39E-17,HN - 22 - 18
HN - 22,23,1,0.2,50%,High,HN,22,23 - High,0.275,-0.075,HN - 22 - 23
HN - 22,26,0,-0.333333333,50%,High,HN,22,26 - High,-0.708333333,0.375,HN - 22 - 26
HN - 22,30,1,0.25,50%,High,HN,22,30 - High,0.375,-0.125,HN - 22 - 30
HN - 22,33,2,0.333333333,50%,High,HN,22,33 - High,-0.291666667,0.625,HN - 22 - 33
HN - 22,37,4,0.5,50%,High,HN,22,37 - High,0.375,0.125,HN - 22 - 37
HN - 22,43,0,-0.666666667,50%,High,HN,22,43 - High,-0.291666667,-0.375000001,HN - 22 - 43
HN - 22,48,0,0,50%,High,HN,22,48 - High,0.35,-0.35,HN - 22 - 48
HN - 23,1,2,0,100%,High,HN,23,1 - High,0,0,HN - 23 - 1
HN - 23,2,1,-1,100%,High,HN,23,2 - High,1,-2,HN - 23 - 2
HN - 23,3,5,4,100%,High,HN,23,3 - High,-0.25,4.25,HN - 23 - 3
HN - 23,5,3,-1,100%,High,HN,23,5 - High,-0.1875,-0.8125,HN - 23 - 5
HN - 23,7,4,0.5,100%,High,HN,23,7 - High,-0.75,1.25,HN - 23 - 7
HN - 23,9,4,0,100%,High,HN,23,9 - High,0.6875,-0.6875,HN - 23 - 9
HN - 23,11,5,0.5,100%,High,HN,23,11 - High,0.125,0.375,HN - 23 - 11
HN - 23,13,1,-2,100%,High,HN,23,13 - High,0,-2,HN - 23 - 13
HN - 23,18,3,0.4,100%,High,HN,23,18 - High,1.39E-17,0.4,HN - 23 - 18
HN - 23,23,3,0,100%,High,HN,23,23 - High,0.275,-0.275,HN - 23 - 23
HN - 23,26,2,-0.333333333,100%,High,HN,23,26 - High,-0.708333333,0.375,HN - 23 - 26
HN - 23,30,1,-0.25,100%,High,HN,23,30 - High,0.375,-0.625,HN - 23 - 30
HN - 23,33,1,0,100%,High,HN,23,33 - High,-0.291666667,0.291666667,HN - 23 - 33
HN - 23,37,6,1.25,100%,High,HN,23,37 - High,0.375,0.875,HN - 23 - 37
HN - 23,43,1,-0.833333333,100%,High,HN,23,43 - High,-0.291666667,-0.541666667,HN - 23 - 43
HN - 23,48,6,1,100%,High,HN,23,48 - High,0.35,0.65,HN - 23 - 48
HN - 24,1,6,0,0%,High,HN,24,1 - High,0,0,HN - 24 - 1
HN - 24,2,4,-2,0%,High,HN,24,2 - High,1,-3,HN - 24 - 2
HN - 24,3,5,1,0%,High,HN,24,3 - High,-0.25,1.25,HN - 24 - 3
HN - 24,5,3,-1,0%,High,HN,24,5 - High,-0.1875,-0.8125,HN - 24 - 5
HN - 24,7,2,-0.5,0%,High,HN,24,7 - High,-0.75,0.25,HN - 24 - 7
HN - 24,9,0,-1,0%,High,HN,24,9 - High,0.6875,-1.6875,HN - 24 - 9
HN - 24,11,0,0,0%,High,HN,24,11 - High,0.125,-0.125,HN - 24 - 11
HN - 24,13,5,2.5,0%,High,HN,24,13 - High,0,2.5,HN - 24 - 13
HN - 24,18,2,-0.6,0%,High,HN,24,18 - High,1.39E-17,-0.6,HN - 24 - 18
HN - 24,23,1,-0.2,0%,High,HN,24,23 - High,0.275,-0.475,HN - 24 - 23
HN - 24,26,2,0.333333333,0%,High,HN,24,26 - High,-0.708333333,1.041666666,HN - 24 - 26
HN - 24,30,0,-0.5,0%,High,HN,24,30 - High,0.375,-0.875,HN - 24 - 30
HN - 24,33,1,0.333333333,0%,High,HN,24,33 - High,-0.291666667,0.625,HN - 24 - 33
HN - 24,37,2,0.25,0%,High,HN,24,37 - High,0.375,-0.125,HN - 24 - 37
HN - 24,43,1,-0.166666667,0%,High,HN,24,43 - High,-0.291666667,0.125,HN - 24 - 43
HN - 24,48,1,0,0%,High,HN,24,48 - High,0.35,-0.35,HN - 24 - 48
HN - 3,1,0,0,50%,High,HN,3,1 - High,0,0,HN - 3 - 1
HN - 3,2,0,0,50%,High,HN,3,2 - High,1,-1,HN - 3 - 2
HN - 3,3,3,3,50%,High,HN,3,3 - High,-0.25,3.25,HN - 3 - 3
HN - 3,5,0,-1.5,50%,High,HN,3,5 - High,-0.1875,-1.3125,HN - 3 - 5
HN - 3,7,2,1,50%,High,HN,3,7 - High,-0.75,1.75,HN - 3 - 7
HN - 3,9,0,-1,50%,High,HN,3,9 - High,0.6875,-1.6875,HN - 3 - 9
HN - 3,11,0,0,50%,High,HN,3,11 - High,0.125,-0.125,HN - 3 - 11
HN - 3,13,0,0,50%,High,HN,3,13 - High,0,0,HN - 3 - 13
HN - 3,18,1,0.2,50%,High,HN,3,18 - High,1.39E-17,0.2,HN - 3 - 18
HN - 3,23,0,-0.2,50%,High,HN,3,23 - High,0.275,-0.475,HN - 3 - 23
HN - 3,26,0,0,50%,High,HN,3,26 - High,-0.708333333,0.708333333,HN - 3 - 26
HN - 3,30,3,0.75,50%,High,HN,3,30 - High,0.375,0.375,HN - 3 - 30
HN - 3,33,2,-0.333333333,50%,High,HN,3,33 - High,-0.291666667,-0.041666666,HN - 3 - 33
HN - 3,37,0,-0.5,50%,High,HN,3,37 - High,0.375,-0.875,HN - 3 - 37
HN - 3,43,1,0.166666667,50%,High,HN,3,43 - High,-0.291666667,0.458333334,HN - 3 - 43
HN - 3,48,0,-0.2,50%,High,HN,3,48 - High,0.35,-0.55,HN - 3 - 48
HN - 5,1,0,0,70%,High,HN,5,1 - High,0,0,HN - 5 - 1
HN - 5,2,0,0,70%,High,HN,5,2 - High,1,-1,HN - 5 - 2
HN - 5,3,1,1,70%,High,HN,5,3 - High,-0.25,1.25,HN - 5 - 3
HN - 5,5,0,-0.5,70%,High,HN,5,5 - High,-0.1875,-0.3125,HN - 5 - 5
HN - 5,7,0,0,70%,High,HN,5,7 - High,-0.75,0.75,HN - 5 - 7
HN - 5,9,0,0,70%,High,HN,5,9 - High,0.6875,-0.6875,HN - 5 - 9
HN - 5,11,5,2.5,70%,High,HN,5,11 - High,0.125,2.375,HN - 5 - 11
HN - 5,13,1,-2,70%,High,HN,5,13 - High,0,-2,HN - 5 - 13
HN - 5,18,0,-0.2,70%,High,HN,5,18 - High,1.39E-17,-0.2,HN - 5 - 18
HN - 5,23,0,0,70%,High,HN,5,23 - High,0.275,-0.275,HN - 5 - 23
HN - 5,26,0,0,70%,High,HN,5,26 - High,-0.708333333,0.708333333,HN - 5 - 26
HN - 5,30,2,0.5,70%,High,HN,5,30 - High,0.375,0.125,HN - 5 - 30
HN - 5,33,1,-0.333333333,70%,High,HN,5,33 - High,-0.291666667,-0.041666666,HN - 5 - 33
HN - 5,37,0,-0.25,70%,High,HN,5,37 - High,0.375,-0.625,HN - 5 - 37
HN - 5,43,4,0.666666667,70%,High,HN,5,43 - High,-0.291666667,0.958333334,HN - 5 - 43
HN - 5,48,1,-0.6,70%,High,HN,5,48 - High,0.35,-0.95,HN - 5 - 48
HN - 6,1,0,0,30%,High,HN,6,1 - High,0,0,HN - 6 - 1
HN - 6,2,6,6,30%,High,HN,6,2 - High,1,5,HN - 6 - 2
HN - 6,3,0,-6,30%,High,HN,6,3 - High,-0.25,-5.75,HN - 6 - 3
HN - 6,5,1,0.5,30%,High,HN,6,5 - High,-0.1875,0.6875,HN - 6 - 5
HN - 6,7,5,2,30%,High,HN,6,7 - High,-0.75,2.75,HN - 6 - 7
HN - 6,9,4,-0.5,30%,High,HN,6,9 - High,0.6875,-1.1875,HN - 6 - 9
HN - 6,11,1,-1.5,30%,High,HN,6,11 - High,0.125,-1.625,HN - 6 - 11
HN - 6,13,2,0.5,30%,High,HN,6,13 - High,0,0.5,HN - 6 - 13
HN - 6,18,2,0,30%,High,HN,6,18 - High,1.39E-17,-1.39E-17,HN - 6 - 18
HN - 6,23,3,0.2,30%,High,HN,6,23 - High,0.275,-0.075,HN - 6 - 23
HN - 6,26,2,-0.333333333,30%,High,HN,6,26 - High,-0.708333333,0.375,HN - 6 - 26
HN - 6,30,1,-0.25,30%,High,HN,6,30 - High,0.375,-0.625,HN - 6 - 30
HN - 6,33,1,0,30%,High,HN,6,33 - High,-0.291666667,0.291666667,HN - 6 - 33
HN - 6,37,2,0.25,30%,High,HN,6,37 - High,0.375,-0.125,HN - 6 - 37
HN - 6,43,12,1.666666667,30%,High,HN,6,43 - High,-0.291666667,1.958333334,HN - 6 - 43
HN - 6,48,2,-2,30%,High,HN,6,48 - High,0.35,-2.35,HN - 6 - 48
HN - 7,1,0,0,100%,High,HN,7,1 - High,0,0,HN - 7 - 1
HN - 7,2,3,3,100%,High,HN,7,2 - High,1,2,HN - 7 - 2
HN - 7,3,2,-1,100%,High,HN,7,3 - High,-0.25,-0.75,HN - 7 - 3
HN - 7,5,0,-1,100%,High,HN,7,5 - High,-0.1875,-0.8125,HN - 7 - 5
HN - 7,7,1,0.5,100%,High,HN,7,7 - High,-0.75,1.25,HN - 7 - 7
HN - 7,9,0,-0.5,100%,High,HN,7,9 - High,0.6875,-1.1875,HN - 7 - 9
HN - 7,11,1,0.5,100%,High,HN,7,11 - High,0.125,0.375,HN - 7 - 11
HN - 7,13,0,-0.5,100%,High,HN,7,13 - High,0,-0.5,HN - 7 - 13
HN - 7,18,2,0.4,100%,High,HN,7,18 - High,1.39E-17,0.4,HN - 7 - 18
HN - 7,23,0,-0.4,100%,High,HN,7,23 - High,0.275,-0.675,HN - 7 - 23
HN - 7,26,1,0.333333333,100%,High,HN,7,26 - High,-0.708333333,1.041666666,HN - 7 - 26
HN - 7,30,1,0,100%,High,HN,7,30 - High,0.375,-0.375,HN - 7 - 30
HN - 7,33,3,0.666666667,100%,High,HN,7,33 - High,-0.291666667,0.958333334,HN - 7 - 33
HN - 7,37,0,-0.75,100%,High,HN,7,37 - High,0.375,-1.125,HN - 7 - 37
HN - 7,43,3,0.5,100%,High,HN,7,43 - High,-0.291666667,0.791666667,HN - 7 - 43
HN - 7,48,0,-0.6,100%,High,HN,7,48 - High,0.35,-0.95,HN - 7 - 48
HN - 8,1,0,0,50%,High,HN,8,1 - High,0,0,HN - 8 - 1
HN - 8,2,1,1,50%,High,HN,8,2 - High,1,0,HN - 8 - 2
HN - 8,3,3,2,50%,High,HN,8,3 - High,-0.25,2.25,HN - 8 - 3
HN - 8,5,1,-1,50%,High,HN,8,5 - High,-0.1875,-0.8125,HN - 8 - 5
HN - 8,7,8,3.5,50%,High,HN,8,7 - High,-0.75,4.25,HN - 8 - 7
HN - 8,9,6,-1,50%,High,HN,8,9 - High,0.6875,-1.6875,HN - 8 - 9
HN - 8,11,4,-1,50%,High,HN,8,11 - High,0.125,-1.125,HN - 8 - 11
HN - 8,13,3,-0.5,50%,High,HN,8,13 - High,0,-0.5,HN - 8 - 13
HN - 8,18,4,0.2,50%,High,HN,8,18 - High,1.39E-17,0.2,HN - 8 - 18
HN - 8,23,3,-0.2,50%,High,HN,8,23 - High,0.275,-0.475,HN - 8 - 23
HN - 8,26,2,-0.333333333,50%,High,HN,8,26 - High,-0.708333333,0.375,HN - 8 - 26
HN - 8,30,2,0,50%,High,HN,8,30 - High,0.375,-0.375,HN - 8 - 30
HN - 8,33,9,2.333333333,50%,High,HN,8,33 - High,-0.291666667,2.625,HN - 8 - 33
HN - 8,37,4,-1.25,50%,High,HN,8,37 - High,0.375,-1.625,HN - 8 - 37
HN - 8,43,3,-0.166666667,50%,High,HN,8,43 - High,-0.291666667,0.125,HN - 8 - 43
HN - 8,48,11,1.6,50%,High,HN,8,48 - High,0.35,1.25,HN - 8 - 48
HS - 1,1,0,0,50%,High,HS,1,1 - High,0,0,HS - 1 - 1
HS - 1,2,4,4,50%,High,HS,1,2 - High,1,3,HS - 1 - 2
HS - 1,3,2,-2,50%,High,HS,1,3 - High,-0.25,-1.75,HS - 1 - 3
HS - 1,5,0,-1,50%,High,HS,1,5 - High,-0.1875,-0.8125,HS - 1 - 5
HS - 1,7,0,0,50%,High,HS,1,7 - High,-0.75,0.75,HS - 1 - 7
HS - 1,9,2,1,50%,High,HS,1,9 - High,0.6875,0.3125,HS - 1 - 9
HS - 1,11,1,-0.5,50%,High,HS,1,11 - High,0.125,-0.625,HS - 1 - 11
HS - 1,13,2,0.5,50%,High,HS,1,13 - High,0,0.5,HS - 1 - 13
HS - 1,18,0,-0.4,50%,High,HS,1,18 - High,1.39E-17,-0.4,HS - 1 - 18
HS - 1,23,0,0,50%,High,HS,1,23 - High,0.275,-0.275,HS - 1 - 23
HS - 1,26,1,0.333333333,50%,High,HS,1,26 - High,-0.708333333,1.041666666,HS - 1 - 26
HS - 1,30,0,-0.25,50%,High,HS,1,30 - High,0.375,-0.625,HS - 1 - 30
HS - 1,33,2,0.666666667,50%,High,HS,1,33 - High,-0.291666667,0.958333334,HS - 1 - 33
HS - 1,37,1,-0.25,50%,High,HS,1,37 - High,0.375,-0.625,HS - 1 - 37
HS - 1,43,5,0.666666667,50%,High,HS,1,43 - High,-0.291666667,0.958333334,HS - 1 - 43
HS - 1,48,1,-0.8,50%,High,HS,1,48 - High,0.35,-1.15,HS - 1 - 48
HS - 10,1,0,0,0%,High,HS,10,1 - High,0,0,HS - 10 - 1
HS - 10,2,0,0,0%,High,HS,10,2 - High,1,-1,HS - 10 - 2
HS - 10,3,3,3,0%,High,HS,10,3 - High,-0.25,3.25,HS - 10 - 3
HS - 10,5,2,-0.5,0%,High,HS,10,5 - High,-0.1875,-0.3125,HS - 10 - 5
HS - 10,7,0,-1,0%,High,HS,10,7 - High,-0.75,-0.25,HS - 10 - 7
HS - 10,9,0,0,0%,High,HS,10,9 - High,0.6875,-0.6875,HS - 10 - 9
HS - 10,11,0,0,0%,High,HS,10,11 - High,0.125,-0.125,HS - 10 - 11
HS - 10,13,0,0,0%,High,HS,10,13 - High,0,0,HS - 10 - 13
HS - 10,18,1,0.2,0%,High,HS,10,18 - High,1.39E-17,0.2,HS - 10 - 18
HS - 10,23,5,0.8,0%,High,HS,10,23 - High,0.275,0.525,HS - 10 - 23
HS - 10,26,3,-0.666666667,0%,High,HS,10,26 - High,-0.708333333,0.041666666,HS - 10 - 26
HS - 10,30,1,-0.5,0%,High,HS,10,30 - High,0.375,-0.875,HS - 10 - 30
HS - 10,33,2,0.333333333,0%,High,HS,10,33 - High,-0.291666667,0.625,HS - 10 - 33
HS - 10,37,3,0.25,0%,High,HS,10,37 - High,0.375,-0.125,HS - 10 - 37
HS - 10,43,0,-0.5,0%,High,HS,10,43 - High,-0.291666667,-0.208333334,HS - 10 - 43
HS - 10,48,2,0.4,0%,High,HS,10,48 - High,0.35,0.05,HS - 10 - 48
HS - 11,1,0,0,50%,High,HS,11,1 - High,0,0,HS - 11 - 1
HS - 11,2,0,0,50%,High,HS,11,2 - High,1,-1,HS - 11 - 2
HS - 11,3,6,6,50%,High,HS,11,3 - High,-0.25,6.25,HS - 11 - 3
HS - 11,5,4,-1,50%,High,HS,11,5 - High,-0.1875,-0.8125,HS - 11 - 5
HS - 11,7,4,0,50%,High,HS,11,7 - High,-0.75,0.75,HS - 11 - 7
HS - 11,9,0,-2,50%,High,HS,11,9 - High,0.6875,-2.6875,HS - 11 - 9
HS - 11,11,3,1.5,50%,High,HS,11,11 - High,0.125,1.375,HS - 11 - 11
HS - 11,13,0,-1.5,50%,High,HS,11,13 - High,0,-1.5,HS - 11 - 13
HS - 11,18,2,0.4,50%,High,HS,11,18 - High,1.39E-17,0.4,HS - 11 - 18
HS - 11,23,4,0.4,50%,High,HS,11,23 - High,0.275,0.125,HS - 11 - 23
HS - 11,26,0,-1.333333333,50%,High,HS,11,26 - High,-0.708333333,-0.625,HS - 11 - 26
HS - 11,30,1,0.25,50%,High,HS,11,30 - High,0.375,-0.125,HS - 11 - 30
HS - 11,33,3,0.666666667,50%,High,HS,11,33 - High,-0.291666667,0.958333334,HS - 11 - 33
HS - 11,37,2,-0.25,50%,High,HS,11,37 - High,0.375,-0.625,HS - 11 - 37
HS - 11,43,1,-0.166666667,50%,High,HS,11,43 - High,-0.291666667,0.125,HS - 11 - 43
HS - 11,48,2,0.2,50%,High,HS,11,48 - High,0.35,-0.15,HS - 11 - 48
HS - 12,1,3,0,0%,High,HS,12,1 - High,0,0,HS - 12 - 1
HS - 12,2,3,0,0%,High,HS,12,2 - High,1,-1,HS - 12 - 2
HS - 12,3,4,1,0%,High,HS,12,3 - High,-0.25,1.25,HS - 12 - 3
HS - 12,5,4,0,0%,High,HS,12,5 - High,-0.1875,0.1875,HS - 12 - 5
HS - 12,7,0,-2,0%,High,HS,12,7 - High,-0.75,-1.25,HS - 12 - 7
HS - 12,9,3,1.5,0%,High,HS,12,9 - High,0.6875,0.8125,HS - 12 - 9
HS - 12,11,6,1.5,0%,High,HS,12,11 - High,0.125,1.375,HS - 12 - 11
HS - 12,13,2,-2,0%,High,HS,12,13 - High,0,-2,HS - 12 - 13
HS - 12,18,0,-0.4,0%,High,HS,12,18 - High,1.39E-17,-0.4,HS - 12 - 18
HS - 12,23,6,1.2,0%,High,HS,12,23 - High,0.275,0.925,HS - 12 - 23
HS - 12,26,4,-0.666666667,0%,High,HS,12,26 - High,-0.708333333,0.041666666,HS - 12 - 26
HS - 12,30,15,2.75,0%,High,HS,12,30 - High,0.375,2.375,HS - 12 - 30
HS - 12,33,11,-1.333333333,0%,High,HS,12,33 - High,-0.291666667,-1.041666666,HS - 12 - 33
HS - 12,37,9,-0.5,0%,High,HS,12,37 - High,0.375,-0.875,HS - 12 - 37
HS - 12,43,8,-0.166666667,0%,High,HS,12,43 - High,-0.291666667,0.125,HS - 12 - 43
HS - 12,48,4,-0.8,0%,High,HS,12,48 - High,0.35,-1.15,HS - 12 - 48
HS - 14,1,0,0,100%,High,HS,14,1 - High,0,0,HS - 14 - 1
HS - 14,2,0,0,100%,High,HS,14,2 - High,1,-1,HS - 14 - 2
HS - 14,3,0,0,100%,High,HS,14,3 - High,-0.25,0.25,HS - 14 - 3
HS - 14,5,0,0,100%,High,HS,14,5 - High,-0.1875,0.1875,HS - 14 - 5
HS - 14,7,0,0,100%,High,HS,14,7 - High,-0.75,0.75,HS - 14 - 7
HS - 14,9,6,3,100%,High,HS,14,9 - High,0.6875,2.3125,HS - 14 - 9
HS - 14,11,2,-2,100%,High,HS,14,11 - High,0.125,-2.125,HS - 14 - 11
HS - 14,13,4,1,100%,High,HS,14,13 - High,0,1,HS - 14 - 13
HS - 14,18,0,-0.8,100%,High,HS,14,18 - High,1.39E-17,-0.8,HS - 14 - 18
HS - 14,23,7,1.4,100%,High,HS,14,23 - High,0.275,1.125,HS - 14 - 23
HS - 14,26,0,-2.333333333,100%,High,HS,14,26 - High,-0.708333333,-1.625,HS - 14 - 26
HS - 14,30,2,0.5,100%,High,HS,14,30 - High,0.375,0.125,HS - 14 - 30
HS - 14,33,1,-0.333333333,100%,High,HS,14,33 - High,-0.291666667,-0.041666666,HS - 14 - 33
HS - 14,37,1,0,100%,High,HS,14,37 - High,0.375,-0.375,HS - 14 - 37
HS - 14,43,2,0.166666667,100%,High,HS,14,43 - High,-0.291666667,0.458333334,HS - 14 - 43
HS - 14,48,0,-0.4,100%,High,HS,14,48 - High,0.35,-0.75,HS - 14 - 48
HS - 15,1,0,0,30%,High,HS,15,1 - High,0,0,HS - 15 - 1
HS - 15,2,0,0,30%,High,HS,15,2 - High,1,-1,HS - 15 - 2
HS - 15,3,3,3,30%,High,HS,15,3 - High,-0.25,3.25,HS - 15 - 3
HS - 15,5,0,-1.5,30%,High,HS,15,5 - High,-0.1875,-1.3125,HS - 15 - 5
HS - 15,7,1,0.5,30%,High,HS,15,7 - High,-0.75,1.25,HS - 15 - 7
HS - 15,9,1,0,30%,High,HS,15,9 - High,0.6875,-0.6875,HS - 15 - 9
HS - 15,11,0,-0.5,30%,High,HS,15,11 - High,0.125,-0.625,HS - 15 - 11
HS - 15,13,0,0,30%,High,HS,15,13 - High,0,0,HS - 15 - 13
HS - 15,18,3,0.6,30%,High,HS,15,18 - High,1.39E-17,0.6,HS - 15 - 18
HS - 15,23,0,-0.6,30%,High,HS,15,23 - High,0.275,-0.875,HS - 15 - 23
HS - 15,26,0,0,30%,High,HS,15,26 - High,-0.708333333,0.708333333,HS - 15 - 26
HS - 15,30,0,0,30%,High,HS,15,30 - High,0.375,-0.375,HS - 15 - 30
HS - 15,33,0,0,30%,High,HS,15,33 - High,-0.291666667,0.291666667,HS - 15 - 33
HS - 15,37,2,0.5,30%,High,HS,15,37 - High,0.375,0.125,HS - 15 - 37
HS - 15,43,0,-0.333333333,30%,High,HS,15,43 - High,-0.291666667,-0.041666667,HS - 15 - 43
HS - 15,48,0,0,30%,High,HS,15,48 - High,0.35,-0.35,HS - 15 - 48
HS - 16,1,1,0,70%,High,HS,16,1 - High,0,0,HS - 16 - 1
HS - 16,2,0,-1,70%,High,HS,16,2 - High,1,-2,HS - 16 - 2
HS - 16,3,1,1,70%,High,HS,16,3 - High,-0.25,1.25,HS - 16 - 3
HS - 16,5,0,-0.5,70%,High,HS,16,5 - High,-0.1875,-0.3125,HS - 16 - 5
HS - 16,7,0,0,70%,High,HS,16,7 - High,-0.75,0.75,HS - 16 - 7
HS - 16,9,0,0,70%,High,HS,16,9 - High,0.6875,-0.6875,HS - 16 - 9
HS - 16,11,0,0,70%,High,HS,16,11 - High,0.125,-0.125,HS - 16 - 11
HS - 16,13,1,0.5,70%,High,HS,16,13 - High,0,0.5,HS - 16 - 13
HS - 16,18,7,1.2,70%,High,HS,16,18 - High,1.39E-17,1.2,HS - 16 - 18
HS - 16,23,5,-0.4,70%,High,HS,16,23 - High,0.275,-0.675,HS - 16 - 23
HS - 16,26,0,-1.666666667,70%,High,HS,16,26 - High,-0.708333333,-0.958333334,HS - 16 - 26
HS - 16,30,7,1.75,70%,High,HS,16,30 - High,0.375,1.375,HS - 16 - 30
HS - 16,33,1,-2,70%,High,HS,16,33 - High,-0.291666667,-1.708333333,HS - 16 - 33
HS - 16,37,0,-0.25,70%,High,HS,16,37 - High,0.375,-0.625,HS - 16 - 37
HS - 16,43,4,0.666666667,70%,High,HS,16,43 - High,-0.291666667,0.958333334,HS - 16 - 43
HS - 16,48,2,-0.4,70%,High,HS,16,48 - High,0.35,-0.75,HS - 16 - 48
HS - 17,1,0,0,0%,High,HS,17,1 - High,0,0,HS - 17 - 1
HS - 17,2,3,3,0%,High,HS,17,2 - High,1,2,HS - 17 - 2
HS - 17,3,1,-2,0%,High,HS,17,3 - High,-0.25,-1.75,HS - 17 - 3
HS - 17,5,0,-0.5,0%,High,HS,17,5 - High,-0.1875,-0.3125,HS - 17 - 5
HS - 17,7,0,0,0%,High,HS,17,7 - High,-0.75,0.75,HS - 17 - 7
HS - 17,9,1,0.5,0%,High,HS,17,9 - High,0.6875,-0.1875,HS - 17 - 9
HS - 17,11,5,2,0%,High,HS,17,11 - High,0.125,1.875,HS - 17 - 11
HS - 17,13,3,-1,0%,High,HS,17,13 - High,0,-1,HS - 17 - 13
HS - 17,18,1,-0.4,0%,High,HS,17,18 - High,1.39E-17,-0.4,HS - 17 - 18
HS - 17,23,13,2.4,0%,High,HS,17,23 - High,0.275,2.125,HS - 17 - 23
HS - 17,26,7,-2,0%,High,HS,17,26 - High,-0.708333333,-1.291666667,HS - 17 - 26
HS - 17,30,1,-1.5,0%,High,HS,17,30 - High,0.375,-1.875,HS - 17 - 30
HS - 17,33,0,-0.333333333,0%,High,HS,17,33 - High,-0.291666667,-0.041666666,HS - 17 - 33
HS - 17,37,10,2.5,0%,High,HS,17,37 - High,0.375,2.125,HS - 17 - 37
HS - 17,43,1,-1.5,0%,High,HS,17,43 - High,-0.291666667,-1.208333334,HS - 17 - 43
HS - 17,48,3,0.4,0%,High,HS,17,48 - High,0.35,0.05,HS - 17 - 48
HS - 18,1,1,0,100%,High,HS,18,1 - High,0,0,HS - 18 - 1
HS - 18,2,4,3,100%,High,HS,18,2 - High,1,2,HS - 18 - 2
HS - 18,3,0,-4,100%,High,HS,18,3 - High,-0.25,-3.75,HS - 18 - 3
HS - 18,5,6,3,100%,High,HS,18,5 - High,-0.1875,3.1875,HS - 18 - 5
HS - 18,7,6,0,100%,High,HS,18,7 - High,-0.75,0.75,HS - 18 - 7
HS - 18,9,2,-2,100%,High,HS,18,9 - High,0.6875,-2.6875,HS - 18 - 9
HS - 18,11,5,1.5,100%,High,HS,18,11 - High,0.125,1.375,HS - 18 - 11
HS - 18,13,4,-0.5,100%,High,HS,18,13 - High,0,-0.5,HS - 18 - 13
HS - 18,18,2,-0.4,100%,High,HS,18,18 - High,1.39E-17,-0.4,HS - 18 - 18
HS - 18,23,3,0.2,100%,High,HS,18,23 - High,0.275,-0.075,HS - 18 - 23
HS - 18,26,1,-0.666666667,100%,High,HS,18,26 - High,-0.708333333,0.041666666,HS - 18 - 26
HS - 18,30,3,0.5,100%,High,HS,18,30 - High,0.375,0.125,HS - 18 - 30
HS - 18,33,0,-1,100%,High,HS,18,33 - High,-0.291666667,-0.708333333,HS - 18 - 33
HS - 18,37,4,1,100%,High,HS,18,37 - High,0.375,0.625,HS - 18 - 37
HS - 18,43,0,-0.666666667,100%,High,HS,18,43 - High,-0.291666667,-0.375000001,HS - 18 - 43
HS - 18,48,0,0,100%,High,HS,18,48 - High,0.35,-0.35,HS - 18 - 48
HS - 19,1,4,0,100%,High,HS,19,1 - High,0,0,HS - 19 - 1
HS - 19,2,4,0,100%,High,HS,19,2 - High,1,-1,HS - 19 - 2
HS - 19,3,3,-1,100%,High,HS,19,3 - High,-0.25,-0.75,HS - 19 - 3
HS - 19,5,5,1,100%,High,HS,19,5 - High,-0.1875,1.1875,HS - 19 - 5
HS - 19,7,5,0,100%,High,HS,19,7 - High,-0.75,0.75,HS - 19 - 7
HS - 19,9,0,-2.5,100%,High,HS,19,9 - High,0.6875,-3.1875,HS - 19 - 9
HS - 19,11,4,2,100%,High,HS,19,11 - High,0.125,1.875,HS - 19 - 11
HS - 19,13,8,2,100%,High,HS,19,13 - High,0,2,HS - 19 - 13
HS - 19,18,4,-0.8,100%,High,HS,19,18 - High,1.39E-17,-0.8,HS - 19 - 18
HS - 19,23,12,1.6,100%,High,HS,19,23 - High,0.275,1.325,HS - 19 - 23
HS - 19,26,13,0.333333333,100%,High,HS,19,26 - High,-0.708333333,1.041666666,HS - 19 - 26
HS - 19,30,1,-3,100%,High,HS,19,30 - High,0.375,-3.375,HS - 19 - 30
HS - 19,33,4,1,100%,High,HS,19,33 - High,-0.291666667,1.291666667,HS - 19 - 33
HS - 19,37,3,-0.25,100%,High,HS,19,37 - High,0.375,-0.625,HS - 19 - 37
HS - 19,43,3,0,100%,High,HS,19,43 - High,-0.291666667,0.291666667,HS - 19 - 43
HS - 19,48,4,0.2,100%,High,HS,19,48 - High,0.35,-0.15,HS - 19 - 48
HS - 20,1,3,0,0%,High,HS,20,1 - High,0,0,HS - 20 - 1
HS - 20,2,7,4,0%,High,HS,20,2 - High,1,3,HS - 20 - 2
HS - 20,3,2,-5,0%,High,HS,20,3 - High,-0.25,-4.75,HS - 20 - 3
HS - 20,5,5,1.5,0%,High,HS,20,5 - High,-0.1875,1.6875,HS - 20 - 5
HS - 20,7,0,-2.5,0%,High,HS,20,7 - High,-0.75,-1.75,HS - 20 - 7
HS - 20,9,0,0,0%,High,HS,20,9 - High,0.6875,-0.6875,HS - 20 - 9
HS - 20,11,1,0.5,0%,High,HS,20,11 - High,0.125,0.375,HS - 20 - 11
HS - 20,13,1,0,0%,High,HS,20,13 - High,0,0,HS - 20 - 13
HS - 20,18,0,-0.2,0%,High,HS,20,18 - High,1.39E-17,-0.2,HS - 20 - 18
HS - 20,23,0,0,0%,High,HS,20,23 - High,0.275,-0.275,HS - 20 - 23
HS - 20,26,2,0.666666667,0%,High,HS,20,26 - High,-0.708333333,1.375,HS - 20 - 26
HS - 20,30,2,0,0%,High,HS,20,30 - High,0.375,-0.375,HS - 20 - 30
HS - 20,33,1,-0.333333333,0%,High,HS,20,33 - High,-0.291666667,-0.041666666,HS - 20 - 33
HS - 20,37,5,1,0%,High,HS,20,37 - High,0.375,0.625,HS - 20 - 37
HS - 20,43,2,-0.5,0%,High,HS,20,43 - High,-0.291666667,-0.208333334,HS - 20 - 43
HS - 20,48,2,0,0%,High,HS,20,48 - High,0.35,-0.35,HS - 20 - 48
HS - 21,1,1,0,30%,High,HS,21,1 - High,0,0,HS - 21 - 1
HS - 21,2,1,0,30%,High,HS,21,2 - High,1,-1,HS - 21 - 2
HS - 21,3,5,4,30%,High,HS,21,3 - High,-0.25,4.25,HS - 21 - 3
HS - 21,5,0,-2.5,30%,High,HS,21,5 - High,-0.1875,-2.3125,HS - 21 - 5
HS - 21,7,0,0,30%,High,HS,21,7 - High,-0.75,0.75,HS - 21 - 7
HS - 21,9,1,0.5,30%,High,HS,21,9 - High,0.6875,-0.1875,HS - 21 - 9
HS - 21,11,1,0,30%,High,HS,21,11 - High,0.125,-0.125,HS - 21 - 11
HS - 21,13,1,0,30%,High,HS,21,13 - High,0,0,HS - 21 - 13
HS - 21,18,1,0,30%,High,HS,21,18 - High,1.39E-17,-1.39E-17,HS - 21 - 18
HS - 21,23,2,0.2,30%,High,HS,21,23 - High,0.275,-0.075,HS - 21 - 23
HS - 21,26,2,0,30%,High,HS,21,26 - High,-0.708333333,0.708333333,HS - 21 - 26
HS - 21,30,1,-0.25,30%,High,HS,21,30 - High,0.375,-0.625,HS - 21 - 30
HS - 21,33,0,-0.333333333,30%,High,HS,21,33 - High,-0.291666667,-0.041666666,HS - 21 - 33
HS - 21,37,2,0.5,30%,High,HS,21,37 - High,0.375,0.125,HS - 21 - 37
HS - 21,43,0,-0.333333333,30%,High,HS,21,43 - High,-0.291666667,-0.041666667,HS - 21 - 43
HS - 21,48,2,0.4,30%,High,HS,21,48 - High,0.35,0.05,HS - 21 - 48
HS - 22,1,0,0,100%,High,HS,22,1 - High,0,0,HS - 22 - 1
HS - 22,2,0,0,100%,High,HS,22,2 - High,1,-1,HS - 22 - 2
HS - 22,3,0,0,100%,High,HS,22,3 - High,-0.25,0.25,HS - 22 - 3
HS - 22,5,1,0.5,100%,High,HS,22,5 - High,-0.1875,0.6875,HS - 22 - 5
HS - 22,7,0,-0.5,100%,High,HS,22,7 - High,-0.75,0.25,HS - 22 - 7
HS - 22,9,1,0.5,100%,High,HS,22,9 - High,0.6875,-0.1875,HS - 22 - 9
HS - 22,11,1,0,100%,High,HS,22,11 - High,0.125,-0.125,HS - 22 - 11
HS - 22,13,1,0,100%,High,HS,22,13 - High,0,0,HS - 22 - 13
HS - 22,18,0,-0.2,100%,High,HS,22,18 - High,1.39E-17,-0.2,HS - 22 - 18
HS - 22,23,3,0.6,100%,High,HS,22,23 - High,0.275,0.325,HS - 22 - 23
HS - 22,26,0,-1,100%,High,HS,22,26 - High,-0.708333333,-0.291666667,HS - 22 - 26
HS - 22,30,0,0,100%,High,HS,22,30 - High,0.375,-0.375,HS - 22 - 30
HS - 22,33,0,0,100%,High,HS,22,33 - High,-0.291666667,0.291666667,HS - 22 - 33
HS - 22,37,5,1.25,100%,High,HS,22,37 - High,0.375,0.875,HS - 22 - 37
HS - 22,43,0,-0.833333333,100%,High,HS,22,43 - High,-0.291666667,-0.541666667,HS - 22 - 43
HS - 22,48,3,0.6,100%,High,HS,22,48 - High,0.35,0.25,HS - 22 - 48
HS - 23,1,0,0,70%,High,HS,23,1 - High,0,0,HS - 23 - 1
HS - 23,2,0,0,70%,High,HS,23,2 - High,1,-1,HS - 23 - 2
HS - 23,3,0,0,70%,High,HS,23,3 - High,-0.25,0.25,HS - 23 - 3
HS - 23,5,2,1,70%,High,HS,23,5 - High,-0.1875,1.1875,HS - 23 - 5
HS - 23,7,2,0,70%,High,HS,23,7 - High,-0.75,0.75,HS - 23 - 7
HS - 23,9,0,-1,70%,High,HS,23,9 - High,0.6875,-1.6875,HS - 23 - 9
HS - 23,11,0,0,70%,High,HS,23,11 - High,0.125,-0.125,HS - 23 - 11
HS - 23,13,0,0,70%,High,HS,23,13 - High,0,0,HS - 23 - 13
HS - 23,18,4,0.8,70%,High,HS,23,18 - High,1.39E-17,0.8,HS - 23 - 18
HS - 23,23,3,-0.2,70%,High,HS,23,23 - High,0.275,-0.475,HS - 23 - 23
HS - 23,26,4,0.333333333,70%,High,HS,23,26 - High,-0.708333333,1.041666666,HS - 23 - 26
HS - 23,30,1,-0.75,70%,High,HS,23,30 - High,0.375,-1.125,HS - 23 - 30
HS - 23,33,4,1,70%,High,HS,23,33 - High,-0.291666667,1.291666667,HS - 23 - 33
HS - 23,37,6,0.5,70%,High,HS,23,37 - High,0.375,0.125,HS - 23 - 37
HS - 23,43,3,-0.5,70%,High,HS,23,43 - High,-0.291666667,-0.208333334,HS - 23 - 43
HS - 23,48,6,0.6,70%,High,HS,23,48 - High,0.35,0.25,HS - 23 - 48
HS - 3,1,0,0,50%,High,HS,3,1 - High,0,0,HS - 3 - 1
HS - 3,2,1,1,50%,High,HS,3,2 - High,1,0,HS - 3 - 2
HS - 3,3,2,1,50%,High,HS,3,3 - High,-0.25,1.25,HS - 3 - 3
HS - 3,5,3,0.5,50%,High,HS,3,5 - High,-0.1875,0.6875,HS - 3 - 5
HS - 3,7,3,0,50%,High,HS,3,7 - High,-0.75,0.75,HS - 3 - 7
HS - 3,9,0,-1.5,50%,High,HS,3,9 - High,0.6875,-2.1875,HS - 3 - 9
HS - 3,11,1,0.5,50%,High,HS,3,11 - High,0.125,0.375,HS - 3 - 11
HS - 3,13,6,2.5,50%,High,HS,3,13 - High,0,2.5,HS - 3 - 13
HS - 3,18,2,-0.8,50%,High,HS,3,18 - High,1.39E-17,-0.8,HS - 3 - 18
HS - 3,23,0,-0.4,50%,High,HS,3,23 - High,0.275,-0.675,HS - 3 - 23
HS - 3,26,2,0.666666667,50%,High,HS,3,26 - High,-0.708333333,1.375,HS - 3 - 26
HS - 3,30,1,-0.25,50%,High,HS,3,30 - High,0.375,-0.625,HS - 3 - 30
HS - 3,33,1,0,50%,High,HS,3,33 - High,-0.291666667,0.291666667,HS - 3 - 33
HS - 3,37,2,0.25,50%,High,HS,3,37 - High,0.375,-0.125,HS - 3 - 37
HS - 3,43,3,0.166666667,50%,High,HS,3,43 - High,-0.291666667,0.458333334,HS - 3 - 43
HS - 3,48,6,0.6,50%,High,HS,3,48 - High,0.35,0.25,HS - 3 - 48
HS - 4,1,1,0,70%,High,HS,4,1 - High,0,0,HS - 4 - 1
HS - 4,2,0,-1,70%,High,HS,4,2 - High,1,-2,HS - 4 - 2
HS - 4,3,0,0,70%,High,HS,4,3 - High,-0.25,0.25,HS - 4 - 3
HS - 4,5,3,1.5,70%,High,HS,4,5 - High,-0.1875,1.6875,HS - 4 - 5
HS - 4,7,3,0,70%,High,HS,4,7 - High,-0.75,0.75,HS - 4 - 7
HS - 4,9,1,-1,70%,High,HS,4,9 - High,0.6875,-1.6875,HS - 4 - 9
HS - 4,11,0,-0.5,70%,High,HS,4,11 - High,0.125,-0.625,HS - 4 - 11
HS - 4,13,0,0,70%,High,HS,4,13 - High,0,0,HS - 4 - 13
HS - 4,18,0,0,70%,High,HS,4,18 - High,1.39E-17,-1.39E-17,HS - 4 - 18
HS - 4,23,1,0.2,70%,High,HS,4,23 - High,0.275,-0.075,HS - 4 - 23
HS - 4,26,0,-0.333333333,70%,High,HS,4,26 - High,-0.708333333,0.375,HS - 4 - 26
HS - 4,30,1,0.25,70%,High,HS,4,30 - High,0.375,-0.125,HS - 4 - 30
HS - 4,33,1,0,70%,High,HS,4,33 - High,-0.291666667,0.291666667,HS - 4 - 33
HS - 4,37,1,0,70%,High,HS,4,37 - High,0.375,-0.375,HS - 4 - 37
HS - 4,43,1,0,70%,High,HS,4,43 - High,-0.291666667,0.291666667,HS - 4 - 43
HS - 4,48,0,-0.2,70%,High,HS,4,48 - High,0.35,-0.55,HS - 4 - 48
HS - 6,1,0,0,50%,High,HS,6,1 - High,0,0,HS - 6 - 1
HS - 6,2,1,1,50%,High,HS,6,2 - High,1,0,HS - 6 - 2
HS - 6,3,10,9,50%,High,HS,6,3 - High,-0.25,9.25,HS - 6 - 3
HS - 6,5,0,-5,50%,High,HS,6,5 - High,-0.1875,-4.8125,HS - 6 - 5
HS - 6,7,1,0.5,50%,High,HS,6,7 - High,-0.75,1.25,HS - 6 - 7
HS - 6,9,0,-0.5,50%,High,HS,6,9 - High,0.6875,-1.1875,HS - 6 - 9
HS - 6,11,0,0,50%,High,HS,6,11 - High,0.125,-0.125,HS - 6 - 11
HS - 6,13,5,2.5,50%,High,HS,6,13 - High,0,2.5,HS - 6 - 13
HS - 6,18,1,-0.8,50%,High,HS,6,18 - High,1.39E-17,-0.8,HS - 6 - 18
HS - 6,23,2,0.2,50%,High,HS,6,23 - High,0.275,-0.075,HS - 6 - 23
HS - 6,26,0,-0.666666667,50%,High,HS,6,26 - High,-0.708333333,0.041666666,HS - 6 - 26
HS - 6,30,1,0.25,50%,High,HS,6,30 - High,0.375,-0.125,HS - 6 - 30
HS - 6,33,3,0.666666667,50%,High,HS,6,33 - High,-0.291666667,0.958333334,HS - 6 - 33
HS - 6,37,1,-0.5,50%,High,HS,6,37 - High,0.375,-0.875,HS - 6 - 37
HS - 6,43,1,0,50%,High,HS,6,43 - High,-0.291666667,0.291666667,HS - 6 - 43
HS - 6,48,1,0,50%,High,HS,6,48 - High,0.35,-0.35,HS - 6 - 48
HS - 7,1,0,0,30%,High,HS,7,1 - High,0,0,HS - 7 - 1
HS - 7,2,0,0,30%,High,HS,7,2 - High,1,-1,HS - 7 - 2
HS - 7,3,0,0,30%,High,HS,7,3 - High,-0.25,0.25,HS - 7 - 3
HS - 7,5,0,0,30%,High,HS,7,5 - High,-0.1875,0.1875,HS - 7 - 5
HS - 7,7,0,0,30%,High,HS,7,7 - High,-0.75,0.75,HS - 7 - 7
HS - 7,9,0,0,30%,High,HS,7,9 - High,0.6875,-0.6875,HS - 7 - 9
HS - 7,11,0,0,30%,High,HS,7,11 - High,0.125,-0.125,HS - 7 - 11
HS - 7,13,1,0.5,30%,High,HS,7,13 - High,0,0.5,HS - 7 - 13
HS - 7,18,1,0,30%,High,HS,7,18 - High,1.39E-17,-1.39E-17,HS - 7 - 18
HS - 7,23,2,0.2,30%,High,HS,7,23 - High,0.275,-0.075,HS - 7 - 23
HS - 7,26,2,0,30%,High,HS,7,26 - High,-0.708333333,0.708333333,HS - 7 - 26
HS - 7,30,0,-0.5,30%,High,HS,7,30 - High,0.375,-0.875,HS - 7 - 30
HS - 7,33,0,0,30%,High,HS,7,33 - High,-0.291666667,0.291666667,HS - 7 - 33
HS - 7,37,4,1,30%,High,HS,7,37 - High,0.375,0.625,HS - 7 - 37
HS - 7,43,2,-0.333333333,30%,High,HS,7,43 - High,-0.291666667,-0.041666667,HS - 7 - 43
HS - 7,48,3,0.2,30%,High,HS,7,48 - High,0.35,-0.15,HS - 7 - 48
HS - 8,1,8,0,70%,High,HS,8,1 - High,0,0,HS - 8 - 1
HS - 8,2,0,-8,70%,High,HS,8,2 - High,1,-9,HS - 8 - 2
HS - 8,3,16,16,70%,High,HS,8,3 - High,-0.25,16.25,HS - 8 - 3
HS - 8,5,17,0.5,70%,High,HS,8,5 - High,-0.1875,0.6875,HS - 8 - 5
HS - 8,7,17,0,70%,High,HS,8,7 - High,-0.75,0.75,HS - 8 - 7
HS - 8,9,2,-7.5,70%,High,HS,8,9 - High,0.6875,-8.1875,HS - 8 - 9
HS - 8,11,0,-1,70%,High,HS,8,11 - High,0.125,-1.125,HS - 8 - 11
HS - 8,13,0,0,70%,High,HS,8,13 - High,0,0,HS - 8 - 13
HS - 8,18,3,0.6,70%,High,HS,8,18 - High,1.39E-17,0.6,HS - 8 - 18
HS - 8,23,6,0.6,70%,High,HS,8,23 - High,0.275,0.325,HS - 8 - 23
HS - 8,26,11,1.666666667,70%,High,HS,8,26 - High,-0.708333333,2.375,HS - 8 - 26
HS - 8,30,17,1.5,70%,High,HS,8,30 - High,0.375,1.125,HS - 8 - 30
HS - 8,33,2,-5,70%,High,HS,8,33 - High,-0.291666667,-4.708333333,HS - 8 - 33
HS - 8,37,5,0.75,70%,High,HS,8,37 - High,0.375,0.375,HS - 8 - 37
HS - 8,43,5,0,70%,High,HS,8,43 - High,-0.291666667,0.291666667,HS - 8 - 43
HS - 8,48,15,2,70%,High,HS,8,48 - High,0.35,1.65,HS - 8 - 48
HS - 9,1,0,0,30%,High,HS,9,1 - High,0,0,HS - 9 - 1
HS - 9,2,3,3,30%,High,HS,9,2 - High,1,2,HS - 9 - 2
HS - 9,3,2,-1,30%,High,HS,9,3 - High,-0.25,-0.75,HS - 9 - 3
HS - 9,5,15,6.5,30%,High,HS,9,5 - High,-0.1875,6.6875,HS - 9 - 5
HS - 9,7,15,0,30%,High,HS,9,7 - High,-0.75,0.75,HS - 9 - 7
HS - 9,9,5,-5,30%,High,HS,9,9 - High,0.6875,-5.6875,HS - 9 - 9
HS - 9,11,12,3.5,30%,High,HS,9,11 - High,0.125,3.375,HS - 9 - 11
HS - 9,13,2,-5,30%,High,HS,9,13 - High,0,-5,HS - 9 - 13
HS - 9,18,3,0.2,30%,High,HS,9,18 - High,1.39E-17,0.2,HS - 9 - 18
HS - 9,23,1,-0.4,30%,High,HS,9,23 - High,0.275,-0.675,HS - 9 - 23
HS - 9,26,11,3.333333333,30%,High,HS,9,26 - High,-0.708333333,4.041666666,HS - 9 - 26
HS - 9,30,10,-0.25,30%,High,HS,9,30 - High,0.375,-0.625,HS - 9 - 30
HS - 9,33,6,-1.333333333,30%,High,HS,9,33 - High,-0.291666667,-1.041666666,HS - 9 - 33
HS - 9,37,17,2.75,30%,High,HS,9,37 - High,0.375,2.375,HS - 9 - 37
HS - 9,43,5,-2,30%,High,HS,9,43 - High,-0.291666667,-1.708333334,HS - 9 - 43
HS - 9,48,5,0,30%,High,HS,9,48 - High,0.35,-0.35,HS - 9 - 48
LN - 1,1,0,0,70%,Low,LN,1,1 - Low,0,0,LN - 1 - 1
LN - 1,2,2,2,70%,Low,LN,1,2 - Low,0.375,1.625,LN - 1 - 2
LN - 1,3,4,2,70%,Low,LN,1,3 - Low,0.625,1.375,LN - 1 - 3
LN - 1,5,2,-1,70%,Low,LN,1,5 - Low,0.5,-1.5,LN - 1 - 5
LN - 1,7,2,0,70%,Low,LN,1,7 - Low,-1,1,LN - 1 - 7
LN - 1,9,1,-0.5,70%,Low,LN,1,9 - Low,0.4375,-0.9375,LN - 1 - 9
LN - 1,11,2,0.5,70%,Low,LN,1,11 - Low,-0.1875,0.6875,LN - 1 - 11
LN - 1,13,6,2,70%,Low,LN,1,13 - Low,0.9375,1.0625,LN - 1 - 13
LN - 1,18,3,-0.6,70%,Low,LN,1,18 - Low,-0.25,-0.35,LN - 1 - 18
LN - 1,23,1,-0.4,70%,Low,LN,1,23 - Low,0.025,-0.425,LN - 1 - 23
LN - 1,26,0,-0.333333333,70%,Low,LN,1,26 - Low,-0.083333333,-0.25,LN - 1 - 26
LN - 1,30,1,0.25,70%,Low,LN,1,30 - Low,0.21875,0.03125,LN - 1 - 30
LN - 1,33,3,0.666666667,70%,Low,LN,1,33 - Low,-0.5,1.166666667,LN - 1 - 33
LN - 1,37,1,-0.5,70%,Low,LN,1,37 - Low,0.34375,-0.84375,LN - 1 - 37
LN - 1,43,1,0,70%,Low,LN,1,43 - Low,-0.166666667,0.166666667,LN - 1 - 43
LN - 1,48,3,0.4,70%,Low,LN,1,48 - Low,0.1,0.3,LN - 1 - 48
LN - 11,1,0,0,100%,Low,LN,11,1 - Low,0,0,LN - 11 - 1
LN - 11,2,3,3,100%,Low,LN,11,2 - Low,0.375,2.625,LN - 11 - 2
LN - 11,3,1,-2,100%,Low,LN,11,3 - Low,0.625,-2.625,LN - 11 - 3
LN - 11,5,5,2,100%,Low,LN,11,5 - Low,0.5,1.5,LN - 11 - 5
LN - 11,7,0,-2.5,100%,Low,LN,11,7 - Low,-1,-1.5,LN - 11 - 7
LN - 11,9,2,1,100%,Low,LN,11,9 - Low,0.4375,0.5625,LN - 11 - 9
LN - 11,11,1,-0.5,100%,Low,LN,11,11 - Low,-0.1875,-0.3125,LN - 11 - 11
LN - 11,13,0,-0.5,100%,Low,LN,11,13 - Low,0.9375,-1.4375,LN - 11 - 13
LN - 11,18,0,0,100%,Low,LN,11,18 - Low,-0.25,0.25,LN - 11 - 18
LN - 11,23,0,0,100%,Low,LN,11,23 - Low,0.025,-0.025,LN - 11 - 23
LN - 11,26,1,0.333333333,100%,Low,LN,11,26 - Low,-0.083333333,0.416666666,LN - 11 - 26
LN - 11,30,1,0,100%,Low,LN,11,30 - Low,0.21875,-0.21875,LN - 11 - 30
LN - 11,33,1,0,100%,Low,LN,11,33 - Low,-0.5,0.5,LN - 11 - 33
LN - 11,37,3,0.5,100%,Low,LN,11,37 - Low,0.34375,0.15625,LN - 11 - 37
LN - 11,43,1,-0.333333333,100%,Low,LN,11,43 - Low,-0.166666667,-0.166666666,LN - 11 - 43
LN - 11,48,2,0.2,100%,Low,LN,11,48 - Low,0.1,0.1,LN - 11 - 48
LN - 12,1,0,0,50%,Low,LN,12,1 - Low,0,0,LN - 12 - 1
LN - 12,2,2,2,50%,Low,LN,12,2 - Low,0.375,1.625,LN - 12 - 2
LN - 12,3,1,-1,50%,Low,LN,12,3 - Low,0.625,-1.625,LN - 12 - 3
LN - 12,5,3,1,50%,Low,LN,12,5 - Low,0.5,0.5,LN - 12 - 5
LN - 12,7,4,0.5,50%,Low,LN,12,7 - Low,-1,1.5,LN - 12 - 7
LN - 12,9,1,-1.5,50%,Low,LN,12,9 - Low,0.4375,-1.9375,LN - 12 - 9
LN - 12,11,1,0,50%,Low,LN,12,11 - Low,-0.1875,0.1875,LN - 12 - 11
LN - 12,13,1,0,50%,Low,LN,12,13 - Low,0.9375,-0.9375,LN - 12 - 13
LN - 12,18,2,0.2,50%,Low,LN,12,18 - Low,-0.25,0.45,LN - 12 - 18
LN - 12,23,1,-0.2,50%,Low,LN,12,23 - Low,0.025,-0.225,LN - 12 - 23
LN - 12,26,1,0,50%,Low,LN,12,26 - Low,-0.083333333,0.083333333,LN - 12 - 26
LN - 12,30,2,0.25,50%,Low,LN,12,30 - Low,0.21875,0.03125,LN - 12 - 30
LN - 12,33,1,-0.333333333,50%,Low,LN,12,33 - Low,-0.5,0.166666667,LN - 12 - 33
LN - 12,37,0,-0.25,50%,Low,LN,12,37 - Low,0.34375,-0.59375,LN - 12 - 37
LN - 12,43,0,0,50%,Low,LN,12,43 - Low,-0.166666667,0.166666667,LN - 12 - 43
LN - 12,48,0,0,50%,Low,LN,12,48 - Low,0.1,-0.1,LN - 12 - 48
LN - 13,1,0,0,0%,Low,LN,13,1 - Low,0,0,LN - 13 - 1
LN - 13,2,2,2,0%,Low,LN,13,2 - Low,0.375,1.625,LN - 13 - 2
LN - 13,3,1,-1,0%,Low,LN,13,3 - Low,0.625,-1.625,LN - 13 - 3
LN - 13,5,1,0,0%,Low,LN,13,5 - Low,0.5,-0.5,LN - 13 - 5
LN - 13,7,0,-0.5,0%,Low,LN,13,7 - Low,-1,0.5,LN - 13 - 7
LN - 13,9,3,1.5,0%,Low,LN,13,9 - Low,0.4375,1.0625,LN - 13 - 9
LN - 13,11,0,-1.5,0%,Low,LN,13,11 - Low,-0.1875,-1.3125,LN - 13 - 11
LN - 13,13,3,1.5,0%,Low,LN,13,13 - Low,0.9375,0.5625,LN - 13 - 13
LN - 13,18,6,0.6,0%,Low,LN,13,18 - Low,-0.25,0.85,LN - 13 - 18
LN - 13,23,4,-0.4,0%,Low,LN,13,23 - Low,0.025,-0.425,LN - 13 - 23
LN - 13,26,0,-1.333333333,0%,Low,LN,13,26 - Low,-0.083333333,-1.25,LN - 13 - 26
LN - 13,30,1,0.25,0%,Low,LN,13,30 - Low,0.21875,0.03125,LN - 13 - 30
LN - 13,33,1,0,0%,Low,LN,13,33 - Low,-0.5,0.5,LN - 13 - 33
LN - 13,37,1,0,0%,Low,LN,13,37 - Low,0.34375,-0.34375,LN - 13 - 37
LN - 13,43,0,-0.166666667,0%,Low,LN,13,43 - Low,-0.166666667,-3.75E-10,LN - 13 - 43
LN - 13,48,0,0,0%,Low,LN,13,48 - Low,0.1,-0.1,LN - 13 - 48
LN - 14,1,2,0,0%,Low,LN,14,1 - Low,0,0,LN - 14 - 1
LN - 14,2,5,3,0%,Low,LN,14,2 - Low,0.375,2.625,LN - 14 - 2
LN - 14,3,2,-3,0%,Low,LN,14,3 - Low,0.625,-3.625,LN - 14 - 3
LN - 14,5,2,0,0%,Low,LN,14,5 - Low,0.5,-0.5,LN - 14 - 5
LN - 14,7,3,0.5,0%,Low,LN,14,7 - Low,-1,1.5,LN - 14 - 7
LN - 14,9,1,-1,0%,Low,LN,14,9 - Low,0.4375,-1.4375,LN - 14 - 9
LN - 14,11,5,2,0%,Low,LN,14,11 - Low,-0.1875,2.1875,LN - 14 - 11
LN - 14,13,5,0,0%,Low,LN,14,13 - Low,0.9375,-0.9375,LN - 14 - 13
LN - 14,18,5,0,0%,Low,LN,14,18 - Low,-0.25,0.25,LN - 14 - 18
LN - 14,23,19,2.8,0%,Low,LN,14,23 - Low,0.025,2.775,LN - 14 - 23
LN - 14,26,1,-6,0%,Low,LN,14,26 - Low,-0.083333333,-5.916666667,LN - 14 - 26
LN - 14,30,3,0.5,0%,Low,LN,14,30 - Low,0.21875,0.28125,LN - 14 - 30
LN - 14,33,4,0.333333333,0%,Low,LN,14,33 - Low,-0.5,0.833333333,LN - 14 - 33
LN - 14,37,0,-1,0%,Low,LN,14,37 - Low,0.34375,-1.34375,LN - 14 - 37
LN - 14,43,4,0.666666667,0%,Low,LN,14,43 - Low,-0.166666667,0.833333334,LN - 14 - 43
LN - 14,48,7,0.6,0%,Low,LN,14,48 - Low,0.1,0.5,LN - 14 - 48
LN - 16,1,11,0,0%,Low,LN,16,1 - Low,0,0,LN - 16 - 1
LN - 16,2,2,-9,0%,Low,LN,16,2 - Low,0.375,-9.375,LN - 16 - 2
LN - 16,3,1,-1,0%,Low,LN,16,3 - Low,0.625,-1.625,LN - 16 - 3
LN - 16,5,5,2,0%,Low,LN,16,5 - Low,0.5,1.5,LN - 16 - 5
LN - 16,7,0,-2.5,0%,Low,LN,16,7 - Low,-1,-1.5,LN - 16 - 7
LN - 16,9,2,1,0%,Low,LN,16,9 - Low,0.4375,0.5625,LN - 16 - 9
LN - 16,11,1,-0.5,0%,Low,LN,16,11 - Low,-0.1875,-0.3125,LN - 16 - 11
LN - 16,13,0,-0.5,0%,Low,LN,16,13 - Low,0.9375,-1.4375,LN - 16 - 13
LN - 16,18,1,0.2,0%,Low,LN,16,18 - Low,-0.25,0.45,LN - 16 - 18
LN - 16,23,2,0.2,0%,Low,LN,16,23 - Low,0.025,0.175,LN - 16 - 23
LN - 16,26,2,0,0%,Low,LN,16,26 - Low,-0.083333333,0.083333333,LN - 16 - 26
LN - 16,30,3,0.25,0%,Low,LN,16,30 - Low,0.21875,0.03125,LN - 16 - 30
LN - 16,33,1,-0.666666667,0%,Low,LN,16,33 - Low,-0.5,-0.166666667,LN - 16 - 33
LN - 16,37,3,0.5,0%,Low,LN,16,37 - Low,0.34375,0.15625,LN - 16 - 37
LN - 16,43,4,0.166666667,0%,Low,LN,16,43 - Low,-0.166666667,0.333333334,LN - 16 - 43
LN - 16,48,2,-0.4,0%,Low,LN,16,48 - Low,0.1,-0.5,LN - 16 - 48
LN - 17,1,2,0,70%,Low,LN,17,1 - Low,0,0,LN - 17 - 1
LN - 17,2,8,6,70%,Low,LN,17,2 - Low,0.375,5.625,LN - 17 - 2
LN - 17,3,1,-7,70%,Low,LN,17,3 - Low,0.625,-7.625,LN - 17 - 3
LN - 17,5,6,2.5,70%,Low,LN,17,5 - Low,0.5,2,LN - 17 - 5
LN - 17,7,8,1,70%,Low,LN,17,7 - Low,-1,2,LN - 17 - 7
LN - 17,9,0,-4,70%,Low,LN,17,9 - Low,0.4375,-4.4375,LN - 17 - 9
LN - 17,11,5,2.5,70%,Low,LN,17,11 - Low,-0.1875,2.6875,LN - 17 - 11
LN - 17,13,1,-2,70%,Low,LN,17,13 - Low,0.9375,-2.9375,LN - 17 - 13
LN - 17,18,2,0.2,70%,Low,LN,17,18 - Low,-0.25,0.45,LN - 17 - 18
LN - 17,23,2,0,70%,Low,LN,17,23 - Low,0.025,-0.025,LN - 17 - 23
LN - 17,26,1,-0.333333333,70%,Low,LN,17,26 - Low,-0.083333333,-0.25,LN - 17 - 26
LN - 17,30,1,0,70%,Low,LN,17,30 - Low,0.21875,-0.21875,LN - 17 - 30
LN - 17,33,0,-0.333333333,70%,Low,LN,17,33 - Low,-0.5,0.166666667,LN - 17 - 33
LN - 17,37,1,0.25,70%,Low,LN,17,37 - Low,0.34375,-0.09375,LN - 17 - 37
LN - 17,43,0,-0.166666667,70%,Low,LN,17,43 - Low,-0.166666667,-3.75E-10,LN - 17 - 43
LN - 17,48,3,0.6,70%,Low,LN,17,48 - Low,0.1,0.5,LN - 17 - 48
LN - 18,1,0,0,30%,Low,LN,18,1 - Low,0,0,LN - 18 - 1
LN - 18,2,1,1,30%,Low,LN,18,2 - Low,0.375,0.625,LN - 18 - 2
LN - 18,3,1,0,30%,Low,LN,18,3 - Low,0.625,-0.625,LN - 18 - 3
LN - 18,5,0,-0.5,30%,Low,LN,18,5 - Low,0.5,-1,LN - 18 - 5
LN - 18,7,1,0.5,30%,Low,LN,18,7 - Low,-1,1.5,LN - 18 - 7
LN - 18,9,0,-0.5,30%,Low,LN,18,9 - Low,0.4375,-0.9375,LN - 18 - 9
LN - 18,11,1,0.5,30%,Low,LN,18,11 - Low,-0.1875,0.6875,LN - 18 - 11
LN - 18,13,2,0.5,30%,Low,LN,18,13 - Low,0.9375,-0.4375,LN - 18 - 13
LN - 18,18,2,0,30%,Low,LN,18,18 - Low,-0.25,0.25,LN - 18 - 18
LN - 18,23,0,-0.4,30%,Low,LN,18,23 - Low,0.025,-0.425,LN - 18 - 23
LN - 18,26,2,0.666666667,30%,Low,LN,18,26 - Low,-0.083333333,0.75,LN - 18 - 26
LN - 18,30,2,0,30%,Low,LN,18,30 - Low,0.21875,-0.21875,LN - 18 - 30
LN - 18,33,3,0.333333333,30%,Low,LN,18,33 - Low,-0.5,0.833333333,LN - 18 - 33
LN - 18,37,2,-0.25,30%,Low,LN,18,37 - Low,0.34375,-0.59375,LN - 18 - 37
LN - 18,43,2,0,30%,Low,LN,18,43 - Low,-0.166666667,0.166666667,LN - 18 - 43
LN - 18,48,4,0.4,30%,Low,LN,18,48 - Low,0.1,0.3,LN - 18 - 48
LN - 2,1,0,0,30%,Low,LN,2,1 - Low,0,0,LN - 2 - 1
LN - 2,2,1,1,30%,Low,LN,2,2 - Low,0.375,0.625,LN - 2 - 2
LN - 2,3,1,0,30%,Low,LN,2,3 - Low,0.625,-0.625,LN - 2 - 3
LN - 2,5,3,1,30%,Low,LN,2,5 - Low,0.5,0.5,LN - 2 - 5
LN - 2,7,2,-0.5,30%,Low,LN,2,7 - Low,-1,0.5,LN - 2 - 7
LN - 2,9,0,-1,30%,Low,LN,2,9 - Low,0.4375,-1.4375,LN - 2 - 9
LN - 2,11,2,1,30%,Low,LN,2,11 - Low,-0.1875,1.1875,LN - 2 - 11
LN - 2,13,6,2,30%,Low,LN,2,13 - Low,0.9375,1.0625,LN - 2 - 13
LN - 2,18,2,-0.8,30%,Low,LN,2,18 - Low,-0.25,-0.55,LN - 2 - 18
LN - 2,23,8,1.2,30%,Low,LN,2,23 - Low,0.025,1.175,LN - 2 - 23
LN - 2,26,6,-0.666666667,30%,Low,LN,2,26 - Low,-0.083333333,-0.583333334,LN - 2 - 26
LN - 2,30,4,-0.5,30%,Low,LN,2,30 - Low,0.21875,-0.71875,LN - 2 - 30
LN - 2,33,4,0,30%,Low,LN,2,33 - Low,-0.5,0.5,LN - 2 - 33
LN - 2,37,1,-0.75,30%,Low,LN,2,37 - Low,0.34375,-1.09375,LN - 2 - 37
LN - 2,43,4,0.5,30%,Low,LN,2,43 - Low,-0.166666667,0.666666667,LN - 2 - 43
LN - 2,48,1,-0.6,30%,Low,LN,2,48 - Low,0.1,-0.7,LN - 2 - 48
LN - 20,1,1,0,30%,Low,LN,20,1 - Low,0,0,LN - 20 - 1
LN - 20,2,0,-1,30%,Low,LN,20,2 - Low,0.375,-1.375,LN - 20 - 2
LN - 20,3,0,0,30%,Low,LN,20,3 - Low,0.625,-0.625,LN - 20 - 3
LN - 20,5,5,2.5,30%,Low,LN,20,5 - Low,0.5,2,LN - 20 - 5
LN - 20,7,0,-2.5,30%,Low,LN,20,7 - Low,-1,-1.5,LN - 20 - 7
LN - 20,9,3,1.5,30%,Low,LN,20,9 - Low,0.4375,1.0625,LN - 20 - 9
LN - 20,11,2,-0.5,30%,Low,LN,20,11 - Low,-0.1875,-0.3125,LN - 20 - 11
LN - 20,13,4,1,30%,Low,LN,20,13 - Low,0.9375,0.0625,LN - 20 - 13
LN - 20,18,5,0.2,30%,Low,LN,20,18 - Low,-0.25,0.45,LN - 20 - 18
LN - 20,23,6,0.2,30%,Low,LN,20,23 - Low,0.025,0.175,LN - 20 - 23
LN - 20,26,2,-1.333333333,30%,Low,LN,20,26 - Low,-0.083333333,-1.25,LN - 20 - 26
LN - 20,30,11,2.25,30%,Low,LN,20,30 - Low,0.21875,2.03125,LN - 20 - 30
LN - 20,33,4,-2.333333333,30%,Low,LN,20,33 - Low,-0.5,-1.833333333,LN - 20 - 33
LN - 20,37,7,0.75,30%,Low,LN,20,37 - Low,0.34375,0.40625,LN - 20 - 37
LN - 20,43,4,-0.5,30%,Low,LN,20,43 - Low,-0.166666667,-0.333333333,LN - 20 - 43
LN - 20,48,2,-0.4,30%,Low,LN,20,48 - Low,0.1,-0.5,LN - 20 - 48
LN - 21,1,1,0,100%,Low,LN,21,1 - Low,0,0,LN - 21 - 1
LN - 21,2,1,0,100%,Low,LN,21,2 - Low,0.375,-0.375,LN - 21 - 2
LN - 21,3,0,-1,100%,Low,LN,21,3 - Low,0.625,-1.625,LN - 21 - 3
LN - 21,5,0,0,100%,Low,LN,21,5 - Low,0.5,-0.5,LN - 21 - 5
LN - 21,7,0,0,100%,Low,LN,21,7 - Low,-1,1,LN - 21 - 7
LN - 21,9,5,2.5,100%,Low,LN,21,9 - Low,0.4375,2.0625,LN - 21 - 9
LN - 21,11,3,-1,100%,Low,LN,21,11 - Low,-0.1875,-0.8125,LN - 21 - 11
LN - 21,13,2,-0.5,100%,Low,LN,21,13 - Low,0.9375,-1.4375,LN - 21 - 13
LN - 21,18,1,-0.2,100%,Low,LN,21,18 - Low,-0.25,0.05,LN - 21 - 18
LN - 21,23,8,1.4,100%,Low,LN,21,23 - Low,0.025,1.375,LN - 21 - 23
LN - 21,26,4,-1.333333333,100%,Low,LN,21,26 - Low,-0.083333333,-1.25,LN - 21 - 26
LN - 21,30,3,-0.25,100%,Low,LN,21,30 - Low,0.21875,-0.46875,LN - 21 - 30
LN - 21,33,2,-0.333333333,100%,Low,LN,21,33 - Low,-0.5,0.166666667,LN - 21 - 33
LN - 21,37,5,0.75,100%,Low,LN,21,37 - Low,0.34375,0.40625,LN - 21 - 37
LN - 21,43,0,-0.833333333,100%,Low,LN,21,43 - Low,-0.166666667,-0.666666666,LN - 21 - 43
LN - 21,48,4,0.8,100%,Low,LN,21,48 - Low,0.1,0.7,LN - 21 - 48
LN - 22,1,3,0,70%,Low,LN,22,1 - Low,0,0,LN - 22 - 1
LN - 22,2,1,-2,70%,Low,LN,22,2 - Low,0.375,-2.375,LN - 22 - 2
LN - 22,3,1,0,70%,Low,LN,22,3 - Low,0.625,-0.625,LN - 22 - 3
LN - 22,5,3,1,70%,Low,LN,22,5 - Low,0.5,0.5,LN - 22 - 5
LN - 22,7,1,-1,70%,Low,LN,22,7 - Low,-1,0,LN - 22 - 7
LN - 22,9,2,0.5,70%,Low,LN,22,9 - Low,0.4375,0.0625,LN - 22 - 9
LN - 22,11,7,2.5,70%,Low,LN,22,11 - Low,-0.1875,2.6875,LN - 22 - 11
LN - 22,13,1,-3,70%,Low,LN,22,13 - Low,0.9375,-3.9375,LN - 22 - 13
LN - 22,18,0,-0.2,70%,Low,LN,22,18 - Low,-0.25,0.05,LN - 22 - 18
LN - 22,23,1,0.2,70%,Low,LN,22,23 - Low,0.025,0.175,LN - 22 - 23
LN - 22,26,4,1,70%,Low,LN,22,26 - Low,-0.083333333,1.083333333,LN - 22 - 26
LN - 22,30,1,-0.75,70%,Low,LN,22,30 - Low,0.21875,-0.96875,LN - 22 - 30
LN - 22,33,0,-0.333333333,70%,Low,LN,22,33 - Low,-0.5,0.166666667,LN - 22 - 33
LN - 22,37,0,0,70%,Low,LN,22,37 - Low,0.34375,-0.34375,LN - 22 - 37
LN - 22,43,0,0,70%,Low,LN,22,43 - Low,-0.166666667,0.166666667,LN - 22 - 43
LN - 22,48,1,0.2,70%,Low,LN,22,48 - Low,0.1,0.1,LN - 22 - 48
LN - 23,1,0,0,50%,Low,LN,23,1 - Low,0,0,LN - 23 - 1
LN - 23,2,4,4,50%,Low,LN,23,2 - Low,0.375,3.625,LN - 23 - 2
LN - 23,3,0,-4,50%,Low,LN,23,3 - Low,0.625,-4.625,LN - 23 - 3
LN - 23,5,1,0.5,50%,Low,LN,23,5 - Low,0.5,0,LN - 23 - 5
LN - 23,7,0,-0.5,50%,Low,LN,23,7 - Low,-1,0.5,LN - 23 - 7
LN - 23,9,3,1.5,50%,Low,LN,23,9 - Low,0.4375,1.0625,LN - 23 - 9
LN - 23,11,0,-1.5,50%,Low,LN,23,11 - Low,-0.1875,-1.3125,LN - 23 - 11
LN - 23,13,3,1.5,50%,Low,LN,23,13 - Low,0.9375,0.5625,LN - 23 - 13
LN - 23,18,1,-0.4,50%,Low,LN,23,18 - Low,-0.25,-0.15,LN - 23 - 18
LN - 23,23,1,0,50%,Low,LN,23,23 - Low,0.025,-0.025,LN - 23 - 23
LN - 23,26,4,1,50%,Low,LN,23,26 - Low,-0.083333333,1.083333333,LN - 23 - 26
LN - 23,30,5,0.25,50%,Low,LN,23,30 - Low,0.21875,0.03125,LN - 23 - 30
LN - 23,33,2,-1,50%,Low,LN,23,33 - Low,-0.5,-0.5,LN - 23 - 33
LN - 23,37,3,0.25,50%,Low,LN,23,37 - Low,0.34375,-0.09375,LN - 23 - 37
LN - 23,43,1,-0.333333333,50%,Low,LN,23,43 - Low,-0.166666667,-0.166666666,LN - 23 - 43
LN - 23,48,4,0.6,50%,Low,LN,23,48 - Low,0.1,0.5,LN - 23 - 48
LN - 24,1,1,0,30%,Low,LN,24,1 - Low,0,0,LN - 24 - 1
LN - 24,2,1,0,30%,Low,LN,24,2 - Low,0.375,-0.375,LN - 24 - 2
LN - 24,3,0,-1,30%,Low,LN,24,3 - Low,0.625,-1.625,LN - 24 - 3
LN - 24,5,0,0,30%,Low,LN,24,5 - Low,0.5,-0.5,LN - 24 - 5
LN - 24,7,1,0.5,30%,Low,LN,24,7 - Low,-1,1.5,LN - 24 - 7
LN - 24,9,1,0,30%,Low,LN,24,9 - Low,0.4375,-0.4375,LN - 24 - 9
LN - 24,11,3,1,30%,Low,LN,24,11 - Low,-0.1875,1.1875,LN - 24 - 11
LN - 24,13,2,-0.5,30%,Low,LN,24,13 - Low,0.9375,-1.4375,LN - 24 - 13
LN - 24,18,0,-0.4,30%,Low,LN,24,18 - Low,-0.25,-0.15,LN - 24 - 18
LN - 24,23,3,0.6,30%,Low,LN,24,23 - Low,0.025,0.575,LN - 24 - 23
LN - 24,26,2,-0.333333333,30%,Low,LN,24,26 - Low,-0.083333333,-0.25,LN - 24 - 26
LN - 24,30,1,-0.25,30%,Low,LN,24,30 - Low,0.21875,-0.46875,LN - 24 - 30
LN - 24,33,0,-0.333333333,30%,Low,LN,24,33 - Low,-0.5,0.166666667,LN - 24 - 33
LN - 24,37,0,0,30%,Low,LN,24,37 - Low,0.34375,-0.34375,LN - 24 - 37
LN - 24,43,0,0,30%,Low,LN,24,43 - Low,-0.166666667,0.166666667,LN - 24 - 43
LN - 24,48,0,0,30%,Low,LN,24,48 - Low,0.1,-0.1,LN - 24 - 48
LN - 3,1,0,0,70%,Low,LN,3,1 - Low,0,0,LN - 3 - 1
LN - 3,2,5,5,70%,Low,LN,3,2 - Low,0.375,4.625,LN - 3 - 2
LN - 3,3,2,-3,70%,Low,LN,3,3 - Low,0.625,-3.625,LN - 3 - 3
LN - 3,5,3,0.5,70%,Low,LN,3,5 - Low,0.5,0,LN - 3 - 5
LN - 3,7,9,3,70%,Low,LN,3,7 - Low,-1,4,LN - 3 - 7
LN - 3,9,0,-4.5,70%,Low,LN,3,9 - Low,0.4375,-4.9375,LN - 3 - 9
LN - 3,11,3,1.5,70%,Low,LN,3,11 - Low,-0.1875,1.6875,LN - 3 - 11
LN - 3,13,4,0.5,70%,Low,LN,3,13 - Low,0.9375,-0.4375,LN - 3 - 13
LN - 3,18,3,-0.2,70%,Low,LN,3,18 - Low,-0.25,0.05,LN - 3 - 18
LN - 3,23,2,-0.2,70%,Low,LN,3,23 - Low,0.025,-0.225,LN - 3 - 23
LN - 3,26,6,1.333333333,70%,Low,LN,3,26 - Low,-0.083333333,1.416666666,LN - 3 - 26
LN - 3,30,3,-0.75,70%,Low,LN,3,30 - Low,0.21875,-0.96875,LN - 3 - 30
LN - 3,33,5,0.666666667,70%,Low,LN,3,33 - Low,-0.5,1.166666667,LN - 3 - 33
LN - 3,37,9,1,70%,Low,LN,3,37 - Low,0.34375,0.65625,LN - 3 - 37
LN - 3,43,4,-0.833333333,70%,Low,LN,3,43 - Low,-0.166666667,-0.666666666,LN - 3 - 43
LN - 3,48,7,0.6,70%,Low,LN,3,48 - Low,0.1,0.5,LN - 3 - 48
LN - 4,1,0,0,100%,Low,LN,4,1 - Low,0,0,LN - 4 - 1
LN - 4,2,5,5,100%,Low,LN,4,2 - Low,0.375,4.625,LN - 4 - 2
LN - 4,3,0,-5,100%,Low,LN,4,3 - Low,0.625,-5.625,LN - 4 - 3
LN - 4,5,1,0.5,100%,Low,LN,4,5 - Low,0.5,0,LN - 4 - 5
LN - 4,7,2,0.5,100%,Low,LN,4,7 - Low,-1,1.5,LN - 4 - 7
LN - 4,9,1,-0.5,100%,Low,LN,4,9 - Low,0.4375,-0.9375,LN - 4 - 9
LN - 4,11,0,-0.5,100%,Low,LN,4,11 - Low,-0.1875,-0.3125,LN - 4 - 11
LN - 4,13,3,1.5,100%,Low,LN,4,13 - Low,0.9375,0.5625,LN - 4 - 13
LN - 4,18,0,-0.6,100%,Low,LN,4,18 - Low,-0.25,-0.35,LN - 4 - 18
LN - 4,23,6,1.2,100%,Low,LN,4,23 - Low,0.025,1.175,LN - 4 - 23
LN - 4,26,2,-1.333333333,100%,Low,LN,4,26 - Low,-0.083333333,-1.25,LN - 4 - 26
LN - 4,30,2,0,100%,Low,LN,4,30 - Low,0.21875,-0.21875,LN - 4 - 30
LN - 4,33,1,-0.333333333,100%,Low,LN,4,33 - Low,-0.5,0.166666667,LN - 4 - 33
LN - 4,37,0,-0.25,100%,Low,LN,4,37 - Low,0.34375,-0.59375,LN - 4 - 37
LN - 4,43,2,0.333333333,100%,Low,LN,4,43 - Low,-0.166666667,0.5,LN - 4 - 43
LN - 4,48,5,0.6,100%,Low,LN,4,48 - Low,0.1,0.5,LN - 4 - 48
LN - 5,1,0,0,50%,Low,LN,5,1 - Low,0,0,LN - 5 - 1
LN - 5,2,0,0,50%,Low,LN,5,2 - Low,0.375,-0.375,LN - 5 - 2
LN - 5,3,1,1,50%,Low,LN,5,3 - Low,0.625,0.375,LN - 5 - 3
LN - 5,5,1,0,50%,Low,LN,5,5 - Low,0.5,-0.5,LN - 5 - 5
LN - 5,7,2,0.5,50%,Low,LN,5,7 - Low,-1,1.5,LN - 5 - 7
LN - 5,9,0,-1,50%,Low,LN,5,9 - Low,0.4375,-1.4375,LN - 5 - 9
LN - 5,11,0,0,50%,Low,LN,5,11 - Low,-0.1875,0.1875,LN - 5 - 11
LN - 5,13,1,0.5,50%,Low,LN,5,13 - Low,0.9375,-0.4375,LN - 5 - 13
LN - 5,18,1,0,50%,Low,LN,5,18 - Low,-0.25,0.25,LN - 5 - 18
LN - 5,23,0,-0.2,50%,Low,LN,5,23 - Low,0.025,-0.225,LN - 5 - 23
LN - 5,26,2,0.666666667,50%,Low,LN,5,26 - Low,-0.083333333,0.75,LN - 5 - 26
LN - 5,30,1,-0.25,50%,Low,LN,5,30 - Low,0.21875,-0.46875,LN - 5 - 30
LN - 5,33,5,1.333333333,50%,Low,LN,5,33 - Low,-0.5,1.833333333,LN - 5 - 33
LN - 5,37,0,-1.25,50%,Low,LN,5,37 - Low,0.34375,-1.59375,LN - 5 - 37
LN - 5,43,1,0.166666667,50%,Low,LN,5,43 - Low,-0.166666667,0.333333334,LN - 5 - 43
LN - 5,48,1,0,50%,Low,LN,5,48 - Low,0.1,-0.1,LN - 5 - 48
LN - 6,1,0,0,50%,Low,LN,6,1 - Low,0,0,LN - 6 - 1
LN - 6,2,1,1,50%,Low,LN,6,2 - Low,0.375,0.625,LN - 6 - 2
LN - 6,3,2,1,50%,Low,LN,6,3 - Low,0.625,0.375,LN - 6 - 3
LN - 6,5,2,0,50%,Low,LN,6,5 - Low,0.5,-0.5,LN - 6 - 5
LN - 6,7,2,0,50%,Low,LN,6,7 - Low,-1,1,LN - 6 - 7
LN - 6,9,1,-0.5,50%,Low,LN,6,9 - Low,0.4375,-0.9375,LN - 6 - 9
LN - 6,11,3,1,50%,Low,LN,6,11 - Low,-0.1875,1.1875,LN - 6 - 11
LN - 6,13,1,-1,50%,Low,LN,6,13 - Low,0.9375,-1.9375,LN - 6 - 13
LN - 6,18,4,0.6,50%,Low,LN,6,18 - Low,-0.25,0.85,LN - 6 - 18
LN - 6,23,3,-0.2,50%,Low,LN,6,23 - Low,0.025,-0.225,LN - 6 - 23
LN - 6,26,3,0,50%,Low,LN,6,26 - Low,-0.083333333,0.083333333,LN - 6 - 26
LN - 6,30,5,0.5,50%,Low,LN,6,30 - Low,0.21875,0.28125,LN - 6 - 30
LN - 6,33,1,-1.333333333,50%,Low,LN,6,33 - Low,-0.5,-0.833333333,LN - 6 - 33
LN - 6,37,9,2,50%,Low,LN,6,37 - Low,0.34375,1.65625,LN - 6 - 37
LN - 6,43,3,-1,50%,Low,LN,6,43 - Low,-0.166666667,-0.833333333,LN - 6 - 43
LN - 6,48,1,-0.4,50%,Low,LN,6,48 - Low,0.1,-0.5,LN - 6 - 48
LN - 7,1,0,0,0%,Low,LN,7,1 - Low,0,0,LN - 7 - 1
LN - 7,2,1,1,0%,Low,LN,7,2 - Low,0.375,0.625,LN - 7 - 2
LN - 7,3,1,0,0%,Low,LN,7,3 - Low,0.625,-0.625,LN - 7 - 3
LN - 7,5,3,1,0%,Low,LN,7,5 - Low,0.5,0.5,LN - 7 - 5
LN - 7,7,2,-0.5,0%,Low,LN,7,7 - Low,-1,0.5,LN - 7 - 7
LN - 7,9,3,0.5,0%,Low,LN,7,9 - Low,0.4375,0.0625,LN - 7 - 9
LN - 7,11,1,-1,0%,Low,LN,7,11 - Low,-0.1875,-0.8125,LN - 7 - 11
LN - 7,13,6,2.5,0%,Low,LN,7,13 - Low,0.9375,1.5625,LN - 7 - 13
LN - 7,18,1,-1,0%,Low,LN,7,18 - Low,-0.25,-0.75,LN - 7 - 18
LN - 7,23,0,-0.2,0%,Low,LN,7,23 - Low,0.025,-0.225,LN - 7 - 23
LN - 7,26,6,2,0%,Low,LN,7,26 - Low,-0.083333333,2.083333333,LN - 7 - 26
LN - 7,30,4,-0.5,0%,Low,LN,7,30 - Low,0.21875,-0.71875,LN - 7 - 30
LN - 7,33,8,1.333333333,0%,Low,LN,7,33 - Low,-0.5,1.833333333,LN - 7 - 33
LN - 7,37,7,-0.25,0%,Low,LN,7,37 - Low,0.34375,-0.59375,LN - 7 - 37
LN - 7,43,11,0.666666667,0%,Low,LN,7,43 - Low,-0.166666667,0.833333334,LN - 7 - 43
LN - 7,48,3,-1.6,0%,Low,LN,7,48 - Low,0.1,-1.7,LN - 7 - 48
LN - 9,1,3,0,100%,Low,LN,9,1 - Low,0,0,LN - 9 - 1
LN - 9,2,5,2,100%,Low,LN,9,2 - Low,0.375,1.625,LN - 9 - 2
LN - 9,3,8,3,100%,Low,LN,9,3 - Low,0.625,2.375,LN - 9 - 3
LN - 9,5,9,0.5,100%,Low,LN,9,5 - Low,0.5,0,LN - 9 - 5
LN - 9,7,4,-2.5,100%,Low,LN,9,7 - Low,-1,-1.5,LN - 9 - 7
LN - 9,9,5,0.5,100%,Low,LN,9,9 - Low,0.4375,0.0625,LN - 9 - 9
LN - 9,11,4,-0.5,100%,Low,LN,9,11 - Low,-0.1875,-0.3125,LN - 9 - 11
LN - 9,13,17,6.5,100%,Low,LN,9,13 - Low,0.9375,5.5625,LN - 9 - 13
LN - 9,18,6,-2.2,100%,Low,LN,9,18 - Low,-0.25,-1.95,LN - 9 - 18
LN - 9,23,5,-0.2,100%,Low,LN,9,23 - Low,0.025,-0.225,LN - 9 - 23
LN - 9,26,4,-0.333333333,100%,Low,LN,9,26 - Low,-0.083333333,-0.25,LN - 9 - 26
LN - 9,30,3,-0.25,100%,Low,LN,9,30 - Low,0.21875,-0.46875,LN - 9 - 30
LN - 9,33,1,-0.666666667,100%,Low,LN,9,33 - Low,-0.5,-0.166666667,LN - 9 - 33
LN - 9,37,1,0,100%,Low,LN,9,37 - Low,0.34375,-0.34375,LN - 9 - 37
LN - 9,43,3,0.333333333,100%,Low,LN,9,43 - Low,-0.166666667,0.5,LN - 9 - 43
LN - 9,48,3,0,100%,Low,LN,9,48 - Low,0.1,-0.1,LN - 9 - 48
LS - 1,1,0,0,100%,Low,LS,1,1 - Low,0,0,LS - 1 - 1
LS - 1,2,1,1,100%,Low,LS,1,2 - Low,0.375,0.625,LS - 1 - 2
LS - 1,3,0,-1,100%,Low,LS,1,3 - Low,0.625,-1.625,LS - 1 - 3
LS - 1,5,1,0.5,100%,Low,LS,1,5 - Low,0.5,0,LS - 1 - 5
LS - 1,7,9,4,100%,Low,LS,1,7 - Low,-1,5,LS - 1 - 7
LS - 1,9,1,-4,100%,Low,LS,1,9 - Low,0.4375,-4.4375,LS - 1 - 9
LS - 1,11,1,0,100%,Low,LS,1,11 - Low,-0.1875,0.1875,LS - 1 - 11
LS - 1,13,2,0.5,100%,Low,LS,1,13 - Low,0.9375,-0.4375,LS - 1 - 13
LS - 1,18,3,0.2,100%,Low,LS,1,18 - Low,-0.25,0.45,LS - 1 - 18
LS - 1,23,1,-0.4,100%,Low,LS,1,23 - Low,0.025,-0.425,LS - 1 - 23
LS - 1,26,1,0,100%,Low,LS,1,26 - Low,-0.083333333,0.083333333,LS - 1 - 26
LS - 1,30,2,0.25,100%,Low,LS,1,30 - Low,0.21875,0.03125,LS - 1 - 30
LS - 1,33,4,0.666666667,100%,Low,LS,1,33 - Low,-0.5,1.166666667,LS - 1 - 33
LS - 1,37,1,-0.75,100%,Low,LS,1,37 - Low,0.34375,-1.09375,LS - 1 - 37
LS - 1,43,2,0.166666667,100%,Low,LS,1,43 - Low,-0.166666667,0.333333334,LS - 1 - 43
LS - 1,48,2,0,100%,Low,LS,1,48 - Low,0.1,-0.1,LS - 1 - 48
LS - 10,1,1,0,70%,Low,LS,10,1 - Low,0,0,LS - 10 - 1
LS - 10,2,2,1,70%,Low,LS,10,2 - Low,0.375,0.625,LS - 10 - 2
LS - 10,3,0,-2,70%,Low,LS,10,3 - Low,0.625,-2.625,LS - 10 - 3
LS - 10,5,0,0,70%,Low,LS,10,5 - Low,0.5,-0.5,LS - 10 - 5
LS - 10,7,0,0,70%,Low,LS,10,7 - Low,-1,1,LS - 10 - 7
LS - 10,9,0,0,70%,Low,LS,10,9 - Low,0.4375,-0.4375,LS - 10 - 9
LS - 10,11,1,0.5,70%,Low,LS,10,11 - Low,-0.1875,0.6875,LS - 10 - 11
LS - 10,13,3,1,70%,Low,LS,10,13 - Low,0.9375,0.0625,LS - 10 - 13
LS - 10,18,3,0,70%,Low,LS,10,18 - Low,-0.25,0.25,LS - 10 - 18
LS - 10,23,3,0,70%,Low,LS,10,23 - Low,0.025,-0.025,LS - 10 - 23
LS - 10,26,2,-0.333333333,70%,Low,LS,10,26 - Low,-0.083333333,-0.25,LS - 10 - 26
LS - 10,30,2,0,70%,Low,LS,10,30 - Low,0.21875,-0.21875,LS - 10 - 30
LS - 10,33,2,0,70%,Low,LS,10,33 - Low,-0.5,0.5,LS - 10 - 33
LS - 10,37,4,0.5,70%,Low,LS,10,37 - Low,0.34375,0.15625,LS - 10 - 37
LS - 10,43,12,1.333333333,70%,Low,LS,10,43 - Low,-0.166666667,1.5,LS - 10 - 43
LS - 10,48,0,-2.4,70%,Low,LS,10,48 - Low,0.1,-2.5,LS - 10 - 48
LS - 11,1,0,0,30%,Low,LS,11,1 - Low,0,0,LS - 11 - 1
LS - 11,2,0,0,30%,Low,LS,11,2 - Low,0.375,-0.375,LS - 11 - 2
LS - 11,3,2,2,30%,Low,LS,11,3 - Low,0.625,1.375,LS - 11 - 3
LS - 11,5,2,0,30%,Low,LS,11,5 - Low,0.5,-0.5,LS - 11 - 5
LS - 11,7,1,-0.5,30%,Low,LS,11,7 - Low,-1,0.5,LS - 11 - 7
LS - 11,9,1,0,30%,Low,LS,11,9 - Low,0.4375,-0.4375,LS - 11 - 9
LS - 11,11,1,0,30%,Low,LS,11,11 - Low,-0.1875,0.1875,LS - 11 - 11
LS - 11,13,1,0,30%,Low,LS,11,13 - Low,0.9375,-0.9375,LS - 11 - 13
LS - 11,18,4,0.6,30%,Low,LS,11,18 - Low,-0.25,0.85,LS - 11 - 18
LS - 11,23,5,0.2,30%,Low,LS,11,23 - Low,0.025,0.175,LS - 11 - 23
LS - 11,26,7,0.666666667,30%,Low,LS,11,26 - Low,-0.083333333,0.75,LS - 11 - 26
LS - 11,30,1,-1.5,30%,Low,LS,11,30 - Low,0.21875,-1.71875,LS - 11 - 30
LS - 11,33,0,-0.333333333,30%,Low,LS,11,33 - Low,-0.5,0.166666667,LS - 11 - 33
LS - 11,37,6,1.5,30%,Low,LS,11,37 - Low,0.34375,1.15625,LS - 11 - 37
LS - 11,43,1,-0.833333333,30%,Low,LS,11,43 - Low,-0.166666667,-0.666666666,LS - 11 - 43
LS - 11,48,2,0.2,30%,Low,LS,11,48 - Low,0.1,0.1,LS - 11 - 48
LS - 13,1,5,0,70%,Low,LS,13,1 - Low,0,0,LS - 13 - 1
LS - 13,2,0,-5,70%,Low,LS,13,2 - Low,0.375,-5.375,LS - 13 - 2
LS - 13,3,5,5,70%,Low,LS,13,3 - Low,0.625,4.375,LS - 13 - 3
LS - 13,5,15,5,70%,Low,LS,13,5 - Low,0.5,4.5,LS - 13 - 5
LS - 13,7,12,-1.5,70%,Low,LS,13,7 - Low,-1,-0.5,LS - 13 - 7
LS - 13,9,8,-2,70%,Low,LS,13,9 - Low,0.4375,-2.4375,LS - 13 - 9
LS - 13,11,2,-3,70%,Low,LS,13,11 - Low,-0.1875,-2.8125,LS - 13 - 11
LS - 13,13,12,5,70%,Low,LS,13,13 - Low,0.9375,4.0625,LS - 13 - 13
LS - 13,18,5,-1.4,70%,Low,LS,13,18 - Low,-0.25,-1.15,LS - 13 - 18
LS - 13,23,8,0.6,70%,Low,LS,13,23 - Low,0.025,0.575,LS - 13 - 23
LS - 13,26,3,-1.666666667,70%,Low,LS,13,26 - Low,-0.083333333,-1.583333334,LS - 13 - 26
LS - 13,30,5,0.5,70%,Low,LS,13,30 - Low,0.21875,0.28125,LS - 13 - 30
LS - 13,33,3,-0.666666667,70%,Low,LS,13,33 - Low,-0.5,-0.166666667,LS - 13 - 33
LS - 13,37,3,0,70%,Low,LS,13,37 - Low,0.34375,-0.34375,LS - 13 - 37
LS - 13,43,15,2,70%,Low,LS,13,43 - Low,-0.166666667,2.166666667,LS - 13 - 43
LS - 13,48,16,0.2,70%,Low,LS,13,48 - Low,0.1,0.1,LS - 13 - 48
LS - 14,1,3,0,50%,Low,LS,14,1 - Low,0,0,LS - 14 - 1
LS - 14,2,0,-3,50%,Low,LS,14,2 - Low,0.375,-3.375,LS - 14 - 2
LS - 14,3,5,5,50%,Low,LS,14,3 - Low,0.625,4.375,LS - 14 - 3
LS - 14,5,12,3.5,50%,Low,LS,14,5 - Low,0.5,3,LS - 14 - 5
LS - 14,7,4,-4,50%,Low,LS,14,7 - Low,-1,-3,LS - 14 - 7
LS - 14,9,1,-1.5,50%,Low,LS,14,9 - Low,0.4375,-1.9375,LS - 14 - 9
LS - 14,11,15,7,50%,Low,LS,14,11 - Low,-0.1875,7.1875,LS - 14 - 11
LS - 14,13,2,-6.5,50%,Low,LS,14,13 - Low,0.9375,-7.4375,LS - 14 - 13
LS - 14,18,14,2.4,50%,Low,LS,14,18 - Low,-0.25,2.65,LS - 14 - 18
LS - 14,23,0,-2.8,50%,Low,LS,14,23 - Low,0.025,-2.825,LS - 14 - 23
LS - 14,26,3,1,50%,Low,LS,14,26 - Low,-0.083333333,1.083333333,LS - 14 - 26
LS - 14,30,13,2.5,50%,Low,LS,14,30 - Low,0.21875,2.28125,LS - 14 - 30
LS - 14,33,5,-2.666666667,50%,Low,LS,14,33 - Low,-0.5,-2.166666667,LS - 14 - 33
LS - 14,37,0,-1.25,50%,Low,LS,14,37 - Low,0.34375,-1.59375,LS - 14 - 37
LS - 14,43,6,1,50%,Low,LS,14,43 - Low,-0.166666667,1.166666667,LS - 14 - 43
LS - 14,48,6,0,50%,Low,LS,14,48 - Low,0.1,-0.1,LS - 14 - 48
LS - 15,1,0,0,0%,Low,LS,15,1 - Low,0,0,LS - 15 - 1
LS - 15,2,0,0,0%,Low,LS,15,2 - Low,0.375,-0.375,LS - 15 - 2
LS - 15,3,2,2,0%,Low,LS,15,3 - Low,0.625,1.375,LS - 15 - 3
LS - 15,5,2,0,0%,Low,LS,15,5 - Low,0.5,-0.5,LS - 15 - 5
LS - 15,7,0,-1,0%,Low,LS,15,7 - Low,-1,0,LS - 15 - 7
LS - 15,9,1,0.5,0%,Low,LS,15,9 - Low,0.4375,0.0625,LS - 15 - 9
LS - 15,11,2,0.5,0%,Low,LS,15,11 - Low,-0.1875,0.6875,LS - 15 - 11
LS - 15,13,5,1.5,0%,Low,LS,15,13 - Low,0.9375,0.5625,LS - 15 - 13
LS - 15,18,3,-0.4,0%,Low,LS,15,18 - Low,-0.25,-0.15,LS - 15 - 18
LS - 15,23,0,-0.6,0%,Low,LS,15,23 - Low,0.025,-0.625,LS - 15 - 23
LS - 15,26,4,1.333333333,0%,Low,LS,15,26 - Low,-0.083333333,1.416666666,LS - 15 - 26
LS - 15,30,1,-0.75,0%,Low,LS,15,30 - Low,0.21875,-0.96875,LS - 15 - 30
LS - 15,33,0,-0.333333333,0%,Low,LS,15,33 - Low,-0.5,0.166666667,LS - 15 - 33
LS - 15,37,1,0.25,0%,Low,LS,15,37 - Low,0.34375,-0.09375,LS - 15 - 37
LS - 15,43,3,0.333333333,0%,Low,LS,15,43 - Low,-0.166666667,0.5,LS - 15 - 43
LS - 15,48,1,-0.4,0%,Low,LS,15,48 - Low,0.1,-0.5,LS - 15 - 48
LS - 16,1,0,0,50%,Low,LS,16,1 - Low,0,0,LS - 16 - 1
LS - 16,2,0,0,50%,Low,LS,16,2 - Low,0.375,-0.375,LS - 16 - 2
LS - 16,3,4,4,50%,Low,LS,16,3 - Low,0.625,3.375,LS - 16 - 3
LS - 16,5,0,-2,50%,Low,LS,16,5 - Low,0.5,-2.5,LS - 16 - 5
LS - 16,7,2,1,50%,Low,LS,16,7 - Low,-1,2,LS - 16 - 7
LS - 16,9,2,0,50%,Low,LS,16,9 - Low,0.4375,-0.4375,LS - 16 - 9
LS - 16,11,3,0.5,50%,Low,LS,16,11 - Low,-0.1875,0.6875,LS - 16 - 11
LS - 16,13,0,-1.5,50%,Low,LS,16,13 - Low,0.9375,-2.4375,LS - 16 - 13
LS - 16,18,0,0,50%,Low,LS,16,18 - Low,-0.25,0.25,LS - 16 - 18
LS - 16,23,4,0.8,50%,Low,LS,16,23 - Low,0.025,0.775,LS - 16 - 23
LS - 16,26,1,-1,50%,Low,LS,16,26 - Low,-0.083333333,-0.916666667,LS - 16 - 26
LS - 16,30,2,0.25,50%,Low,LS,16,30 - Low,0.21875,0.03125,LS - 16 - 30
LS - 16,33,0,-0.666666667,50%,Low,LS,16,33 - Low,-0.5,-0.166666667,LS - 16 - 33
LS - 16,37,4,1,50%,Low,LS,16,37 - Low,0.34375,0.65625,LS - 16 - 37
LS - 16,43,1,-0.5,50%,Low,LS,16,43 - Low,-0.166666667,-0.333333333,LS - 16 - 43
LS - 16,48,0,-0.2,50%,Low,LS,16,48 - Low,0.1,-0.3,LS - 16 - 48
LS - 17,1,3,0,70%,Low,LS,17,1 - Low,0,0,LS - 17 - 1
LS - 17,2,1,-2,70%,Low,LS,17,2 - Low,0.375,-2.375,LS - 17 - 2
LS - 17,3,5,4,70%,Low,LS,17,3 - Low,0.625,3.375,LS - 17 - 3
LS - 17,5,2,-1.5,70%,Low,LS,17,5 - Low,0.5,-2,LS - 17 - 5
LS - 17,7,0,-1,70%,Low,LS,17,7 - Low,-1,0,LS - 17 - 7
LS - 17,9,12,6,70%,Low,LS,17,9 - Low,0.4375,5.5625,LS - 17 - 9
LS - 17,11,2,-5,70%,Low,LS,17,11 - Low,-0.1875,-4.8125,LS - 17 - 11
LS - 17,13,4,1,70%,Low,LS,17,13 - Low,0.9375,0.0625,LS - 17 - 13
LS - 17,18,1,-0.6,70%,Low,LS,17,18 - Low,-0.25,-0.35,LS - 17 - 18
LS - 17,23,13,2.4,70%,Low,LS,17,23 - Low,0.025,2.375,LS - 17 - 23
LS - 17,26,0,-4.333333333,70%,Low,LS,17,26 - Low,-0.083333333,-4.25,LS - 17 - 26
LS - 17,30,2,0.5,70%,Low,LS,17,30 - Low,0.21875,0.28125,LS - 17 - 30
LS - 17,33,3,0.333333333,70%,Low,LS,17,33 - Low,-0.5,0.833333333,LS - 17 - 33
LS - 17,37,2,-0.25,70%,Low,LS,17,37 - Low,0.34375,-0.59375,LS - 17 - 37
LS - 17,43,4,0.333333333,70%,Low,LS,17,43 - Low,-0.166666667,0.5,LS - 17 - 43
LS - 17,48,7,0.6,70%,Low,LS,17,48 - Low,0.1,0.5,LS - 17 - 48
LS - 18,1,3,0,100%,Low,LS,18,1 - Low,0,0,LS - 18 - 1
LS - 18,2,1,-2,100%,Low,LS,18,2 - Low,0.375,-2.375,LS - 18 - 2
LS - 18,3,0,-1,100%,Low,LS,18,3 - Low,0.625,-1.625,LS - 18 - 3
LS - 18,5,0,0,100%,Low,LS,18,5 - Low,0.5,-0.5,LS - 18 - 5
LS - 18,7,0,0,100%,Low,LS,18,7 - Low,-1,1,LS - 18 - 7
LS - 18,9,3,1.5,100%,Low,LS,18,9 - Low,0.4375,1.0625,LS - 18 - 9
LS - 18,11,2,-0.5,100%,Low,LS,18,11 - Low,-0.1875,-0.3125,LS - 18 - 11
LS - 18,13,6,2,100%,Low,LS,18,13 - Low,0.9375,1.0625,LS - 18 - 13
LS - 18,18,1,-1,100%,Low,LS,18,18 - Low,-0.25,-0.75,LS - 18 - 18
LS - 18,23,1,0,100%,Low,LS,18,23 - Low,0.025,-0.025,LS - 18 - 23
LS - 18,26,8,2.333333333,100%,Low,LS,18,26 - Low,-0.083333333,2.416666666,LS - 18 - 26
LS - 18,30,1,-1.75,100%,Low,LS,18,30 - Low,0.21875,-1.96875,LS - 18 - 30
LS - 18,33,2,0.333333333,100%,Low,LS,18,33 - Low,-0.5,0.833333333,LS - 18 - 33
LS - 18,37,3,0.25,100%,Low,LS,18,37 - Low,0.34375,-0.09375,LS - 18 - 37
LS - 18,43,1,-0.333333333,100%,Low,LS,18,43 - Low,-0.166666667,-0.166666666,LS - 18 - 43
LS - 18,48,6,1,100%,Low,LS,18,48 - Low,0.1,0.9,LS - 18 - 48
LS - 2,1,2,0,0%,Low,LS,2,1 - Low,0,0,LS - 2 - 1
LS - 2,2,1,-1,0%,Low,LS,2,2 - Low,0.375,-1.375,LS - 2 - 2
LS - 2,3,0,-1,0%,Low,LS,2,3 - Low,0.625,-1.625,LS - 2 - 3
LS - 2,5,8,4,0%,Low,LS,2,5 - Low,0.5,3.5,LS - 2 - 5
LS - 2,7,2,-3,0%,Low,LS,2,7 - Low,-1,-2,LS - 2 - 7
LS - 2,9,1,-0.5,0%,Low,LS,2,9 - Low,0.4375,-0.9375,LS - 2 - 9
LS - 2,11,5,2,0%,Low,LS,2,11 - Low,-0.1875,2.1875,LS - 2 - 11
LS - 2,13,5,0,0%,Low,LS,2,13 - Low,0.9375,-0.9375,LS - 2 - 13
LS - 2,18,2,-0.6,0%,Low,LS,2,18 - Low,-0.25,-0.35,LS - 2 - 18
LS - 2,23,4,0.4,0%,Low,LS,2,23 - Low,0.025,0.375,LS - 2 - 23
LS - 2,26,2,-0.666666667,0%,Low,LS,2,26 - Low,-0.083333333,-0.583333334,LS - 2 - 26
LS - 2,30,2,0,0%,Low,LS,2,30 - Low,0.21875,-0.21875,LS - 2 - 30
LS - 2,33,2,0,0%,Low,LS,2,33 - Low,-0.5,0.5,LS - 2 - 33
LS - 2,37,4,0.5,0%,Low,LS,2,37 - Low,0.34375,0.15625,LS - 2 - 37
LS - 2,43,3,-0.166666667,0%,Low,LS,2,43 - Low,-0.166666667,-3.75E-10,LS - 2 - 43
LS - 2,48,4,0.2,0%,Low,LS,2,48 - Low,0.1,0.1,LS - 2 - 48
LS - 20,1,0,0,30%,Low,LS,20,1 - Low,0,0,LS - 20 - 1
LS - 20,2,3,3,30%,Low,LS,20,2 - Low,0.375,2.625,LS - 20 - 2
LS - 20,3,6,3,30%,Low,LS,20,3 - Low,0.625,2.375,LS - 20 - 3
LS - 20,5,0,-3,30%,Low,LS,20,5 - Low,0.5,-3.5,LS - 20 - 5
LS - 20,7,1,0.5,30%,Low,LS,20,7 - Low,-1,1.5,LS - 20 - 7
LS - 20,9,0,-0.5,30%,Low,LS,20,9 - Low,0.4375,-0.9375,LS - 20 - 9
LS - 20,11,1,0.5,30%,Low,LS,20,11 - Low,-0.1875,0.6875,LS - 20 - 11
LS - 20,13,1,0,30%,Low,LS,20,13 - Low,0.9375,-0.9375,LS - 20 - 13
LS - 20,18,4,0.6,30%,Low,LS,20,18 - Low,-0.25,0.85,LS - 20 - 18
LS - 20,23,9,1,30%,Low,LS,20,23 - Low,0.025,0.975,LS - 20 - 23
LS - 20,26,0,-3,30%,Low,LS,20,26 - Low,-0.083333333,-2.916666667,LS - 20 - 26
LS - 20,30,0,0,30%,Low,LS,20,30 - Low,0.21875,-0.21875,LS - 20 - 30
LS - 20,33,1,0.333333333,30%,Low,LS,20,33 - Low,-0.5,0.833333333,LS - 20 - 33
LS - 20,37,8,1.75,30%,Low,LS,20,37 - Low,0.34375,1.40625,LS - 20 - 37
LS - 20,43,0,-1.333333333,30%,Low,LS,20,43 - Low,-0.166666667,-1.166666666,LS - 20 - 43
LS - 20,48,7,1.4,30%,Low,LS,20,48 - Low,0.1,1.3,LS - 20 - 48
LS - 21,1,0,0,70%,Low,LS,21,1 - Low,0,0,LS - 21 - 1
LS - 21,2,1,1,70%,Low,LS,21,2 - Low,0.375,0.625,LS - 21 - 2
LS - 21,3,1,0,70%,Low,LS,21,3 - Low,0.625,-0.625,LS - 21 - 3
LS - 21,5,1,0,70%,Low,LS,21,5 - Low,0.5,-0.5,LS - 21 - 5
LS - 21,7,0,-0.5,70%,Low,LS,21,7 - Low,-1,0.5,LS - 21 - 7
LS - 21,9,0,0,70%,Low,LS,21,9 - Low,0.4375,-0.4375,LS - 21 - 9
LS - 21,11,1,0.5,70%,Low,LS,21,11 - Low,-0.1875,0.6875,LS - 21 - 11
LS - 21,13,4,1.5,70%,Low,LS,21,13 - Low,0.9375,0.5625,LS - 21 - 13
LS - 21,18,1,-0.6,70%,Low,LS,21,18 - Low,-0.25,-0.35,LS - 21 - 18
LS - 21,23,0,-0.2,70%,Low,LS,21,23 - Low,0.025,-0.225,LS - 21 - 23
LS - 21,26,4,1.333333333,70%,Low,LS,21,26 - Low,-0.083333333,1.416666666,LS - 21 - 26
LS - 21,30,1,-0.75,70%,Low,LS,21,30 - Low,0.21875,-0.96875,LS - 21 - 30
LS - 21,33,2,0.333333333,70%,Low,LS,21,33 - Low,-0.5,0.833333333,LS - 21 - 33
LS - 21,37,0,-0.5,70%,Low,LS,21,37 - Low,0.34375,-0.84375,LS - 21 - 37
LS - 21,43,0,0,70%,Low,LS,21,43 - Low,-0.166666667,0.166666667,LS - 21 - 43
LS - 21,48,0,0,70%,Low,LS,21,48 - Low,0.1,-0.1,LS - 21 - 48
LS - 22,1,3,0,100%,Low,LS,22,1 - Low,0,0,LS - 22 - 1
LS - 22,2,0,-3,100%,Low,LS,22,2 - Low,0.375,-3.375,LS - 22 - 2
LS - 22,3,1,1,100%,Low,LS,22,3 - Low,0.625,0.375,LS - 22 - 3
LS - 22,5,4,1.5,100%,Low,LS,22,5 - Low,0.5,1,LS - 22 - 5
LS - 22,7,3,-0.5,100%,Low,LS,22,7 - Low,-1,0.5,LS - 22 - 7
LS - 22,9,0,-1.5,100%,Low,LS,22,9 - Low,0.4375,-1.9375,LS - 22 - 9
LS - 22,11,0,0,100%,Low,LS,22,11 - Low,-0.1875,0.1875,LS - 22 - 11
LS - 22,13,5,2.5,100%,Low,LS,22,13 - Low,0.9375,1.5625,LS - 22 - 13
LS - 22,18,2,-0.6,100%,Low,LS,22,18 - Low,-0.25,-0.35,LS - 22 - 18
LS - 22,23,1,-0.2,100%,Low,LS,22,23 - Low,0.025,-0.225,LS - 22 - 23
LS - 22,26,2,0.333333333,100%,Low,LS,22,26 - Low,-0.083333333,0.416666666,LS - 22 - 26
LS - 22,30,1,-0.25,100%,Low,LS,22,30 - Low,0.21875,-0.46875,LS - 22 - 30
LS - 22,33,0,-0.333333333,100%,Low,LS,22,33 - Low,-0.5,0.166666667,LS - 22 - 33
LS - 22,37,1,0.25,100%,Low,LS,22,37 - Low,0.34375,-0.09375,LS - 22 - 37
LS - 22,43,2,0.166666667,100%,Low,LS,22,43 - Low,-0.166666667,0.333333334,LS - 22 - 43
LS - 22,48,5,0.6,100%,Low,LS,22,48 - Low,0.1,0.5,LS - 22 - 48
LS - 23,1,2,0,30%,Low,LS,23,1 - Low,0,0,LS - 23 - 1
LS - 23,2,0,-2,30%,Low,LS,23,2 - Low,0.375,-2.375,LS - 23 - 2
LS - 23,3,2,2,30%,Low,LS,23,3 - Low,0.625,1.375,LS - 23 - 3
LS - 23,5,3,0.5,30%,Low,LS,23,5 - Low,0.5,0,LS - 23 - 5
LS - 23,7,0,-1.5,30%,Low,LS,23,7 - Low,-1,-0.5,LS - 23 - 7
LS - 23,9,0,0,30%,Low,LS,23,9 - Low,0.4375,-0.4375,LS - 23 - 9
LS - 23,11,1,0.5,30%,Low,LS,23,11 - Low,-0.1875,0.6875,LS - 23 - 11
LS - 23,13,6,2.5,30%,Low,LS,23,13 - Low,0.9375,1.5625,LS - 23 - 13
LS - 23,18,2,-0.8,30%,Low,LS,23,18 - Low,-0.25,-0.55,LS - 23 - 18
LS - 23,23,1,-0.2,30%,Low,LS,23,23 - Low,0.025,-0.225,LS - 23 - 23
LS - 23,26,10,3,30%,Low,LS,23,26 - Low,-0.083333333,3.083333333,LS - 23 - 26
LS - 23,30,2,-2,30%,Low,LS,23,30 - Low,0.21875,-2.21875,LS - 23 - 30
LS - 23,33,1,-0.333333333,30%,Low,LS,23,33 - Low,-0.5,0.166666667,LS - 23 - 33
LS - 23,37,2,0.25,30%,Low,LS,23,37 - Low,0.34375,-0.09375,LS - 23 - 37
LS - 23,43,2,0,30%,Low,LS,23,43 - Low,-0.166666667,0.166666667,LS - 23 - 43
LS - 23,48,10,1.6,30%,Low,LS,23,48 - Low,0.1,1.5,LS - 23 - 48
LS - 24,1,1,0,50%,Low,LS,24,1 - Low,0,0,LS - 24 - 1
LS - 24,2,1,0,50%,Low,LS,24,2 - Low,0.375,-0.375,LS - 24 - 2
LS - 24,3,1,0,50%,Low,LS,24,3 - Low,0.625,-0.625,LS - 24 - 3
LS - 24,5,0,-0.5,50%,Low,LS,24,5 - Low,0.5,-1,LS - 24 - 5
LS - 24,7,3,1.5,50%,Low,LS,24,7 - Low,-1,2.5,LS - 24 - 7
LS - 24,9,0,-1.5,50%,Low,LS,24,9 - Low,0.4375,-1.9375,LS - 24 - 9
LS - 24,11,0,0,50%,Low,LS,24,11 - Low,-0.1875,0.1875,LS - 24 - 11
LS - 24,13,2,1,50%,Low,LS,24,13 - Low,0.9375,0.0625,LS - 24 - 13
LS - 24,18,0,-0.4,50%,Low,LS,24,18 - Low,-0.25,-0.15,LS - 24 - 18
LS - 24,23,3,0.6,50%,Low,LS,24,23 - Low,0.025,0.575,LS - 24 - 23
LS - 24,26,4,0.333333333,50%,Low,LS,24,26 - Low,-0.083333333,0.416666666,LS - 24 - 26
LS - 24,30,1,-0.75,50%,Low,LS,24,30 - Low,0.21875,-0.96875,LS - 24 - 30
LS - 24,33,1,0,50%,Low,LS,24,33 - Low,-0.5,0.5,LS - 24 - 33
LS - 24,37,2,0.25,50%,Low,LS,24,37 - Low,0.34375,-0.09375,LS - 24 - 37
LS - 24,43,0,-0.333333333,50%,Low,LS,24,43 - Low,-0.166666667,-0.166666666,LS - 24 - 43
LS - 24,48,1,0.2,50%,Low,LS,24,48 - Low,0.1,0.1,LS - 24 - 48
LS - 3,1,0,0,50%,Low,LS,3,1 - Low,0,0,LS - 3 - 1
LS - 3,2,0,0,50%,Low,LS,3,2 - Low,0.375,-0.375,LS - 3 - 2
LS - 3,3,4,4,50%,Low,LS,3,3 - Low,0.625,3.375,LS - 3 - 3
LS - 3,5,1,-1.5,50%,Low,LS,3,5 - Low,0.5,-2,LS - 3 - 5
LS - 3,7,3,1,50%,Low,LS,3,7 - Low,-1,2,LS - 3 - 7
LS - 3,9,0,-1.5,50%,Low,LS,3,9 - Low,0.4375,-1.9375,LS - 3 - 9
LS - 3,11,0,0,50%,Low,LS,3,11 - Low,-0.1875,0.1875,LS - 3 - 11
LS - 3,13,12,6,50%,Low,LS,3,13 - Low,0.9375,5.0625,LS - 3 - 13
LS - 3,18,2,-2,50%,Low,LS,3,18 - Low,-0.25,-1.75,LS - 3 - 18
LS - 3,23,2,0,50%,Low,LS,3,23 - Low,0.025,-0.025,LS - 3 - 23
LS - 3,26,0,-0.666666667,50%,Low,LS,3,26 - Low,-0.083333333,-0.583333334,LS - 3 - 26
LS - 3,30,4,1,50%,Low,LS,3,30 - Low,0.21875,0.78125,LS - 3 - 30
LS - 3,33,3,-0.333333333,50%,Low,LS,3,33 - Low,-0.5,0.166666667,LS - 3 - 33
LS - 3,37,2,-0.25,50%,Low,LS,3,37 - Low,0.34375,-0.59375,LS - 3 - 37
LS - 3,43,2,0,50%,Low,LS,3,43 - Low,-0.166666667,0.166666667,LS - 3 - 43
LS - 3,48,1,-0.2,50%,Low,LS,3,48 - Low,0.1,-0.3,LS - 3 - 48
LS - 5,1,3,0,30%,Low,LS,5,1 - Low,0,0,LS - 5 - 1
LS - 5,2,1,-2,30%,Low,LS,5,2 - Low,0.375,-2.375,LS - 5 - 2
LS - 5,3,0,-1,30%,Low,LS,5,3 - Low,0.625,-1.625,LS - 5 - 3
LS - 5,5,1,0.5,30%,Low,LS,5,5 - Low,0.5,0,LS - 5 - 5
LS - 5,7,4,1.5,30%,Low,LS,5,7 - Low,-1,2.5,LS - 5 - 7
LS - 5,9,0,-2,30%,Low,LS,5,9 - Low,0.4375,-2.4375,LS - 5 - 9
LS - 5,11,0,0,30%,Low,LS,5,11 - Low,-0.1875,0.1875,LS - 5 - 11
LS - 5,13,10,5,30%,Low,LS,5,13 - Low,0.9375,4.0625,LS - 5 - 13
LS - 5,18,5,-1,30%,Low,LS,5,18 - Low,-0.25,-0.75,LS - 5 - 18
LS - 5,23,10,1,30%,Low,LS,5,23 - Low,0.025,0.975,LS - 5 - 23
LS - 5,26,5,-1.666666667,30%,Low,LS,5,26 - Low,-0.083333333,-1.583333334,LS - 5 - 26
LS - 5,30,1,-1,30%,Low,LS,5,30 - Low,0.21875,-1.21875,LS - 5 - 30
LS - 5,33,1,0,30%,Low,LS,5,33 - Low,-0.5,0.5,LS - 5 - 33
LS - 5,37,0,-0.25,30%,Low,LS,5,37 - Low,0.34375,-0.59375,LS - 5 - 37
LS - 5,43,2,0.333333333,30%,Low,LS,5,43 - Low,-0.166666667,0.5,LS - 5 - 43
LS - 5,48,0,-0.4,30%,Low,LS,5,48 - Low,0.1,-0.5,LS - 5 - 48
LS - 6,1,5,0,100%,Low,LS,6,1 - Low,0,0,LS - 6 - 1
LS - 6,2,7,2,100%,Low,LS,6,2 - Low,0.375,1.625,LS - 6 - 2
LS - 6,3,3,-4,100%,Low,LS,6,3 - Low,0.625,-4.625,LS - 6 - 3
LS - 6,5,18,7.5,100%,Low,LS,6,5 - Low,0.5,7,LS - 6 - 5
LS - 6,7,0,-9,100%,Low,LS,6,7 - Low,-1,-8,LS - 6 - 7
LS - 6,9,15,7.5,100%,Low,LS,6,9 - Low,0.4375,7.0625,LS - 6 - 9
LS - 6,11,19,2,100%,Low,LS,6,11 - Low,-0.1875,2.1875,LS - 6 - 11
LS - 6,13,17,-1,100%,Low,LS,6,13 - Low,0.9375,-1.9375,LS - 6 - 13
LS - 6,18,8,-1.8,100%,Low,LS,6,18 - Low,-0.25,-1.55,LS - 6 - 18
LS - 6,23,8,0,100%,Low,LS,6,23 - Low,0.025,-0.025,LS - 6 - 23
LS - 6,26,17,3,100%,Low,LS,6,26 - Low,-0.083333333,3.083333333,LS - 6 - 26
LS - 6,30,11,-1.5,100%,Low,LS,6,30 - Low,0.21875,-1.71875,LS - 6 - 30
LS - 6,33,15,1.333333333,100%,Low,LS,6,33 - Low,-0.5,1.833333333,LS - 6 - 33
LS - 6,37,7,-2,100%,Low,LS,6,37 - Low,0.34375,-2.34375,LS - 6 - 37
LS - 6,43,0,-1.166666667,100%,Low,LS,6,43 - Low,-0.166666667,-1,LS - 6 - 43
LS - 6,48,14,2.8,100%,Low,LS,6,48 - Low,0.1,2.7,LS - 6 - 48
LS - 8,1,0,0,0%,Low,LS,8,1 - Low,0,0,LS - 8 - 1
LS - 8,2,1,1,0%,Low,LS,8,2 - Low,0.375,0.625,LS - 8 - 2
LS - 8,3,1,0,0%,Low,LS,8,3 - Low,0.625,-0.625,LS - 8 - 3
LS - 8,5,0,-0.5,0%,Low,LS,8,5 - Low,0.5,-1,LS - 8 - 5
LS - 8,7,1,0.5,0%,Low,LS,8,7 - Low,-1,1.5,LS - 8 - 7
LS - 8,9,1,0,0%,Low,LS,8,9 - Low,0.4375,-0.4375,LS - 8 - 9
LS - 8,11,0,-0.5,0%,Low,LS,8,11 - Low,-0.1875,-0.3125,LS - 8 - 11
LS - 8,13,1,0.5,0%,Low,LS,8,13 - Low,0.9375,-0.4375,LS - 8 - 13
LS - 8,18,3,0.4,0%,Low,LS,8,18 - Low,-0.25,0.65,LS - 8 - 18
LS - 8,23,13,2,0%,Low,LS,8,23 - Low,0.025,1.975,LS - 8 - 23
LS - 8,26,2,-3.666666667,0%,Low,LS,8,26 - Low,-0.083333333,-3.583333334,LS - 8 - 26
LS - 8,30,0,-0.5,0%,Low,LS,8,30 - Low,0.21875,-0.71875,LS - 8 - 30
LS - 8,33,1,0.333333333,0%,Low,LS,8,33 - Low,-0.5,0.833333333,LS - 8 - 33
LS - 8,37,0,-0.25,0%,Low,LS,8,37 - Low,0.34375,-0.59375,LS - 8 - 37
LS - 8,43,3,0.5,0%,Low,LS,8,43 - Low,-0.166666667,0.666666667,LS - 8 - 43
LS - 8,48,0,-0.6,0%,Low,LS,8,48 - Low,0.1,-0.7,LS - 8 - 48
LS - 9,1,1,0,0%,Low,LS,9,1 - Low,0,0,LS - 9 - 1
LS - 9,2,2,1,0%,Low,LS,9,2 - Low,0.375,0.625,LS - 9 - 2
LS - 9,3,5,3,0%,Low,LS,9,3 - Low,0.625,2.375,LS - 9 - 3
LS - 9,5,4,-0.5,0%,Low,LS,9,5 - Low,0.5,-1,LS - 9 - 5
LS - 9,7,7,1.5,0%,Low,LS,9,7 - Low,-1,2.5,LS - 9 - 7
LS - 9,9,0,-3.5,0%,Low,LS,9,9 - Low,0.4375,-3.9375,LS - 9 - 9
LS - 9,11,3,1.5,0%,Low,LS,9,11 - Low,-0.1875,1.6875,LS - 9 - 11
LS - 9,13,4,0.5,0%,Low,LS,9,13 - Low,0.9375,-0.4375,LS - 9 - 13
LS - 9,18,3,-0.2,0%,Low,LS,9,18 - Low,-0.25,0.05,LS - 9 - 18
LS - 9,23,5,0.4,0%,Low,LS,9,23 - Low,0.025,0.375,LS - 9 - 23
LS - 9,26,12,2.333333333,0%,Low,LS,9,26 - Low,-0.083333333,2.416666666,LS - 9 - 26
LS - 9,30,4,-2,0%,Low,LS,9,30 - Low,0.21875,-2.21875,LS - 9 - 30
LS - 9,33,7,1,0%,Low,LS,9,33 - Low,-0.5,1.5,LS - 9 - 33
LS - 9,37,8,0.25,0%,Low,LS,9,37 - Low,0.34375,-0.09375,LS - 9 - 37
LS - 9,43,8,0,0%,Low,LS,9,43 - Low,-0.166666667,0.166666667,LS - 9 - 43
LS - 9,48,4,-0.8,0%,Low,LS,9,48 - Low,0.1,-0.9,LS - 9 - 48
