"","days_since_outplanting","plot_grid","abundance","rate","treatment","complexity","plot"
"1",1,"HN - 1",0,0,"30%","High","HN"
"2",2,"HN - 1",0,0,"30%","High","HN"
"3",3,"HN - 1",2,2,"30%","High","HN"
"4",5,"HN - 1",2,0,"30%","High","HN"
"5",7,"HN - 1",1,-0.5,"30%","High","HN"
"6",9,"HN - 1",0,-0.5,"30%","High","HN"
"7",11,"HN - 1",1,0.5,"30%","High","HN"
"8",13,"HN - 1",9,4,"30%","High","HN"
"9",18,"HN - 1",1,-1.6,"30%","High","HN"
"10",23,"HN - 1",0,-0.2,"30%","High","HN"
"11",26,"HN - 1",6,2,"30%","High","HN"
"12",30,"HN - 1",1,-1.25,"30%","High","HN"
"13",33,"HN - 1",1,0,"30%","High","HN"
"14",37,"HN - 1",1,0,"30%","High","HN"
"15",43,"HN - 1",2,0.166666667,"30%","High","HN"
"16",48,"HN - 1",2,0,"30%","High","HN"
"17",1,"HN - 10",0,0,"control","High","HN"
"18",2,"HN - 10",7,7,"control","High","HN"
"19",3,"HN - 10",4,-3,"control","High","HN"
"20",5,"HN - 10",1,-1.5,"control","High","HN"
"21",7,"HN - 10",0,-0.5,"control","High","HN"
"22",9,"HN - 10",4,2,"control","High","HN"
"23",11,"HN - 10",2,-1,"control","High","HN"
"24",13,"HN - 10",0,-1,"control","High","HN"
"25",18,"HN - 10",0,0,"control","High","HN"
"26",23,"HN - 10",24,4.8,"control","High","HN"
"27",26,"HN - 10",1,-7.666666667,"control","High","HN"
"28",30,"HN - 10",6,1.25,"control","High","HN"
"29",33,"HN - 10",0,-2,"control","High","HN"
"30",37,"HN - 10",7,1.75,"control","High","HN"
"31",43,"HN - 10",5,-0.333333333,"control","High","HN"
"32",48,"HN - 10",1,-0.8,"control","High","HN"
"33",1,"HN - 11",0,0,"30%","High","HN"
"34",2,"HN - 11",0,0,"30%","High","HN"
"35",3,"HN - 11",1,1,"30%","High","HN"
"36",5,"HN - 11",4,1.5,"30%","High","HN"
"37",7,"HN - 11",1,-1.5,"30%","High","HN"
"38",9,"HN - 11",1,0,"30%","High","HN"
"39",11,"HN - 11",0,-0.5,"30%","High","HN"
"40",13,"HN - 11",0,0,"30%","High","HN"
"41",18,"HN - 11",1,0.2,"30%","High","HN"
"42",23,"HN - 11",2,0.2,"30%","High","HN"
"43",26,"HN - 11",1,-0.333333333,"30%","High","HN"
"44",30,"HN - 11",5,1,"30%","High","HN"
"45",33,"HN - 11",0,-1.666666667,"30%","High","HN"
"46",37,"HN - 11",3,0.75,"30%","High","HN"
"47",43,"HN - 11",2,-0.166666667,"30%","High","HN"
"48",48,"HN - 11",0,-0.4,"30%","High","HN"
"49",1,"HN - 12",1,0,"70%","High","HN"
"50",2,"HN - 12",0,-1,"70%","High","HN"
"51",3,"HN - 12",0,0,"70%","High","HN"
"52",5,"HN - 12",0,0,"70%","High","HN"
"53",7,"HN - 12",1,0.5,"70%","High","HN"
"54",9,"HN - 12",0,-0.5,"70%","High","HN"
"55",11,"HN - 12",1,0.5,"70%","High","HN"
"56",13,"HN - 12",1,0,"70%","High","HN"
"57",18,"HN - 12",4,0.6,"70%","High","HN"
"58",23,"HN - 12",1,-0.6,"70%","High","HN"
"59",26,"HN - 12",1,0,"70%","High","HN"
"60",30,"HN - 12",5,1,"70%","High","HN"
"61",33,"HN - 12",0,-1.666666667,"70%","High","HN"
"62",37,"HN - 12",2,0.5,"70%","High","HN"
"63",43,"HN - 12",2,0,"70%","High","HN"
"64",48,"HN - 12",2,0,"70%","High","HN"
"65",1,"HN - 13",1,0,"100%","High","HN"
"66",2,"HN - 13",9,8,"100%","High","HN"
"67",3,"HN - 13",7,-2,"100%","High","HN"
"68",5,"HN - 13",0,-3.5,"100%","High","HN"
"69",7,"HN - 13",3,1.5,"100%","High","HN"
"70",9,"HN - 13",0,-1.5,"100%","High","HN"
"71",11,"HN - 13",0,0,"100%","High","HN"
"72",13,"HN - 13",0,0,"100%","High","HN"
"73",18,"HN - 13",0,0,"100%","High","HN"
"74",23,"HN - 13",5,1,"100%","High","HN"
"75",26,"HN - 13",1,-1.333333333,"100%","High","HN"
"76",30,"HN - 13",4,0.75,"100%","High","HN"
"77",33,"HN - 13",3,-0.333333333,"100%","High","HN"
"78",37,"HN - 13",1,-0.5,"100%","High","HN"
"79",43,"HN - 13",5,0.666666667,"100%","High","HN"
"80",48,"HN - 13",4,-0.2,"100%","High","HN"
"81",1,"HN - 14",0,0,"0%","High","HN"
"82",2,"HN - 14",1,1,"0%","High","HN"
"83",3,"HN - 14",0,-1,"0%","High","HN"
"84",5,"HN - 14",4,2,"0%","High","HN"
"85",7,"HN - 14",0,-2,"0%","High","HN"
"86",9,"HN - 14",0,0,"0%","High","HN"
"87",11,"HN - 14",3,1.5,"0%","High","HN"
"88",13,"HN - 14",1,-1,"0%","High","HN"
"89",18,"HN - 14",0,-0.2,"0%","High","HN"
"90",23,"HN - 14",1,0.2,"0%","High","HN"
"91",26,"HN - 14",1,0,"0%","High","HN"
"92",30,"HN - 14",2,0.25,"0%","High","HN"
"93",33,"HN - 14",1,-0.333333333,"0%","High","HN"
"94",37,"HN - 14",1,0,"0%","High","HN"
"95",43,"HN - 14",4,0.5,"0%","High","HN"
"96",48,"HN - 14",0,-0.8,"0%","High","HN"
"97",1,"HN - 15",3,0,"50%","High","HN"
"98",2,"HN - 15",0,-3,"50%","High","HN"
"99",3,"HN - 15",1,1,"50%","High","HN"
"100",5,"HN - 15",5,2,"50%","High","HN"
"101",7,"HN - 15",1,-2,"50%","High","HN"
"102",9,"HN - 15",0,-0.5,"50%","High","HN"
"103",11,"HN - 15",0,0,"50%","High","HN"
"104",13,"HN - 15",1,0.5,"50%","High","HN"
"105",18,"HN - 15",2,0.2,"50%","High","HN"
"106",23,"HN - 15",1,-0.2,"50%","High","HN"
"107",26,"HN - 15",0,-0.333333333,"50%","High","HN"
"108",30,"HN - 15",7,1.75,"50%","High","HN"
"109",33,"HN - 15",1,-2,"50%","High","HN"
"110",37,"HN - 15",0,-0.25,"50%","High","HN"
"111",43,"HN - 15",2,0.333333333,"50%","High","HN"
"112",48,"HN - 15",0,-0.4,"50%","High","HN"
"113",1,"HN - 16",0,0,"100%","High","HN"
"114",2,"HN - 16",2,2,"100%","High","HN"
"115",3,"HN - 16",0,-2,"100%","High","HN"
"116",5,"HN - 16",7,3.5,"100%","High","HN"
"117",7,"HN - 16",1,-3,"100%","High","HN"
"118",9,"HN - 16",11,5,"100%","High","HN"
"119",11,"HN - 16",0,-5.5,"100%","High","HN"
"120",13,"HN - 16",0,0,"100%","High","HN"
"121",18,"HN - 16",1,0.2,"100%","High","HN"
"122",23,"HN - 16",1,0,"100%","High","HN"
"123",26,"HN - 16",0,-0.333333333,"100%","High","HN"
"124",30,"HN - 16",2,0.5,"100%","High","HN"
"125",33,"HN - 16",0,-0.666666667,"100%","High","HN"
"126",37,"HN - 16",0,0,"100%","High","HN"
"127",43,"HN - 16",2,0.333333333,"100%","High","HN"
"128",48,"HN - 16",2,0,"100%","High","HN"
"129",1,"HN - 17",2,0,"control","High","HN"
"130",2,"HN - 17",1,-1,"control","High","HN"
"131",3,"HN - 17",0,-1,"control","High","HN"
"132",5,"HN - 17",10,5,"control","High","HN"
"133",7,"HN - 17",4,-3,"control","High","HN"
"134",9,"HN - 17",0,-2,"control","High","HN"
"135",11,"HN - 17",3,1.5,"control","High","HN"
"136",13,"HN - 17",0,-1.5,"control","High","HN"
"137",18,"HN - 17",8,1.6,"control","High","HN"
"138",23,"HN - 17",4,-0.8,"control","High","HN"
"139",26,"HN - 17",0,-1.333333333,"control","High","HN"
"140",30,"HN - 17",2,0.5,"control","High","HN"
"141",33,"HN - 17",2,0,"control","High","HN"
"142",37,"HN - 17",1,-0.25,"control","High","HN"
"143",43,"HN - 17",1,0,"control","High","HN"
"144",48,"HN - 17",5,0.8,"control","High","HN"
"145",1,"HN - 18",0,0,"0%","High","HN"
"146",2,"HN - 18",2,2,"0%","High","HN"
"147",3,"HN - 18",1,-1,"0%","High","HN"
"148",5,"HN - 18",13,6,"0%","High","HN"
"149",7,"HN - 18",3,-5,"0%","High","HN"
"150",9,"HN - 18",4,0.5,"0%","High","HN"
"151",11,"HN - 18",1,-1.5,"0%","High","HN"
"152",13,"HN - 18",5,2,"0%","High","HN"
"153",18,"HN - 18",9,0.8,"0%","High","HN"
"154",23,"HN - 18",3,-1.2,"0%","High","HN"
"155",26,"HN - 18",15,4,"0%","High","HN"
"156",30,"HN - 18",8,-1.75,"0%","High","HN"
"157",33,"HN - 18",4,-1.333333333,"0%","High","HN"
"158",37,"HN - 18",2,-0.5,"0%","High","HN"
"159",43,"HN - 18",14,2,"0%","High","HN"
"160",48,"HN - 18",3,-2.2,"0%","High","HN"
"161",1,"HN - 19",0,0,"30%","High","HN"
"162",2,"HN - 19",1,1,"30%","High","HN"
"163",3,"HN - 19",0,-1,"30%","High","HN"
"164",5,"HN - 19",0,0,"30%","High","HN"
"165",7,"HN - 19",2,1,"30%","High","HN"
"166",9,"HN - 19",2,0,"30%","High","HN"
"167",11,"HN - 19",1,-0.5,"30%","High","HN"
"168",13,"HN - 19",1,0,"30%","High","HN"
"169",18,"HN - 19",0,-0.2,"30%","High","HN"
"170",23,"HN - 19",3,0.6,"30%","High","HN"
"171",26,"HN - 19",1,-0.666666667,"30%","High","HN"
"172",30,"HN - 19",4,0.75,"30%","High","HN"
"173",33,"HN - 19",0,-1.333333333,"30%","High","HN"
"174",37,"HN - 19",5,1.25,"30%","High","HN"
"175",43,"HN - 19",3,-0.333333333,"30%","High","HN"
"176",48,"HN - 19",2,-0.2,"30%","High","HN"
"177",1,"HN - 2",0,0,"70%","High","HN"
"178",2,"HN - 2",1,1,"70%","High","HN"
"179",3,"HN - 2",7,6,"70%","High","HN"
"180",5,"HN - 2",0,-3.5,"70%","High","HN"
"181",7,"HN - 2",1,0.5,"70%","High","HN"
"182",9,"HN - 2",0,-0.5,"70%","High","HN"
"183",11,"HN - 2",1,0.5,"70%","High","HN"
"184",13,"HN - 2",1,0,"70%","High","HN"
"185",18,"HN - 2",0,-0.2,"70%","High","HN"
"186",23,"HN - 2",4,0.8,"70%","High","HN"
"187",26,"HN - 2",4,0,"70%","High","HN"
"188",30,"HN - 2",1,-0.75,"70%","High","HN"
"189",33,"HN - 2",1,0,"70%","High","HN"
"190",37,"HN - 2",0,-0.25,"70%","High","HN"
"191",43,"HN - 2",4,0.666666667,"70%","High","HN"
"192",48,"HN - 2",5,0.2,"70%","High","HN"
"193",1,"HN - 20",1,0,"0%","High","HN"
"194",2,"HN - 20",1,0,"0%","High","HN"
"195",3,"HN - 20",0,-1,"0%","High","HN"
"196",5,"HN - 20",1,0.5,"0%","High","HN"
"197",7,"HN - 20",1,0,"0%","High","HN"
"198",9,"HN - 20",1,0,"0%","High","HN"
"199",11,"HN - 20",1,0,"0%","High","HN"
"200",13,"HN - 20",1,0,"0%","High","HN"
"201",18,"HN - 20",6,1,"0%","High","HN"
"202",23,"HN - 20",2,-0.8,"0%","High","HN"
"203",26,"HN - 20",1,-0.333333333,"0%","High","HN"
"204",30,"HN - 20",2,0.25,"0%","High","HN"
"205",33,"HN - 20",1,-0.333333333,"0%","High","HN"
"206",37,"HN - 20",1,0,"0%","High","HN"
"207",43,"HN - 20",1,0,"0%","High","HN"
"208",48,"HN - 20",1,0,"0%","High","HN"
"209",1,"HN - 21",2,0,"70%","High","HN"
"210",2,"HN - 21",6,4,"70%","High","HN"
"211",3,"HN - 21",0,-6,"70%","High","HN"
"212",5,"HN - 21",3,1.5,"70%","High","HN"
"213",7,"HN - 21",5,1,"70%","High","HN"
"214",9,"HN - 21",1,-2,"70%","High","HN"
"215",11,"HN - 21",0,-0.5,"70%","High","HN"
"216",13,"HN - 21",1,0.5,"70%","High","HN"
"217",18,"HN - 21",0,-0.2,"70%","High","HN"
"218",23,"HN - 21",0,0,"70%","High","HN"
"219",26,"HN - 21",3,1,"70%","High","HN"
"220",30,"HN - 21",1,-0.5,"70%","High","HN"
"221",33,"HN - 21",0,-0.333333333,"70%","High","HN"
"222",37,"HN - 21",3,0.75,"70%","High","HN"
"223",43,"HN - 21",0,-0.5,"70%","High","HN"
"224",48,"HN - 21",1,0.2,"70%","High","HN"
"225",1,"HN - 22",2,0,"50%","High","HN"
"226",2,"HN - 22",1,-1,"50%","High","HN"
"227",3,"HN - 22",1,0,"50%","High","HN"
"228",5,"HN - 22",3,1,"50%","High","HN"
"229",7,"HN - 22",0,-1.5,"50%","High","HN"
"230",9,"HN - 22",0,0,"50%","High","HN"
"231",11,"HN - 22",1,0.5,"50%","High","HN"
"232",13,"HN - 22",0,-0.5,"50%","High","HN"
"233",18,"HN - 22",0,0,"50%","High","HN"
"234",23,"HN - 22",1,0.2,"50%","High","HN"
"235",26,"HN - 22",0,-0.333333333,"50%","High","HN"
"236",30,"HN - 22",1,0.25,"50%","High","HN"
"237",33,"HN - 22",2,0.333333333,"50%","High","HN"
"238",37,"HN - 22",4,0.5,"50%","High","HN"
"239",43,"HN - 22",0,-0.666666667,"50%","High","HN"
"240",48,"HN - 22",0,0,"50%","High","HN"
"241",1,"HN - 23",2,0,"100%","High","HN"
"242",2,"HN - 23",1,-1,"100%","High","HN"
"243",3,"HN - 23",5,4,"100%","High","HN"
"244",5,"HN - 23",3,-1,"100%","High","HN"
"245",7,"HN - 23",4,0.5,"100%","High","HN"
"246",9,"HN - 23",4,0,"100%","High","HN"
"247",11,"HN - 23",5,0.5,"100%","High","HN"
"248",13,"HN - 23",1,-2,"100%","High","HN"
"249",18,"HN - 23",4,0.6,"100%","High","HN"
"250",23,"HN - 23",3,-0.2,"100%","High","HN"
"251",26,"HN - 23",2,-0.333333333,"100%","High","HN"
"252",30,"HN - 23",1,-0.25,"100%","High","HN"
"253",33,"HN - 23",1,0,"100%","High","HN"
"254",37,"HN - 23",6,1.25,"100%","High","HN"
"255",43,"HN - 23",1,-0.833333333,"100%","High","HN"
"256",48,"HN - 23",6,1,"100%","High","HN"
"257",1,"HN - 24",6,0,"0%","High","HN"
"258",2,"HN - 24",4,-2,"0%","High","HN"
"259",3,"HN - 24",5,1,"0%","High","HN"
"260",5,"HN - 24",3,-1,"0%","High","HN"
"261",7,"HN - 24",3,0,"0%","High","HN"
"262",9,"HN - 24",0,-1.5,"0%","High","HN"
"263",11,"HN - 24",0,0,"0%","High","HN"
"264",13,"HN - 24",5,2.5,"0%","High","HN"
"265",18,"HN - 24",2,-0.6,"0%","High","HN"
"266",23,"HN - 24",1,-0.2,"0%","High","HN"
"267",26,"HN - 24",2,0.333333333,"0%","High","HN"
"268",30,"HN - 24",0,-0.5,"0%","High","HN"
"269",33,"HN - 24",6,2,"0%","High","HN"
"270",37,"HN - 24",2,-1,"0%","High","HN"
"271",43,"HN - 24",1,-0.166666667,"0%","High","HN"
"272",48,"HN - 24",1,0,"0%","High","HN"
"273",1,"HN - 3",0,0,"50%","High","HN"
"274",2,"HN - 3",0,0,"50%","High","HN"
"275",3,"HN - 3",3,3,"50%","High","HN"
"276",5,"HN - 3",0,-1.5,"50%","High","HN"
"277",7,"HN - 3",2,1,"50%","High","HN"
"278",9,"HN - 3",0,-1,"50%","High","HN"
"279",11,"HN - 3",0,0,"50%","High","HN"
"280",13,"HN - 3",0,0,"50%","High","HN"
"281",18,"HN - 3",1,0.2,"50%","High","HN"
"282",23,"HN - 3",0,-0.2,"50%","High","HN"
"283",26,"HN - 3",0,0,"50%","High","HN"
"284",30,"HN - 3",3,0.75,"50%","High","HN"
"285",33,"HN - 3",2,-0.333333333,"50%","High","HN"
"286",37,"HN - 3",0,-0.5,"50%","High","HN"
"287",43,"HN - 3",1,0.166666667,"50%","High","HN"
"288",48,"HN - 3",0,-0.2,"50%","High","HN"
"289",1,"HN - 4",1,0,"control","High","HN"
"290",2,"HN - 4",4,3,"control","High","HN"
"291",3,"HN - 4",2,-2,"control","High","HN"
"292",5,"HN - 4",1,-0.5,"control","High","HN"
"293",7,"HN - 4",0,-0.5,"control","High","HN"
"294",9,"HN - 4",2,1,"control","High","HN"
"295",11,"HN - 4",1,-0.5,"control","High","HN"
"296",13,"HN - 4",13,6,"control","High","HN"
"297",18,"HN - 4",1,-2.4,"control","High","HN"
"298",23,"HN - 4",0,-0.2,"control","High","HN"
"299",26,"HN - 4",7,2.333333333,"control","High","HN"
"300",30,"HN - 4",1,-1.5,"control","High","HN"
"301",33,"HN - 4",13,4,"control","High","HN"
"302",37,"HN - 4",5,-2,"control","High","HN"
"303",43,"HN - 4",4,-0.166666667,"control","High","HN"
"304",48,"HN - 4",4,0,"control","High","HN"
"305",1,"HN - 5",0,0,"70%","High","HN"
"306",2,"HN - 5",0,0,"70%","High","HN"
"307",3,"HN - 5",1,1,"70%","High","HN"
"308",5,"HN - 5",0,-0.5,"70%","High","HN"
"309",7,"HN - 5",0,0,"70%","High","HN"
"310",9,"HN - 5",0,0,"70%","High","HN"
"311",11,"HN - 5",5,2.5,"70%","High","HN"
"312",13,"HN - 5",1,-2,"70%","High","HN"
"313",18,"HN - 5",0,-0.2,"70%","High","HN"
"314",23,"HN - 5",0,0,"70%","High","HN"
"315",26,"HN - 5",0,0,"70%","High","HN"
"316",30,"HN - 5",2,0.5,"70%","High","HN"
"317",33,"HN - 5",1,-0.333333333,"70%","High","HN"
"318",37,"HN - 5",0,-0.25,"70%","High","HN"
"319",43,"HN - 5",4,0.666666667,"70%","High","HN"
"320",48,"HN - 5",1,-0.6,"70%","High","HN"
"321",1,"HN - 6",0,0,"30%","High","HN"
"322",2,"HN - 6",6,6,"30%","High","HN"
"323",3,"HN - 6",0,-6,"30%","High","HN"
"324",5,"HN - 6",1,0.5,"30%","High","HN"
"325",7,"HN - 6",5,2,"30%","High","HN"
"326",9,"HN - 6",4,-0.5,"30%","High","HN"
"327",11,"HN - 6",1,-1.5,"30%","High","HN"
"328",13,"HN - 6",2,0.5,"30%","High","HN"
"329",18,"HN - 6",2,0,"30%","High","HN"
"330",23,"HN - 6",3,0.2,"30%","High","HN"
"331",26,"HN - 6",2,-0.333333333,"30%","High","HN"
"332",30,"HN - 6",1,-0.25,"30%","High","HN"
"333",33,"HN - 6",1,0,"30%","High","HN"
"334",37,"HN - 6",2,0.25,"30%","High","HN"
"335",43,"HN - 6",12,1.666666667,"30%","High","HN"
"336",48,"HN - 6",2,-2,"30%","High","HN"
"337",1,"HN - 7",0,0,"100%","High","HN"
"338",2,"HN - 7",3,3,"100%","High","HN"
"339",3,"HN - 7",2,-1,"100%","High","HN"
"340",5,"HN - 7",0,-1,"100%","High","HN"
"341",7,"HN - 7",1,0.5,"100%","High","HN"
"342",9,"HN - 7",0,-0.5,"100%","High","HN"
"343",11,"HN - 7",1,0.5,"100%","High","HN"
"344",13,"HN - 7",1,0,"100%","High","HN"
"345",18,"HN - 7",2,0.2,"100%","High","HN"
"346",23,"HN - 7",0,-0.4,"100%","High","HN"
"347",26,"HN - 7",1,0.333333333,"100%","High","HN"
"348",30,"HN - 7",1,0,"100%","High","HN"
"349",33,"HN - 7",3,0.666666667,"100%","High","HN"
"350",37,"HN - 7",0,-0.75,"100%","High","HN"
"351",43,"HN - 7",3,0.5,"100%","High","HN"
"352",48,"HN - 7",0,-0.6,"100%","High","HN"
"353",1,"HN - 8",0,0,"50%","High","HN"
"354",2,"HN - 8",1,1,"50%","High","HN"
"355",3,"HN - 8",3,2,"50%","High","HN"
"356",5,"HN - 8",1,-1,"50%","High","HN"
"357",7,"HN - 8",8,3.5,"50%","High","HN"
"358",9,"HN - 8",7,-0.5,"50%","High","HN"
"359",11,"HN - 8",4,-1.5,"50%","High","HN"
"360",13,"HN - 8",3,-0.5,"50%","High","HN"
"361",18,"HN - 8",4,0.2,"50%","High","HN"
"362",23,"HN - 8",3,-0.2,"50%","High","HN"
"363",26,"HN - 8",2,-0.333333333,"50%","High","HN"
"364",30,"HN - 8",2,0,"50%","High","HN"
"365",33,"HN - 8",9,2.333333333,"50%","High","HN"
"366",37,"HN - 8",4,-1.25,"50%","High","HN"
"367",43,"HN - 8",3,-0.166666667,"50%","High","HN"
"368",48,"HN - 8",11,1.6,"50%","High","HN"
"369",1,"HN - 9",3,0,"control","High","HN"
"370",2,"HN - 9",4,1,"control","High","HN"
"371",3,"HN - 9",5,1,"control","High","HN"
"372",5,"HN - 9",0,-2.5,"control","High","HN"
"373",7,"HN - 9",0,0,"control","High","HN"
"374",9,"HN - 9",6,3,"control","High","HN"
"375",11,"HN - 9",2,-2,"control","High","HN"
"376",13,"HN - 9",0,-1,"control","High","HN"
"377",18,"HN - 9",2,0.4,"control","High","HN"
"378",23,"HN - 9",0,-0.4,"control","High","HN"
"379",26,"HN - 9",0,0,"control","High","HN"
"380",30,"HN - 9",1,0.25,"control","High","HN"
"381",33,"HN - 9",0,-0.333333333,"control","High","HN"
"382",37,"HN - 9",1,0.25,"control","High","HN"
"383",43,"HN - 9",2,0.166666667,"control","High","HN"
"384",48,"HN - 9",0,-0.4,"control","High","HN"
"385",1,"HS - 1",0,0,"50%","High","HS"
"386",2,"HS - 1",4,4,"50%","High","HS"
"387",3,"HS - 1",2,-2,"50%","High","HS"
"388",5,"HS - 1",0,-1,"50%","High","HS"
"389",7,"HS - 1",0,0,"50%","High","HS"
"390",9,"HS - 1",2,1,"50%","High","HS"
"391",11,"HS - 1",1,-0.5,"50%","High","HS"
"392",13,"HS - 1",2,0.5,"50%","High","HS"
"393",18,"HS - 1",0,-0.4,"50%","High","HS"
"394",23,"HS - 1",0,0,"50%","High","HS"
"395",26,"HS - 1",1,0.333333333,"50%","High","HS"
"396",30,"HS - 1",0,-0.25,"50%","High","HS"
"397",33,"HS - 1",2,0.666666667,"50%","High","HS"
"398",37,"HS - 1",1,-0.25,"50%","High","HS"
"399",43,"HS - 1",5,0.666666667,"50%","High","HS"
"400",48,"HS - 1",1,-0.8,"50%","High","HS"
"401",1,"HS - 10",0,0,"0%","High","HS"
"402",2,"HS - 10",0,0,"0%","High","HS"
"403",3,"HS - 10",3,3,"0%","High","HS"
"404",5,"HS - 10",2,-0.5,"0%","High","HS"
"405",7,"HS - 10",0,-1,"0%","High","HS"
"406",9,"HS - 10",0,0,"0%","High","HS"
"407",11,"HS - 10",0,0,"0%","High","HS"
"408",13,"HS - 10",0,0,"0%","High","HS"
"409",18,"HS - 10",1,0.2,"0%","High","HS"
"410",23,"HS - 10",5,0.8,"0%","High","HS"
"411",26,"HS - 10",3,-0.666666667,"0%","High","HS"
"412",30,"HS - 10",1,-0.5,"0%","High","HS"
"413",33,"HS - 10",2,0.333333333,"0%","High","HS"
"414",37,"HS - 10",3,0.25,"0%","High","HS"
"415",43,"HS - 10",0,-0.5,"0%","High","HS"
"416",48,"HS - 10",2,0.4,"0%","High","HS"
"417",1,"HS - 11",0,0,"50%","High","HS"
"418",2,"HS - 11",0,0,"50%","High","HS"
"419",3,"HS - 11",6,6,"50%","High","HS"
"420",5,"HS - 11",1,-2.5,"50%","High","HS"
"421",7,"HS - 11",3,1,"50%","High","HS"
"422",9,"HS - 11",0,-1.5,"50%","High","HS"
"423",11,"HS - 11",3,1.5,"50%","High","HS"
"424",13,"HS - 11",0,-1.5,"50%","High","HS"
"425",18,"HS - 11",2,0.4,"50%","High","HS"
"426",23,"HS - 11",5,0.6,"50%","High","HS"
"427",26,"HS - 11",0,-1.666666667,"50%","High","HS"
"428",30,"HS - 11",1,0.25,"50%","High","HS"
"429",33,"HS - 11",3,0.666666667,"50%","High","HS"
"430",37,"HS - 11",2,-0.25,"50%","High","HS"
"431",43,"HS - 11",1,-0.166666667,"50%","High","HS"
"432",48,"HS - 11",2,0.2,"50%","High","HS"
"433",1,"HS - 12",3,0,"0%","High","HS"
"434",2,"HS - 12",3,0,"0%","High","HS"
"435",3,"HS - 12",4,1,"0%","High","HS"
"436",5,"HS - 12",4,0,"0%","High","HS"
"437",7,"HS - 12",0,-2,"0%","High","HS"
"438",9,"HS - 12",6,3,"0%","High","HS"
"439",11,"HS - 12",6,0,"0%","High","HS"
"440",13,"HS - 12",2,-2,"0%","High","HS"
"441",18,"HS - 12",0,-0.4,"0%","High","HS"
"442",23,"HS - 12",9,1.8,"0%","High","HS"
"443",26,"HS - 12",4,-1.666666667,"0%","High","HS"
"444",30,"HS - 12",15,2.75,"0%","High","HS"
"445",33,"HS - 12",11,-1.333333333,"0%","High","HS"
"446",37,"HS - 12",9,-0.5,"0%","High","HS"
"447",43,"HS - 12",8,-0.166666667,"0%","High","HS"
"448",48,"HS - 12",4,-0.8,"0%","High","HS"
"449",1,"HS - 13",10,0,"control","High","HS"
"450",2,"HS - 13",3,-7,"control","High","HS"
"451",3,"HS - 13",2,-1,"control","High","HS"
"452",5,"HS - 13",2,0,"control","High","HS"
"453",7,"HS - 13",2,0,"control","High","HS"
"454",9,"HS - 13",7,2.5,"control","High","HS"
"455",11,"HS - 13",3,-2,"control","High","HS"
"456",13,"HS - 13",3,0,"control","High","HS"
"457",18,"HS - 13",5,0.4,"control","High","HS"
"458",23,"HS - 13",6,0.2,"control","High","HS"
"459",26,"HS - 13",0,-2,"control","High","HS"
"460",30,"HS - 13",4,1,"control","High","HS"
"461",33,"HS - 13",0,-1.333333333,"control","High","HS"
"462",37,"HS - 13",8,2,"control","High","HS"
"463",43,"HS - 13",3,-0.833333333,"control","High","HS"
"464",48,"HS - 13",2,-0.2,"control","High","HS"
"465",1,"HS - 14",0,0,"100%","High","HS"
"466",2,"HS - 14",0,0,"100%","High","HS"
"467",3,"HS - 14",0,0,"100%","High","HS"
"468",5,"HS - 14",0,0,"100%","High","HS"
"469",7,"HS - 14",0,0,"100%","High","HS"
"470",9,"HS - 14",7,3.5,"100%","High","HS"
"471",11,"HS - 14",2,-2.5,"100%","High","HS"
"472",13,"HS - 14",4,1,"100%","High","HS"
"473",18,"HS - 14",0,-0.8,"100%","High","HS"
"474",23,"HS - 14",8,1.6,"100%","High","HS"
"475",26,"HS - 14",0,-2.666666667,"100%","High","HS"
"476",30,"HS - 14",2,0.5,"100%","High","HS"
"477",33,"HS - 14",1,-0.333333333,"100%","High","HS"
"478",37,"HS - 14",1,0,"100%","High","HS"
"479",43,"HS - 14",2,0.166666667,"100%","High","HS"
"480",48,"HS - 14",0,-0.4,"100%","High","HS"
"481",1,"HS - 15",0,0,"30%","High","HS"
"482",2,"HS - 15",0,0,"30%","High","HS"
"483",3,"HS - 15",3,3,"30%","High","HS"
"484",5,"HS - 15",0,-1.5,"30%","High","HS"
"485",7,"HS - 15",1,0.5,"30%","High","HS"
"486",9,"HS - 15",1,0,"30%","High","HS"
"487",11,"HS - 15",0,-0.5,"30%","High","HS"
"488",13,"HS - 15",0,0,"30%","High","HS"
"489",18,"HS - 15",3,0.6,"30%","High","HS"
"490",23,"HS - 15",0,-0.6,"30%","High","HS"
"491",26,"HS - 15",0,0,"30%","High","HS"
"492",30,"HS - 15",0,0,"30%","High","HS"
"493",33,"HS - 15",0,0,"30%","High","HS"
"494",37,"HS - 15",2,0.5,"30%","High","HS"
"495",43,"HS - 15",0,-0.333333333,"30%","High","HS"
"496",48,"HS - 15",0,0,"30%","High","HS"
"497",1,"HS - 16",1,0,"70%","High","HS"
"498",2,"HS - 16",0,-1,"70%","High","HS"
"499",3,"HS - 16",1,1,"70%","High","HS"
"500",5,"HS - 16",0,-0.5,"70%","High","HS"
"501",7,"HS - 16",0,0,"70%","High","HS"
"502",9,"HS - 16",0,0,"70%","High","HS"
"503",11,"HS - 16",0,0,"70%","High","HS"
"504",13,"HS - 16",1,0.5,"70%","High","HS"
"505",18,"HS - 16",7,1.2,"70%","High","HS"
"506",23,"HS - 16",5,-0.4,"70%","High","HS"
"507",26,"HS - 16",0,-1.666666667,"70%","High","HS"
"508",30,"HS - 16",7,1.75,"70%","High","HS"
"509",33,"HS - 16",1,-2,"70%","High","HS"
"510",37,"HS - 16",0,-0.25,"70%","High","HS"
"511",43,"HS - 16",4,0.666666667,"70%","High","HS"
"512",48,"HS - 16",2,-0.4,"70%","High","HS"
"513",1,"HS - 17",0,0,"0%","High","HS"
"514",2,"HS - 17",5,5,"0%","High","HS"
"515",3,"HS - 17",1,-4,"0%","High","HS"
"516",5,"HS - 17",0,-0.5,"0%","High","HS"
"517",7,"HS - 17",0,0,"0%","High","HS"
"518",9,"HS - 17",1,0.5,"0%","High","HS"
"519",11,"HS - 17",5,2,"0%","High","HS"
"520",13,"HS - 17",3,-1,"0%","High","HS"
"521",18,"HS - 17",1,-0.4,"0%","High","HS"
"522",23,"HS - 17",13,2.4,"0%","High","HS"
"523",26,"HS - 17",7,-2,"0%","High","HS"
"524",30,"HS - 17",1,-1.5,"0%","High","HS"
"525",33,"HS - 17",0,-0.333333333,"0%","High","HS"
"526",37,"HS - 17",10,2.5,"0%","High","HS"
"527",43,"HS - 17",1,-1.5,"0%","High","HS"
"528",48,"HS - 17",3,0.4,"0%","High","HS"
"529",1,"HS - 18",1,0,"100%","High","HS"
"530",2,"HS - 18",6,5,"100%","High","HS"
"531",3,"HS - 18",0,-6,"100%","High","HS"
"532",5,"HS - 18",2,1,"100%","High","HS"
"533",7,"HS - 18",8,3,"100%","High","HS"
"534",9,"HS - 18",2,-3,"100%","High","HS"
"535",11,"HS - 18",5,1.5,"100%","High","HS"
"536",13,"HS - 18",4,-0.5,"100%","High","HS"
"537",18,"HS - 18",3,-0.2,"100%","High","HS"
"538",23,"HS - 18",3,0,"100%","High","HS"
"539",26,"HS - 18",1,-0.666666667,"100%","High","HS"
"540",30,"HS - 18",3,0.5,"100%","High","HS"
"541",33,"HS - 18",0,-1,"100%","High","HS"
"542",37,"HS - 18",4,1,"100%","High","HS"
"543",43,"HS - 18",0,-0.666666667,"100%","High","HS"
"544",48,"HS - 18",0,0,"100%","High","HS"
"545",1,"HS - 19",4,0,"100%","High","HS"
"546",2,"HS - 19",4,0,"100%","High","HS"
"547",3,"HS - 19",3,-1,"100%","High","HS"
"548",5,"HS - 19",4,0.5,"100%","High","HS"
"549",7,"HS - 19",4,0,"100%","High","HS"
"550",9,"HS - 19",0,-2,"100%","High","HS"
"551",11,"HS - 19",4,2,"100%","High","HS"
"552",13,"HS - 19",8,2,"100%","High","HS"
"553",18,"HS - 19",5,-0.6,"100%","High","HS"
"554",23,"HS - 19",12,1.4,"100%","High","HS"
"555",26,"HS - 19",14,0.666666667,"100%","High","HS"
"556",30,"HS - 19",1,-3.25,"100%","High","HS"
"557",33,"HS - 19",4,1,"100%","High","HS"
"558",37,"HS - 19",3,-0.25,"100%","High","HS"
"559",43,"HS - 19",3,0,"100%","High","HS"
"560",48,"HS - 19",4,0.2,"100%","High","HS"
"561",1,"HS - 2",0,0,"control","High","HS"
"562",2,"HS - 2",2,2,"control","High","HS"
"563",3,"HS - 2",5,3,"control","High","HS"
"564",5,"HS - 2",0,-2.5,"control","High","HS"
"565",7,"HS - 2",0,0,"control","High","HS"
"566",9,"HS - 2",1,0.5,"control","High","HS"
"567",11,"HS - 2",3,1,"control","High","HS"
"568",13,"HS - 2",3,0,"control","High","HS"
"569",18,"HS - 2",2,-0.2,"control","High","HS"
"570",23,"HS - 2",2,0,"control","High","HS"
"571",26,"HS - 2",4,0.666666667,"control","High","HS"
"572",30,"HS - 2",3,-0.25,"control","High","HS"
"573",33,"HS - 2",3,0,"control","High","HS"
"574",37,"HS - 2",1,-0.5,"control","High","HS"
"575",43,"HS - 2",2,0.166666667,"control","High","HS"
"576",48,"HS - 2",2,0,"control","High","HS"
"577",1,"HS - 20",3,0,"0%","High","HS"
"578",2,"HS - 20",9,6,"0%","High","HS"
"579",3,"HS - 20",2,-7,"0%","High","HS"
"580",5,"HS - 20",5,1.5,"0%","High","HS"
"581",7,"HS - 20",0,-2.5,"0%","High","HS"
"582",9,"HS - 20",0,0,"0%","High","HS"
"583",11,"HS - 20",1,0.5,"0%","High","HS"
"584",13,"HS - 20",1,0,"0%","High","HS"
"585",18,"HS - 20",2,0.2,"0%","High","HS"
"586",23,"HS - 20",0,-0.4,"0%","High","HS"
"587",26,"HS - 20",2,0.666666667,"0%","High","HS"
"588",30,"HS - 20",2,0,"0%","High","HS"
"589",33,"HS - 20",2,0,"0%","High","HS"
"590",37,"HS - 20",5,0.75,"0%","High","HS"
"591",43,"HS - 20",2,-0.5,"0%","High","HS"
"592",48,"HS - 20",2,0,"0%","High","HS"
"593",1,"HS - 21",1,0,"30%","High","HS"
"594",2,"HS - 21",1,0,"30%","High","HS"
"595",3,"HS - 21",5,4,"30%","High","HS"
"596",5,"HS - 21",0,-2.5,"30%","High","HS"
"597",7,"HS - 21",0,0,"30%","High","HS"
"598",9,"HS - 21",1,0.5,"30%","High","HS"
"599",11,"HS - 21",1,0,"30%","High","HS"
"600",13,"HS - 21",1,0,"30%","High","HS"
"601",18,"HS - 21",1,0,"30%","High","HS"
"602",23,"HS - 21",2,0.2,"30%","High","HS"
"603",26,"HS - 21",2,0,"30%","High","HS"
"604",30,"HS - 21",1,-0.25,"30%","High","HS"
"605",33,"HS - 21",0,-0.333333333,"30%","High","HS"
"606",37,"HS - 21",2,0.5,"30%","High","HS"
"607",43,"HS - 21",0,-0.333333333,"30%","High","HS"
"608",48,"HS - 21",2,0.4,"30%","High","HS"
"609",1,"HS - 22",0,0,"100%","High","HS"
"610",2,"HS - 22",0,0,"100%","High","HS"
"611",3,"HS - 22",0,0,"100%","High","HS"
"612",5,"HS - 22",1,0.5,"100%","High","HS"
"613",7,"HS - 22",0,-0.5,"100%","High","HS"
"614",9,"HS - 22",1,0.5,"100%","High","HS"
"615",11,"HS - 22",1,0,"100%","High","HS"
"616",13,"HS - 22",1,0,"100%","High","HS"
"617",18,"HS - 22",0,-0.2,"100%","High","HS"
"618",23,"HS - 22",3,0.6,"100%","High","HS"
"619",26,"HS - 22",0,-1,"100%","High","HS"
"620",30,"HS - 22",0,0,"100%","High","HS"
"621",33,"HS - 22",0,0,"100%","High","HS"
"622",37,"HS - 22",5,1.25,"100%","High","HS"
"623",43,"HS - 22",0,-0.833333333,"100%","High","HS"
"624",48,"HS - 22",3,0.6,"100%","High","HS"
"625",1,"HS - 23",0,0,"70%","High","HS"
"626",2,"HS - 23",0,0,"70%","High","HS"
"627",3,"HS - 23",0,0,"70%","High","HS"
"628",5,"HS - 23",1,0.5,"70%","High","HS"
"629",7,"HS - 23",2,0.5,"70%","High","HS"
"630",9,"HS - 23",0,-1,"70%","High","HS"
"631",11,"HS - 23",0,0,"70%","High","HS"
"632",13,"HS - 23",0,0,"70%","High","HS"
"633",18,"HS - 23",9,1.8,"70%","High","HS"
"634",23,"HS - 23",3,-1.2,"70%","High","HS"
"635",26,"HS - 23",4,0.333333333,"70%","High","HS"
"636",30,"HS - 23",1,-0.75,"70%","High","HS"
"637",33,"HS - 23",4,1,"70%","High","HS"
"638",37,"HS - 23",6,0.5,"70%","High","HS"
"639",43,"HS - 23",3,-0.5,"70%","High","HS"
"640",48,"HS - 23",6,0.6,"70%","High","HS"
"641",1,"HS - 24",0,0,"control","High","HS"
"642",2,"HS - 24",3,3,"control","High","HS"
"643",3,"HS - 24",3,0,"control","High","HS"
"644",5,"HS - 24",5,1,"control","High","HS"
"645",7,"HS - 24",0,-2.5,"control","High","HS"
"646",9,"HS - 24",0,0,"control","High","HS"
"647",11,"HS - 24",0,0,"control","High","HS"
"648",13,"HS - 24",0,0,"control","High","HS"
"649",18,"HS - 24",6,1.2,"control","High","HS"
"650",23,"HS - 24",2,-0.8,"control","High","HS"
"651",26,"HS - 24",2,0,"control","High","HS"
"652",30,"HS - 24",0,-0.5,"control","High","HS"
"653",33,"HS - 24",1,0.333333333,"control","High","HS"
"654",37,"HS - 24",6,1.25,"control","High","HS"
"655",43,"HS - 24",0,-1,"control","High","HS"
"656",48,"HS - 24",7,1.4,"control","High","HS"
"657",1,"HS - 3",0,0,"50%","High","HS"
"658",2,"HS - 3",1,1,"50%","High","HS"
"659",3,"HS - 3",2,1,"50%","High","HS"
"660",5,"HS - 3",2,0,"50%","High","HS"
"661",7,"HS - 3",1,-0.5,"50%","High","HS"
"662",9,"HS - 3",0,-0.5,"50%","High","HS"
"663",11,"HS - 3",1,0.5,"50%","High","HS"
"664",13,"HS - 3",6,2.5,"50%","High","HS"
"665",18,"HS - 3",2,-0.8,"50%","High","HS"
"666",23,"HS - 3",0,-0.4,"50%","High","HS"
"667",26,"HS - 3",2,0.666666667,"50%","High","HS"
"668",30,"HS - 3",1,-0.25,"50%","High","HS"
"669",33,"HS - 3",1,0,"50%","High","HS"
"670",37,"HS - 3",2,0.25,"50%","High","HS"
"671",43,"HS - 3",3,0.166666667,"50%","High","HS"
"672",48,"HS - 3",6,0.6,"50%","High","HS"
"673",1,"HS - 4",1,0,"70%","High","HS"
"674",2,"HS - 4",0,-1,"70%","High","HS"
"675",3,"HS - 4",0,0,"70%","High","HS"
"676",5,"HS - 4",1,0.5,"70%","High","HS"
"677",7,"HS - 4",2,0.5,"70%","High","HS"
"678",9,"HS - 4",1,-0.5,"70%","High","HS"
"679",11,"HS - 4",0,-0.5,"70%","High","HS"
"680",13,"HS - 4",1,0.5,"70%","High","HS"
"681",18,"HS - 4",0,-0.2,"70%","High","HS"
"682",23,"HS - 4",1,0.2,"70%","High","HS"
"683",26,"HS - 4",0,-0.333333333,"70%","High","HS"
"684",30,"HS - 4",1,0.25,"70%","High","HS"
"685",33,"HS - 4",1,0,"70%","High","HS"
"686",37,"HS - 4",1,0,"70%","High","HS"
"687",43,"HS - 4",1,0,"70%","High","HS"
"688",48,"HS - 4",0,-0.2,"70%","High","HS"
"689",1,"HS - 5",0,0,"control","High","HS"
"690",2,"HS - 5",0,0,"control","High","HS"
"691",3,"HS - 5",1,1,"control","High","HS"
"692",5,"HS - 5",0,-0.5,"control","High","HS"
"693",7,"HS - 5",0,0,"control","High","HS"
"694",9,"HS - 5",0,0,"control","High","HS"
"695",11,"HS - 5",6,3,"control","High","HS"
"696",13,"HS - 5",1,-2.5,"control","High","HS"
"697",18,"HS - 5",0,-0.2,"control","High","HS"
"698",23,"HS - 5",3,0.6,"control","High","HS"
"699",26,"HS - 5",1,-0.666666667,"control","High","HS"
"700",30,"HS - 5",9,2,"control","High","HS"
"701",33,"HS - 5",1,-2.666666667,"control","High","HS"
"702",37,"HS - 5",2,0.25,"control","High","HS"
"703",43,"HS - 5",0,-0.333333333,"control","High","HS"
"704",48,"HS - 5",11,2.2,"control","High","HS"
"705",1,"HS - 6",0,0,"50%","High","HS"
"706",2,"HS - 6",1,1,"50%","High","HS"
"707",3,"HS - 6",10,9,"50%","High","HS"
"708",5,"HS - 6",0,-5,"50%","High","HS"
"709",7,"HS - 6",1,0.5,"50%","High","HS"
"710",9,"HS - 6",0,-0.5,"50%","High","HS"
"711",11,"HS - 6",0,0,"50%","High","HS"
"712",13,"HS - 6",5,2.5,"50%","High","HS"
"713",18,"HS - 6",1,-0.8,"50%","High","HS"
"714",23,"HS - 6",2,0.2,"50%","High","HS"
"715",26,"HS - 6",0,-0.666666667,"50%","High","HS"
"716",30,"HS - 6",1,0.25,"50%","High","HS"
"717",33,"HS - 6",3,0.666666667,"50%","High","HS"
"718",37,"HS - 6",1,-0.5,"50%","High","HS"
"719",43,"HS - 6",1,0,"50%","High","HS"
"720",48,"HS - 6",1,0,"50%","High","HS"
"721",1,"HS - 7",0,0,"30%","High","HS"
"722",2,"HS - 7",0,0,"30%","High","HS"
"723",3,"HS - 7",0,0,"30%","High","HS"
"724",5,"HS - 7",0,0,"30%","High","HS"
"725",7,"HS - 7",0,0,"30%","High","HS"
"726",9,"HS - 7",0,0,"30%","High","HS"
"727",11,"HS - 7",0,0,"30%","High","HS"
"728",13,"HS - 7",1,0.5,"30%","High","HS"
"729",18,"HS - 7",1,0,"30%","High","HS"
"730",23,"HS - 7",2,0.2,"30%","High","HS"
"731",26,"HS - 7",2,0,"30%","High","HS"
"732",30,"HS - 7",0,-0.5,"30%","High","HS"
"733",33,"HS - 7",0,0,"30%","High","HS"
"734",37,"HS - 7",4,1,"30%","High","HS"
"735",43,"HS - 7",2,-0.333333333,"30%","High","HS"
"736",48,"HS - 7",3,0.2,"30%","High","HS"
"737",1,"HS - 8",8,0,"70%","High","HS"
"738",2,"HS - 8",0,-8,"70%","High","HS"
"739",3,"HS - 8",16,16,"70%","High","HS"
"740",5,"HS - 8",9,-3.5,"70%","High","HS"
"741",7,"HS - 8",8,-0.5,"70%","High","HS"
"742",9,"HS - 8",2,-3,"70%","High","HS"
"743",11,"HS - 8",0,-1,"70%","High","HS"
"744",13,"HS - 8",0,0,"70%","High","HS"
"745",18,"HS - 8",3,0.6,"70%","High","HS"
"746",23,"HS - 8",6,0.6,"70%","High","HS"
"747",26,"HS - 8",11,1.666666667,"70%","High","HS"
"748",30,"HS - 8",18,1.75,"70%","High","HS"
"749",33,"HS - 8",2,-5.333333333,"70%","High","HS"
"750",37,"HS - 8",5,0.75,"70%","High","HS"
"751",43,"HS - 8",5,0,"70%","High","HS"
"752",48,"HS - 8",15,2,"70%","High","HS"
"753",1,"HS - 9",0,0,"30%","High","HS"
"754",2,"HS - 9",3,3,"30%","High","HS"
"755",3,"HS - 9",2,-1,"30%","High","HS"
"756",5,"HS - 9",5,1.5,"30%","High","HS"
"757",7,"HS - 9",10,2.5,"30%","High","HS"
"758",9,"HS - 9",5,-2.5,"30%","High","HS"
"759",11,"HS - 9",12,3.5,"30%","High","HS"
"760",13,"HS - 9",2,-5,"30%","High","HS"
"761",18,"HS - 9",3,0.2,"30%","High","HS"
"762",23,"HS - 9",1,-0.4,"30%","High","HS"
"763",26,"HS - 9",11,3.333333333,"30%","High","HS"
"764",30,"HS - 9",10,-0.25,"30%","High","HS"
"765",33,"HS - 9",6,-1.333333333,"30%","High","HS"
"766",37,"HS - 9",17,2.75,"30%","High","HS"
"767",43,"HS - 9",7,-1.666666667,"30%","High","HS"
"768",48,"HS - 9",5,-0.4,"30%","High","HS"
"769",1,"LN - 1",0,0,"70%","Low","LN"
"770",2,"LN - 1",2,2,"70%","Low","LN"
"771",3,"LN - 1",4,2,"70%","Low","LN"
"772",5,"LN - 1",2,-1,"70%","Low","LN"
"773",7,"LN - 1",2,0,"70%","Low","LN"
"774",9,"LN - 1",1,-0.5,"70%","Low","LN"
"775",11,"LN - 1",2,0.5,"70%","Low","LN"
"776",13,"LN - 1",6,2,"70%","Low","LN"
"777",18,"LN - 1",3,-0.6,"70%","Low","LN"
"778",23,"LN - 1",1,-0.4,"70%","Low","LN"
"779",26,"LN - 1",0,-0.333333333,"70%","Low","LN"
"780",30,"LN - 1",1,0.25,"70%","Low","LN"
"781",33,"LN - 1",3,0.666666667,"70%","Low","LN"
"782",37,"LN - 1",1,-0.5,"70%","Low","LN"
"783",43,"LN - 1",1,0,"70%","Low","LN"
"784",48,"LN - 1",3,0.4,"70%","Low","LN"
"785",1,"LN - 10",0,0,"control","Low","LN"
"786",2,"LN - 10",1,1,"control","Low","LN"
"787",3,"LN - 10",2,1,"control","Low","LN"
"788",5,"LN - 10",14,6,"control","Low","LN"
"789",7,"LN - 10",0,-7,"control","Low","LN"
"790",9,"LN - 10",1,0.5,"control","Low","LN"
"791",11,"LN - 10",1,0,"control","Low","LN"
"792",13,"LN - 10",9,4,"control","Low","LN"
"793",18,"LN - 10",0,-1.8,"control","Low","LN"
"794",23,"LN - 10",1,0.2,"control","Low","LN"
"795",26,"LN - 10",2,0.333333333,"control","Low","LN"
"796",30,"LN - 10",1,-0.25,"control","Low","LN"
"797",33,"LN - 10",0,-0.333333333,"control","Low","LN"
"798",37,"LN - 10",0,0,"control","Low","LN"
"799",43,"LN - 10",0,0,"control","Low","LN"
"800",48,"LN - 10",2,0.4,"control","Low","LN"
"801",1,"LN - 11",0,0,"100%","Low","LN"
"802",2,"LN - 11",3,3,"100%","Low","LN"
"803",3,"LN - 11",1,-2,"100%","Low","LN"
"804",5,"LN - 11",5,2,"100%","Low","LN"
"805",7,"LN - 11",0,-2.5,"100%","Low","LN"
"806",9,"LN - 11",3,1.5,"100%","Low","LN"
"807",11,"LN - 11",1,-1,"100%","Low","LN"
"808",13,"LN - 11",0,-0.5,"100%","Low","LN"
"809",18,"LN - 11",0,0,"100%","Low","LN"
"810",23,"LN - 11",0,0,"100%","Low","LN"
"811",26,"LN - 11",1,0.333333333,"100%","Low","LN"
"812",30,"LN - 11",1,0,"100%","Low","LN"
"813",33,"LN - 11",1,0,"100%","Low","LN"
"814",37,"LN - 11",3,0.5,"100%","Low","LN"
"815",43,"LN - 11",1,-0.333333333,"100%","Low","LN"
"816",48,"LN - 11",2,0.2,"100%","Low","LN"
"817",1,"LN - 12",1,0,"50%","Low","LN"
"818",2,"LN - 12",2,1,"50%","Low","LN"
"819",3,"LN - 12",1,-1,"50%","Low","LN"
"820",5,"LN - 12",3,1,"50%","Low","LN"
"821",7,"LN - 12",4,0.5,"50%","Low","LN"
"822",9,"LN - 12",1,-1.5,"50%","Low","LN"
"823",11,"LN - 12",1,0,"50%","Low","LN"
"824",13,"LN - 12",1,0,"50%","Low","LN"
"825",18,"LN - 12",3,0.4,"50%","Low","LN"
"826",23,"LN - 12",1,-0.4,"50%","Low","LN"
"827",26,"LN - 12",1,0,"50%","Low","LN"
"828",30,"LN - 12",2,0.25,"50%","Low","LN"
"829",33,"LN - 12",1,-0.333333333,"50%","Low","LN"
"830",37,"LN - 12",0,-0.25,"50%","Low","LN"
"831",43,"LN - 12",0,0,"50%","Low","LN"
"832",48,"LN - 12",0,0,"50%","Low","LN"
"833",1,"LN - 13",0,0,"0%","Low","LN"
"834",2,"LN - 13",2,2,"0%","Low","LN"
"835",3,"LN - 13",1,-1,"0%","Low","LN"
"836",5,"LN - 13",1,0,"0%","Low","LN"
"837",7,"LN - 13",0,-0.5,"0%","Low","LN"
"838",9,"LN - 13",3,1.5,"0%","Low","LN"
"839",11,"LN - 13",0,-1.5,"0%","Low","LN"
"840",13,"LN - 13",3,1.5,"0%","Low","LN"
"841",18,"LN - 13",6,0.6,"0%","Low","LN"
"842",23,"LN - 13",4,-0.4,"0%","Low","LN"
"843",26,"LN - 13",0,-1.333333333,"0%","Low","LN"
"844",30,"LN - 13",1,0.25,"0%","Low","LN"
"845",33,"LN - 13",1,0,"0%","Low","LN"
"846",37,"LN - 13",1,0,"0%","Low","LN"
"847",43,"LN - 13",1,0,"0%","Low","LN"
"848",48,"LN - 13",0,-0.2,"0%","Low","LN"
"849",1,"LN - 14",2,0,"0%","Low","LN"
"850",2,"LN - 14",5,3,"0%","Low","LN"
"851",3,"LN - 14",2,-3,"0%","Low","LN"
"852",5,"LN - 14",2,0,"0%","Low","LN"
"853",7,"LN - 14",3,0.5,"0%","Low","LN"
"854",9,"LN - 14",1,-1,"0%","Low","LN"
"855",11,"LN - 14",5,2,"0%","Low","LN"
"856",13,"LN - 14",5,0,"0%","Low","LN"
"857",18,"LN - 14",5,0,"0%","Low","LN"
"858",23,"LN - 14",19,2.8,"0%","Low","LN"
"859",26,"LN - 14",1,-6,"0%","Low","LN"
"860",30,"LN - 14",3,0.5,"0%","Low","LN"
"861",33,"LN - 14",4,0.333333333,"0%","Low","LN"
"862",37,"LN - 14",0,-1,"0%","Low","LN"
"863",43,"LN - 14",6,1,"0%","Low","LN"
"864",48,"LN - 14",7,0.2,"0%","Low","LN"
"865",1,"LN - 15",0,0,"control","Low","LN"
"866",2,"LN - 15",1,1,"control","Low","LN"
"867",3,"LN - 15",0,-1,"control","Low","LN"
"868",5,"LN - 15",0,0,"control","Low","LN"
"869",7,"LN - 15",0,0,"control","Low","LN"
"870",9,"LN - 15",0,0,"control","Low","LN"
"871",11,"LN - 15",1,0.5,"control","Low","LN"
"872",13,"LN - 15",1,0,"control","Low","LN"
"873",18,"LN - 15",5,0.8,"control","Low","LN"
"874",23,"LN - 15",1,-0.8,"control","Low","LN"
"875",26,"LN - 15",0,-0.333333333,"control","Low","LN"
"876",30,"LN - 15",5,1.25,"control","Low","LN"
"877",33,"LN - 15",0,-1.666666667,"control","Low","LN"
"878",37,"LN - 15",3,0.75,"control","Low","LN"
"879",43,"LN - 15",1,-0.333333333,"control","Low","LN"
"880",48,"LN - 15",2,0.2,"control","Low","LN"
"881",1,"LN - 16",11,0,"0%","Low","LN"
"882",2,"LN - 16",2,-9,"0%","Low","LN"
"883",3,"LN - 16",1,-1,"0%","Low","LN"
"884",5,"LN - 16",5,2,"0%","Low","LN"
"885",7,"LN - 16",0,-2.5,"0%","Low","LN"
"886",9,"LN - 16",2,1,"0%","Low","LN"
"887",11,"LN - 16",1,-0.5,"0%","Low","LN"
"888",13,"LN - 16",0,-0.5,"0%","Low","LN"
"889",18,"LN - 16",1,0.2,"0%","Low","LN"
"890",23,"LN - 16",3,0.4,"0%","Low","LN"
"891",26,"LN - 16",2,-0.333333333,"0%","Low","LN"
"892",30,"LN - 16",3,0.25,"0%","Low","LN"
"893",33,"LN - 16",1,-0.666666667,"0%","Low","LN"
"894",37,"LN - 16",3,0.5,"0%","Low","LN"
"895",43,"LN - 16",4,0.166666667,"0%","Low","LN"
"896",48,"LN - 16",2,-0.4,"0%","Low","LN"
"897",1,"LN - 17",2,0,"70%","Low","LN"
"898",2,"LN - 17",8,6,"70%","Low","LN"
"899",3,"LN - 17",1,-7,"70%","Low","LN"
"900",5,"LN - 17",6,2.5,"70%","Low","LN"
"901",7,"LN - 17",8,1,"70%","Low","LN"
"902",9,"LN - 17",0,-4,"70%","Low","LN"
"903",11,"LN - 17",5,2.5,"70%","Low","LN"
"904",13,"LN - 17",1,-2,"70%","Low","LN"
"905",18,"LN - 17",2,0.2,"70%","Low","LN"
"906",23,"LN - 17",2,0,"70%","Low","LN"
"907",26,"LN - 17",1,-0.333333333,"70%","Low","LN"
"908",30,"LN - 17",1,0,"70%","Low","LN"
"909",33,"LN - 17",1,0,"70%","Low","LN"
"910",37,"LN - 17",1,0,"70%","Low","LN"
"911",43,"LN - 17",0,-0.166666667,"70%","Low","LN"
"912",48,"LN - 17",3,0.6,"70%","Low","LN"
"913",1,"LN - 18",0,0,"30%","Low","LN"
"914",2,"LN - 18",2,2,"30%","Low","LN"
"915",3,"LN - 18",1,-1,"30%","Low","LN"
"916",5,"LN - 18",0,-0.5,"30%","Low","LN"
"917",7,"LN - 18",2,1,"30%","Low","LN"
"918",9,"LN - 18",0,-1,"30%","Low","LN"
"919",11,"LN - 18",1,0.5,"30%","Low","LN"
"920",13,"LN - 18",2,0.5,"30%","Low","LN"
"921",18,"LN - 18",2,0,"30%","Low","LN"
"922",23,"LN - 18",0,-0.4,"30%","Low","LN"
"923",26,"LN - 18",2,0.666666667,"30%","Low","LN"
"924",30,"LN - 18",2,0,"30%","Low","LN"
"925",33,"LN - 18",4,0.666666667,"30%","Low","LN"
"926",37,"LN - 18",2,-0.5,"30%","Low","LN"
"927",43,"LN - 18",2,0,"30%","Low","LN"
"928",48,"LN - 18",4,0.4,"30%","Low","LN"
"929",1,"LN - 19",1,0,"control","Low","LN"
"930",2,"LN - 19",5,4,"control","Low","LN"
"931",3,"LN - 19",1,-4,"control","Low","LN"
"932",5,"LN - 19",2,0.5,"control","Low","LN"
"933",7,"LN - 19",1,-0.5,"control","Low","LN"
"934",9,"LN - 19",6,2.5,"control","Low","LN"
"935",11,"LN - 19",3,-1.5,"control","Low","LN"
"936",13,"LN - 19",1,-1,"control","Low","LN"
"937",18,"LN - 19",2,0.2,"control","Low","LN"
"938",23,"LN - 19",1,-0.2,"control","Low","LN"
"939",26,"LN - 19",2,0.333333333,"control","Low","LN"
"940",30,"LN - 19",1,-0.25,"control","Low","LN"
"941",33,"LN - 19",1,0,"control","Low","LN"
"942",37,"LN - 19",1,0,"control","Low","LN"
"943",43,"LN - 19",0,-0.166666667,"control","Low","LN"
"944",48,"LN - 19",0,0,"control","Low","LN"
"945",1,"LN - 2",0,0,"30%","Low","LN"
"946",2,"LN - 2",1,1,"30%","Low","LN"
"947",3,"LN - 2",1,0,"30%","Low","LN"
"948",5,"LN - 2",3,1,"30%","Low","LN"
"949",7,"LN - 2",2,-0.5,"30%","Low","LN"
"950",9,"LN - 2",0,-1,"30%","Low","LN"
"951",11,"LN - 2",2,1,"30%","Low","LN"
"952",13,"LN - 2",6,2,"30%","Low","LN"
"953",18,"LN - 2",2,-0.8,"30%","Low","LN"
"954",23,"LN - 2",8,1.2,"30%","Low","LN"
"955",26,"LN - 2",6,-0.666666667,"30%","Low","LN"
"956",30,"LN - 2",4,-0.5,"30%","Low","LN"
"957",33,"LN - 2",4,0,"30%","Low","LN"
"958",37,"LN - 2",1,-0.75,"30%","Low","LN"
"959",43,"LN - 2",4,0.5,"30%","Low","LN"
"960",48,"LN - 2",1,-0.6,"30%","Low","LN"
"961",1,"LN - 20",1,0,"30%","Low","LN"
"962",2,"LN - 20",0,-1,"30%","Low","LN"
"963",3,"LN - 20",0,0,"30%","Low","LN"
"964",5,"LN - 20",5,2.5,"30%","Low","LN"
"965",7,"LN - 20",0,-2.5,"30%","Low","LN"
"966",9,"LN - 20",3,1.5,"30%","Low","LN"
"967",11,"LN - 20",2,-0.5,"30%","Low","LN"
"968",13,"LN - 20",4,1,"30%","Low","LN"
"969",18,"LN - 20",5,0.2,"30%","Low","LN"
"970",23,"LN - 20",6,0.2,"30%","Low","LN"
"971",26,"LN - 20",2,-1.333333333,"30%","Low","LN"
"972",30,"LN - 20",11,2.25,"30%","Low","LN"
"973",33,"LN - 20",5,-2,"30%","Low","LN"
"974",37,"LN - 20",7,0.5,"30%","Low","LN"
"975",43,"LN - 20",4,-0.5,"30%","Low","LN"
"976",48,"LN - 20",2,-0.4,"30%","Low","LN"
"977",1,"LN - 21",1,0,"100%","Low","LN"
"978",2,"LN - 21",2,1,"100%","Low","LN"
"979",3,"LN - 21",0,-2,"100%","Low","LN"
"980",5,"LN - 21",0,0,"100%","Low","LN"
"981",7,"LN - 21",0,0,"100%","Low","LN"
"982",9,"LN - 21",5,2.5,"100%","Low","LN"
"983",11,"LN - 21",3,-1,"100%","Low","LN"
"984",13,"LN - 21",2,-0.5,"100%","Low","LN"
"985",18,"LN - 21",3,0.2,"100%","Low","LN"
"986",23,"LN - 21",8,1,"100%","Low","LN"
"987",26,"LN - 21",4,-1.333333333,"100%","Low","LN"
"988",30,"LN - 21",3,-0.25,"100%","Low","LN"
"989",33,"LN - 21",2,-0.333333333,"100%","Low","LN"
"990",37,"LN - 21",5,0.75,"100%","Low","LN"
"991",43,"LN - 21",0,-0.833333333,"100%","Low","LN"
"992",48,"LN - 21",4,0.8,"100%","Low","LN"
"993",1,"LN - 22",3,0,"70%","Low","LN"
"994",2,"LN - 22",1,-2,"70%","Low","LN"
"995",3,"LN - 22",1,0,"70%","Low","LN"
"996",5,"LN - 22",3,1,"70%","Low","LN"
"997",7,"LN - 22",1,-1,"70%","Low","LN"
"998",9,"LN - 22",2,0.5,"70%","Low","LN"
"999",11,"LN - 22",7,2.5,"70%","Low","LN"
"1000",13,"LN - 22",1,-3,"70%","Low","LN"
"1001",18,"LN - 22",1,0,"70%","Low","LN"
"1002",23,"LN - 22",1,0,"70%","Low","LN"
"1003",26,"LN - 22",4,1,"70%","Low","LN"
"1004",30,"LN - 22",1,-0.75,"70%","Low","LN"
"1005",33,"LN - 22",0,-0.333333333,"70%","Low","LN"
"1006",37,"LN - 22",0,0,"70%","Low","LN"
"1007",43,"LN - 22",0,0,"70%","Low","LN"
"1008",48,"LN - 22",1,0.2,"70%","Low","LN"
"1009",1,"LN - 23",0,0,"50%","Low","LN"
"1010",2,"LN - 23",4,4,"50%","Low","LN"
"1011",3,"LN - 23",0,-4,"50%","Low","LN"
"1012",5,"LN - 23",2,1,"50%","Low","LN"
"1013",7,"LN - 23",0,-1,"50%","Low","LN"
"1014",9,"LN - 23",3,1.5,"50%","Low","LN"
"1015",11,"LN - 23",0,-1.5,"50%","Low","LN"
"1016",13,"LN - 23",3,1.5,"50%","Low","LN"
"1017",18,"LN - 23",1,-0.4,"50%","Low","LN"
"1018",23,"LN - 23",1,0,"50%","Low","LN"
"1019",26,"LN - 23",4,1,"50%","Low","LN"
"1020",30,"LN - 23",5,0.25,"50%","Low","LN"
"1021",33,"LN - 23",2,-1,"50%","Low","LN"
"1022",37,"LN - 23",4,0.5,"50%","Low","LN"
"1023",43,"LN - 23",1,-0.5,"50%","Low","LN"
"1024",48,"LN - 23",4,0.6,"50%","Low","LN"
"1025",1,"LN - 24",1,0,"30%","Low","LN"
"1026",2,"LN - 24",1,0,"30%","Low","LN"
"1027",3,"LN - 24",0,-1,"30%","Low","LN"
"1028",5,"LN - 24",0,0,"30%","Low","LN"
"1029",7,"LN - 24",1,0.5,"30%","Low","LN"
"1030",9,"LN - 24",1,0,"30%","Low","LN"
"1031",11,"LN - 24",3,1,"30%","Low","LN"
"1032",13,"LN - 24",2,-0.5,"30%","Low","LN"
"1033",18,"LN - 24",0,-0.4,"30%","Low","LN"
"1034",23,"LN - 24",3,0.6,"30%","Low","LN"
"1035",26,"LN - 24",2,-0.333333333,"30%","Low","LN"
"1036",30,"LN - 24",1,-0.25,"30%","Low","LN"
"1037",33,"LN - 24",0,-0.333333333,"30%","Low","LN"
"1038",37,"LN - 24",0,0,"30%","Low","LN"
"1039",43,"LN - 24",0,0,"30%","Low","LN"
"1040",48,"LN - 24",0,0,"30%","Low","LN"
"1041",1,"LN - 3",0,0,"70%","Low","LN"
"1042",2,"LN - 3",5,5,"70%","Low","LN"
"1043",3,"LN - 3",2,-3,"70%","Low","LN"
"1044",5,"LN - 3",3,0.5,"70%","Low","LN"
"1045",7,"LN - 3",9,3,"70%","Low","LN"
"1046",9,"LN - 3",0,-4.5,"70%","Low","LN"
"1047",11,"LN - 3",3,1.5,"70%","Low","LN"
"1048",13,"LN - 3",4,0.5,"70%","Low","LN"
"1049",18,"LN - 3",3,-0.2,"70%","Low","LN"
"1050",23,"LN - 3",2,-0.2,"70%","Low","LN"
"1051",26,"LN - 3",6,1.333333333,"70%","Low","LN"
"1052",30,"LN - 3",3,-0.75,"70%","Low","LN"
"1053",33,"LN - 3",5,0.666666667,"70%","Low","LN"
"1054",37,"LN - 3",9,1,"70%","Low","LN"
"1055",43,"LN - 3",5,-0.666666667,"70%","Low","LN"
"1056",48,"LN - 3",7,0.4,"70%","Low","LN"
"1057",1,"LN - 4",0,0,"100%","Low","LN"
"1058",2,"LN - 4",5,5,"100%","Low","LN"
"1059",3,"LN - 4",0,-5,"100%","Low","LN"
"1060",5,"LN - 4",1,0.5,"100%","Low","LN"
"1061",7,"LN - 4",2,0.5,"100%","Low","LN"
"1062",9,"LN - 4",1,-0.5,"100%","Low","LN"
"1063",11,"LN - 4",0,-0.5,"100%","Low","LN"
"1064",13,"LN - 4",4,2,"100%","Low","LN"
"1065",18,"LN - 4",0,-0.8,"100%","Low","LN"
"1066",23,"LN - 4",6,1.2,"100%","Low","LN"
"1067",26,"LN - 4",2,-1.333333333,"100%","Low","LN"
"1068",30,"LN - 4",3,0.25,"100%","Low","LN"
"1069",33,"LN - 4",1,-0.666666667,"100%","Low","LN"
"1070",37,"LN - 4",0,-0.25,"100%","Low","LN"
"1071",43,"LN - 4",2,0.333333333,"100%","Low","LN"
"1072",48,"LN - 4",5,0.6,"100%","Low","LN"
"1073",1,"LN - 5",0,0,"50%","Low","LN"
"1074",2,"LN - 5",0,0,"50%","Low","LN"
"1075",3,"LN - 5",1,1,"50%","Low","LN"
"1076",5,"LN - 5",2,0.5,"50%","Low","LN"
"1077",7,"LN - 5",2,0,"50%","Low","LN"
"1078",9,"LN - 5",0,-1,"50%","Low","LN"
"1079",11,"LN - 5",0,0,"50%","Low","LN"
"1080",13,"LN - 5",1,0.5,"50%","Low","LN"
"1081",18,"LN - 5",1,0,"50%","Low","LN"
"1082",23,"LN - 5",0,-0.2,"50%","Low","LN"
"1083",26,"LN - 5",2,0.666666667,"50%","Low","LN"
"1084",30,"LN - 5",1,-0.25,"50%","Low","LN"
"1085",33,"LN - 5",5,1.333333333,"50%","Low","LN"
"1086",37,"LN - 5",0,-1.25,"50%","Low","LN"
"1087",43,"LN - 5",1,0.166666667,"50%","Low","LN"
"1088",48,"LN - 5",1,0,"50%","Low","LN"
"1089",1,"LN - 6",0,0,"50%","Low","LN"
"1090",2,"LN - 6",1,1,"50%","Low","LN"
"1091",3,"LN - 6",2,1,"50%","Low","LN"
"1092",5,"LN - 6",2,0,"50%","Low","LN"
"1093",7,"LN - 6",2,0,"50%","Low","LN"
"1094",9,"LN - 6",1,-0.5,"50%","Low","LN"
"1095",11,"LN - 6",3,1,"50%","Low","LN"
"1096",13,"LN - 6",2,-0.5,"50%","Low","LN"
"1097",18,"LN - 6",4,0.4,"50%","Low","LN"
"1098",23,"LN - 6",3,-0.2,"50%","Low","LN"
"1099",26,"LN - 6",3,0,"50%","Low","LN"
"1100",30,"LN - 6",5,0.5,"50%","Low","LN"
"1101",33,"LN - 6",1,-1.333333333,"50%","Low","LN"
"1102",37,"LN - 6",9,2,"50%","Low","LN"
"1103",43,"LN - 6",3,-1,"50%","Low","LN"
"1104",48,"LN - 6",1,-0.4,"50%","Low","LN"
"1105",1,"LN - 7",0,0,"0%","Low","LN"
"1106",2,"LN - 7",1,1,"0%","Low","LN"
"1107",3,"LN - 7",1,0,"0%","Low","LN"
"1108",5,"LN - 7",3,1,"0%","Low","LN"
"1109",7,"LN - 7",2,-0.5,"0%","Low","LN"
"1110",9,"LN - 7",3,0.5,"0%","Low","LN"
"1111",11,"LN - 7",1,-1,"0%","Low","LN"
"1112",13,"LN - 7",6,2.5,"0%","Low","LN"
"1113",18,"LN - 7",1,-1,"0%","Low","LN"
"1114",23,"LN - 7",0,-0.2,"0%","Low","LN"
"1115",26,"LN - 7",6,2,"0%","Low","LN"
"1116",30,"LN - 7",5,-0.25,"0%","Low","LN"
"1117",33,"LN - 7",9,1.333333333,"0%","Low","LN"
"1118",37,"LN - 7",7,-0.5,"0%","Low","LN"
"1119",43,"LN - 7",11,0.666666667,"0%","Low","LN"
"1120",48,"LN - 7",3,-1.6,"0%","Low","LN"
"1121",1,"LN - 8",0,0,"control","Low","LN"
"1122",2,"LN - 8",1,1,"control","Low","LN"
"1123",3,"LN - 8",3,2,"control","Low","LN"
"1124",5,"LN - 8",1,-1,"control","Low","LN"
"1125",7,"LN - 8",1,0,"control","Low","LN"
"1126",9,"LN - 8",2,0.5,"control","Low","LN"
"1127",11,"LN - 8",1,-0.5,"control","Low","LN"
"1128",13,"LN - 8",4,1.5,"control","Low","LN"
"1129",18,"LN - 8",2,-0.4,"control","Low","LN"
"1130",23,"LN - 8",2,0,"control","Low","LN"
"1131",26,"LN - 8",2,0,"control","Low","LN"
"1132",30,"LN - 8",4,0.5,"control","Low","LN"
"1133",33,"LN - 8",1,-1,"control","Low","LN"
"1134",37,"LN - 8",1,0,"control","Low","LN"
"1135",43,"LN - 8",1,0,"control","Low","LN"
"1136",48,"LN - 8",0,-0.2,"control","Low","LN"
"1137",1,"LN - 9",3,0,"100%","Low","LN"
"1138",2,"LN - 9",5,2,"100%","Low","LN"
"1139",3,"LN - 9",8,3,"100%","Low","LN"
"1140",5,"LN - 9",9,0.5,"100%","Low","LN"
"1141",7,"LN - 9",4,-2.5,"100%","Low","LN"
"1142",9,"LN - 9",5,0.5,"100%","Low","LN"
"1143",11,"LN - 9",4,-0.5,"100%","Low","LN"
"1144",13,"LN - 9",17,6.5,"100%","Low","LN"
"1145",18,"LN - 9",6,-2.2,"100%","Low","LN"
"1146",23,"LN - 9",5,-0.2,"100%","Low","LN"
"1147",26,"LN - 9",4,-0.333333333,"100%","Low","LN"
"1148",30,"LN - 9",3,-0.25,"100%","Low","LN"
"1149",33,"LN - 9",1,-0.666666667,"100%","Low","LN"
"1150",37,"LN - 9",1,0,"100%","Low","LN"
"1151",43,"LN - 9",3,0.333333333,"100%","Low","LN"
"1152",48,"LN - 9",3,0,"100%","Low","LN"
"1153",1,"LS - 1",0,0,"100%","Low","LS"
"1154",2,"LS - 1",1,1,"100%","Low","LS"
"1155",3,"LS - 1",0,-1,"100%","Low","LS"
"1156",5,"LS - 1",1,0.5,"100%","Low","LS"
"1157",7,"LS - 1",9,4,"100%","Low","LS"
"1158",9,"LS - 1",1,-4,"100%","Low","LS"
"1159",11,"LS - 1",1,0,"100%","Low","LS"
"1160",13,"LS - 1",2,0.5,"100%","Low","LS"
"1161",18,"LS - 1",3,0.2,"100%","Low","LS"
"1162",23,"LS - 1",1,-0.4,"100%","Low","LS"
"1163",26,"LS - 1",1,0,"100%","Low","LS"
"1164",30,"LS - 1",3,0.5,"100%","Low","LS"
"1165",33,"LS - 1",4,0.333333333,"100%","Low","LS"
"1166",37,"LS - 1",1,-0.75,"100%","Low","LS"
"1167",43,"LS - 1",2,0.166666667,"100%","Low","LS"
"1168",48,"LS - 1",2,0,"100%","Low","LS"
"1169",1,"LS - 10",1,0,"70%","Low","LS"
"1170",2,"LS - 10",2,1,"70%","Low","LS"
"1171",3,"LS - 10",0,-2,"70%","Low","LS"
"1172",5,"LS - 10",0,0,"70%","Low","LS"
"1173",7,"LS - 10",0,0,"70%","Low","LS"
"1174",9,"LS - 10",0,0,"70%","Low","LS"
"1175",11,"LS - 10",1,0.5,"70%","Low","LS"
"1176",13,"LS - 10",3,1,"70%","Low","LS"
"1177",18,"LS - 10",3,0,"70%","Low","LS"
"1178",23,"LS - 10",3,0,"70%","Low","LS"
"1179",26,"LS - 10",2,-0.333333333,"70%","Low","LS"
"1180",30,"LS - 10",2,0,"70%","Low","LS"
"1181",33,"LS - 10",2,0,"70%","Low","LS"
"1182",37,"LS - 10",4,0.5,"70%","Low","LS"
"1183",43,"LS - 10",17,2.166666667,"70%","Low","LS"
"1184",48,"LS - 10",0,-3.4,"70%","Low","LS"
"1185",1,"LS - 11",0,0,"30%","Low","LS"
"1186",2,"LS - 11",0,0,"30%","Low","LS"
"1187",3,"LS - 11",2,2,"30%","Low","LS"
"1188",5,"LS - 11",2,0,"30%","Low","LS"
"1189",7,"LS - 11",1,-0.5,"30%","Low","LS"
"1190",9,"LS - 11",1,0,"30%","Low","LS"
"1191",11,"LS - 11",1,0,"30%","Low","LS"
"1192",13,"LS - 11",1,0,"30%","Low","LS"
"1193",18,"LS - 11",4,0.6,"30%","Low","LS"
"1194",23,"LS - 11",5,0.2,"30%","Low","LS"
"1195",26,"LS - 11",7,0.666666667,"30%","Low","LS"
"1196",30,"LS - 11",1,-1.5,"30%","Low","LS"
"1197",33,"LS - 11",0,-0.333333333,"30%","Low","LS"
"1198",37,"LS - 11",6,1.5,"30%","Low","LS"
"1199",43,"LS - 11",1,-0.833333333,"30%","Low","LS"
"1200",48,"LS - 11",2,0.2,"30%","Low","LS"
"1201",1,"LS - 12",1,0,"control","Low","LS"
"1202",2,"LS - 12",0,-1,"control","Low","LS"
"1203",3,"LS - 12",0,0,"control","Low","LS"
"1204",5,"LS - 12",0,0,"control","Low","LS"
"1205",7,"LS - 12",0,0,"control","Low","LS"
"1206",9,"LS - 12",0,0,"control","Low","LS"
"1207",11,"LS - 12",1,0.5,"control","Low","LS"
"1208",13,"LS - 12",0,-0.5,"control","Low","LS"
"1209",18,"LS - 12",3,0.6,"control","Low","LS"
"1210",23,"LS - 12",6,0.6,"control","Low","LS"
"1211",26,"LS - 12",3,-1,"control","Low","LS"
"1212",30,"LS - 12",4,0.25,"control","Low","LS"
"1213",33,"LS - 12",0,-1.333333333,"control","Low","LS"
"1214",37,"LS - 12",12,3,"control","Low","LS"
"1215",43,"LS - 12",5,-1.166666667,"control","Low","LS"
"1216",48,"LS - 12",2,-0.6,"control","Low","LS"
"1217",1,"LS - 13",5,0,"70%","Low","LS"
"1218",2,"LS - 13",0,-5,"70%","Low","LS"
"1219",3,"LS - 13",5,5,"70%","Low","LS"
"1220",5,"LS - 13",15,5,"70%","Low","LS"
"1221",7,"LS - 13",12,-1.5,"70%","Low","LS"
"1222",9,"LS - 13",9,-1.5,"70%","Low","LS"
"1223",11,"LS - 13",2,-3.5,"70%","Low","LS"
"1224",13,"LS - 13",12,5,"70%","Low","LS"
"1225",18,"LS - 13",5,-1.4,"70%","Low","LS"
"1226",23,"LS - 13",9,0.8,"70%","Low","LS"
"1227",26,"LS - 13",3,-2,"70%","Low","LS"
"1228",30,"LS - 13",5,0.5,"70%","Low","LS"
"1229",33,"LS - 13",3,-0.666666667,"70%","Low","LS"
"1230",37,"LS - 13",3,0,"70%","Low","LS"
"1231",43,"LS - 13",16,2.166666667,"70%","Low","LS"
"1232",48,"LS - 13",16,0,"70%","Low","LS"
"1233",1,"LS - 14",3,0,"50%","Low","LS"
"1234",2,"LS - 14",0,-3,"50%","Low","LS"
"1235",3,"LS - 14",5,5,"50%","Low","LS"
"1236",5,"LS - 14",12,3.5,"50%","Low","LS"
"1237",7,"LS - 14",4,-4,"50%","Low","LS"
"1238",9,"LS - 14",1,-1.5,"50%","Low","LS"
"1239",11,"LS - 14",15,7,"50%","Low","LS"
"1240",13,"LS - 14",2,-6.5,"50%","Low","LS"
"1241",18,"LS - 14",15,2.6,"50%","Low","LS"
"1242",23,"LS - 14",0,-3,"50%","Low","LS"
"1243",26,"LS - 14",3,1,"50%","Low","LS"
"1244",30,"LS - 14",13,2.5,"50%","Low","LS"
"1245",33,"LS - 14",5,-2.666666667,"50%","Low","LS"
"1246",37,"LS - 14",0,-1.25,"50%","Low","LS"
"1247",43,"LS - 14",6,1,"50%","Low","LS"
"1248",48,"LS - 14",6,0,"50%","Low","LS"
"1249",1,"LS - 15",0,0,"0%","Low","LS"
"1250",2,"LS - 15",0,0,"0%","Low","LS"
"1251",3,"LS - 15",2,2,"0%","Low","LS"
"1252",5,"LS - 15",2,0,"0%","Low","LS"
"1253",7,"LS - 15",0,-1,"0%","Low","LS"
"1254",9,"LS - 15",1,0.5,"0%","Low","LS"
"1255",11,"LS - 15",2,0.5,"0%","Low","LS"
"1256",13,"LS - 15",5,1.5,"0%","Low","LS"
"1257",18,"LS - 15",3,-0.4,"0%","Low","LS"
"1258",23,"LS - 15",2,-0.2,"0%","Low","LS"
"1259",26,"LS - 15",4,0.666666667,"0%","Low","LS"
"1260",30,"LS - 15",1,-0.75,"0%","Low","LS"
"1261",33,"LS - 15",0,-0.333333333,"0%","Low","LS"
"1262",37,"LS - 15",1,0.25,"0%","Low","LS"
"1263",43,"LS - 15",4,0.5,"0%","Low","LS"
"1264",48,"LS - 15",1,-0.6,"0%","Low","LS"
"1265",1,"LS - 16",0,0,"50%","Low","LS"
"1266",2,"LS - 16",0,0,"50%","Low","LS"
"1267",3,"LS - 16",4,4,"50%","Low","LS"
"1268",5,"LS - 16",0,-2,"50%","Low","LS"
"1269",7,"LS - 16",2,1,"50%","Low","LS"
"1270",9,"LS - 16",2,0,"50%","Low","LS"
"1271",11,"LS - 16",3,0.5,"50%","Low","LS"
"1272",13,"LS - 16",0,-1.5,"50%","Low","LS"
"1273",18,"LS - 16",0,0,"50%","Low","LS"
"1274",23,"LS - 16",5,1,"50%","Low","LS"
"1275",26,"LS - 16",1,-1.333333333,"50%","Low","LS"
"1276",30,"LS - 16",2,0.25,"50%","Low","LS"
"1277",33,"LS - 16",0,-0.666666667,"50%","Low","LS"
"1278",37,"LS - 16",4,1,"50%","Low","LS"
"1279",43,"LS - 16",1,-0.5,"50%","Low","LS"
"1280",48,"LS - 16",0,-0.2,"50%","Low","LS"
"1281",1,"LS - 17",3,0,"70%","Low","LS"
"1282",2,"LS - 17",1,-2,"70%","Low","LS"
"1283",3,"LS - 17",5,4,"70%","Low","LS"
"1284",5,"LS - 17",2,-1.5,"70%","Low","LS"
"1285",7,"LS - 17",0,-1,"70%","Low","LS"
"1286",9,"LS - 17",12,6,"70%","Low","LS"
"1287",11,"LS - 17",2,-5,"70%","Low","LS"
"1288",13,"LS - 17",4,1,"70%","Low","LS"
"1289",18,"LS - 17",1,-0.6,"70%","Low","LS"
"1290",23,"LS - 17",13,2.4,"70%","Low","LS"
"1291",26,"LS - 17",2,-3.666666667,"70%","Low","LS"
"1292",30,"LS - 17",2,0,"70%","Low","LS"
"1293",33,"LS - 17",3,0.333333333,"70%","Low","LS"
"1294",37,"LS - 17",2,-0.25,"70%","Low","LS"
"1295",43,"LS - 17",4,0.333333333,"70%","Low","LS"
"1296",48,"LS - 17",7,0.6,"70%","Low","LS"
"1297",1,"LS - 18",3,0,"100%","Low","LS"
"1298",2,"LS - 18",2,-1,"100%","Low","LS"
"1299",3,"LS - 18",0,-2,"100%","Low","LS"
"1300",5,"LS - 18",1,0.5,"100%","Low","LS"
"1301",7,"LS - 18",0,-0.5,"100%","Low","LS"
"1302",9,"LS - 18",3,1.5,"100%","Low","LS"
"1303",11,"LS - 18",2,-0.5,"100%","Low","LS"
"1304",13,"LS - 18",6,2,"100%","Low","LS"
"1305",18,"LS - 18",2,-0.8,"100%","Low","LS"
"1306",23,"LS - 18",1,-0.2,"100%","Low","LS"
"1307",26,"LS - 18",8,2.333333333,"100%","Low","LS"
"1308",30,"LS - 18",1,-1.75,"100%","Low","LS"
"1309",33,"LS - 18",2,0.333333333,"100%","Low","LS"
"1310",37,"LS - 18",3,0.25,"100%","Low","LS"
"1311",43,"LS - 18",1,-0.333333333,"100%","Low","LS"
"1312",48,"LS - 18",6,1,"100%","Low","LS"
"1313",1,"LS - 19",1,0,"control","Low","LS"
"1314",2,"LS - 19",0,-1,"control","Low","LS"
"1315",3,"LS - 19",0,0,"control","Low","LS"
"1316",5,"LS - 19",1,0.5,"control","Low","LS"
"1317",7,"LS - 19",0,-0.5,"control","Low","LS"
"1318",9,"LS - 19",0,0,"control","Low","LS"
"1319",11,"LS - 19",0,0,"control","Low","LS"
"1320",13,"LS - 19",2,1,"control","Low","LS"
"1321",18,"LS - 19",0,-0.4,"control","Low","LS"
"1322",23,"LS - 19",2,0.4,"control","Low","LS"
"1323",26,"LS - 19",2,0,"control","Low","LS"
"1324",30,"LS - 19",1,-0.25,"control","Low","LS"
"1325",33,"LS - 19",1,0,"control","Low","LS"
"1326",37,"LS - 19",0,-0.25,"control","Low","LS"
"1327",43,"LS - 19",1,0.166666667,"control","Low","LS"
"1328",48,"LS - 19",4,0.6,"control","Low","LS"
"1329",1,"LS - 2",2,0,"0%","Low","LS"
"1330",2,"LS - 2",1,-1,"0%","Low","LS"
"1331",3,"LS - 2",0,-1,"0%","Low","LS"
"1332",5,"LS - 2",8,4,"0%","Low","LS"
"1333",7,"LS - 2",2,-3,"0%","Low","LS"
"1334",9,"LS - 2",1,-0.5,"0%","Low","LS"
"1335",11,"LS - 2",5,2,"0%","Low","LS"
"1336",13,"LS - 2",5,0,"0%","Low","LS"
"1337",18,"LS - 2",2,-0.6,"0%","Low","LS"
"1338",23,"LS - 2",4,0.4,"0%","Low","LS"
"1339",26,"LS - 2",2,-0.666666667,"0%","Low","LS"
"1340",30,"LS - 2",2,0,"0%","Low","LS"
"1341",33,"LS - 2",2,0,"0%","Low","LS"
"1342",37,"LS - 2",4,0.5,"0%","Low","LS"
"1343",43,"LS - 2",3,-0.166666667,"0%","Low","LS"
"1344",48,"LS - 2",4,0.2,"0%","Low","LS"
"1345",1,"LS - 20",0,0,"30%","Low","LS"
"1346",2,"LS - 20",3,3,"30%","Low","LS"
"1347",3,"LS - 20",6,3,"30%","Low","LS"
"1348",5,"LS - 20",0,-3,"30%","Low","LS"
"1349",7,"LS - 20",1,0.5,"30%","Low","LS"
"1350",9,"LS - 20",0,-0.5,"30%","Low","LS"
"1351",11,"LS - 20",1,0.5,"30%","Low","LS"
"1352",13,"LS - 20",1,0,"30%","Low","LS"
"1353",18,"LS - 20",4,0.6,"30%","Low","LS"
"1354",23,"LS - 20",10,1.2,"30%","Low","LS"
"1355",26,"LS - 20",0,-3.333333333,"30%","Low","LS"
"1356",30,"LS - 20",0,0,"30%","Low","LS"
"1357",33,"LS - 20",1,0.333333333,"30%","Low","LS"
"1358",37,"LS - 20",8,1.75,"30%","Low","LS"
"1359",43,"LS - 20",0,-1.333333333,"30%","Low","LS"
"1360",48,"LS - 20",7,1.4,"30%","Low","LS"
"1361",1,"LS - 21",0,0,"70%","Low","LS"
"1362",2,"LS - 21",1,1,"70%","Low","LS"
"1363",3,"LS - 21",1,0,"70%","Low","LS"
"1364",5,"LS - 21",1,0,"70%","Low","LS"
"1365",7,"LS - 21",0,-0.5,"70%","Low","LS"
"1366",9,"LS - 21",0,0,"70%","Low","LS"
"1367",11,"LS - 21",1,0.5,"70%","Low","LS"
"1368",13,"LS - 21",4,1.5,"70%","Low","LS"
"1369",18,"LS - 21",1,-0.6,"70%","Low","LS"
"1370",23,"LS - 21",0,-0.2,"70%","Low","LS"
"1371",26,"LS - 21",4,1.333333333,"70%","Low","LS"
"1372",30,"LS - 21",1,-0.75,"70%","Low","LS"
"1373",33,"LS - 21",2,0.333333333,"70%","Low","LS"
"1374",37,"LS - 21",0,-0.5,"70%","Low","LS"
"1375",43,"LS - 21",0,0,"70%","Low","LS"
"1376",48,"LS - 21",0,0,"70%","Low","LS"
"1377",1,"LS - 22",3,0,"100%","Low","LS"
"1378",2,"LS - 22",0,-3,"100%","Low","LS"
"1379",3,"LS - 22",1,1,"100%","Low","LS"
"1380",5,"LS - 22",4,1.5,"100%","Low","LS"
"1381",7,"LS - 22",3,-0.5,"100%","Low","LS"
"1382",9,"LS - 22",0,-1.5,"100%","Low","LS"
"1383",11,"LS - 22",0,0,"100%","Low","LS"
"1384",13,"LS - 22",5,2.5,"100%","Low","LS"
"1385",18,"LS - 22",2,-0.6,"100%","Low","LS"
"1386",23,"LS - 22",1,-0.2,"100%","Low","LS"
"1387",26,"LS - 22",2,0.333333333,"100%","Low","LS"
"1388",30,"LS - 22",1,-0.25,"100%","Low","LS"
"1389",33,"LS - 22",0,-0.333333333,"100%","Low","LS"
"1390",37,"LS - 22",1,0.25,"100%","Low","LS"
"1391",43,"LS - 22",2,0.166666667,"100%","Low","LS"
"1392",48,"LS - 22",5,0.6,"100%","Low","LS"
"1393",1,"LS - 23",2,0,"30%","Low","LS"
"1394",2,"LS - 23",0,-2,"30%","Low","LS"
"1395",3,"LS - 23",2,2,"30%","Low","LS"
"1396",5,"LS - 23",3,0.5,"30%","Low","LS"
"1397",7,"LS - 23",0,-1.5,"30%","Low","LS"
"1398",9,"LS - 23",0,0,"30%","Low","LS"
"1399",11,"LS - 23",1,0.5,"30%","Low","LS"
"1400",13,"LS - 23",6,2.5,"30%","Low","LS"
"1401",18,"LS - 23",2,-0.8,"30%","Low","LS"
"1402",23,"LS - 23",1,-0.2,"30%","Low","LS"
"1403",26,"LS - 23",12,3.666666667,"30%","Low","LS"
"1404",30,"LS - 23",2,-2.5,"30%","Low","LS"
"1405",33,"LS - 23",1,-0.333333333,"30%","Low","LS"
"1406",37,"LS - 23",2,0.25,"30%","Low","LS"
"1407",43,"LS - 23",2,0,"30%","Low","LS"
"1408",48,"LS - 23",10,1.6,"30%","Low","LS"
"1409",1,"LS - 24",1,0,"50%","Low","LS"
"1410",2,"LS - 24",1,0,"50%","Low","LS"
"1411",3,"LS - 24",1,0,"50%","Low","LS"
"1412",5,"LS - 24",0,-0.5,"50%","Low","LS"
"1413",7,"LS - 24",3,1.5,"50%","Low","LS"
"1414",9,"LS - 24",0,-1.5,"50%","Low","LS"
"1415",11,"LS - 24",0,0,"50%","Low","LS"
"1416",13,"LS - 24",2,1,"50%","Low","LS"
"1417",18,"LS - 24",0,-0.4,"50%","Low","LS"
"1418",23,"LS - 24",3,0.6,"50%","Low","LS"
"1419",26,"LS - 24",4,0.333333333,"50%","Low","LS"
"1420",30,"LS - 24",1,-0.75,"50%","Low","LS"
"1421",33,"LS - 24",1,0,"50%","Low","LS"
"1422",37,"LS - 24",2,0.25,"50%","Low","LS"
"1423",43,"LS - 24",0,-0.333333333,"50%","Low","LS"
"1424",48,"LS - 24",2,0.4,"50%","Low","LS"
"1425",1,"LS - 3",0,0,"50%","Low","LS"
"1426",2,"LS - 3",0,0,"50%","Low","LS"
"1427",3,"LS - 3",4,4,"50%","Low","LS"
"1428",5,"LS - 3",2,-1,"50%","Low","LS"
"1429",7,"LS - 3",3,0.5,"50%","Low","LS"
"1430",9,"LS - 3",0,-1.5,"50%","Low","LS"
"1431",11,"LS - 3",0,0,"50%","Low","LS"
"1432",13,"LS - 3",12,6,"50%","Low","LS"
"1433",18,"LS - 3",2,-2,"50%","Low","LS"
"1434",23,"LS - 3",2,0,"50%","Low","LS"
"1435",26,"LS - 3",0,-0.666666667,"50%","Low","LS"
"1436",30,"LS - 3",5,1.25,"50%","Low","LS"
"1437",33,"LS - 3",3,-0.666666667,"50%","Low","LS"
"1438",37,"LS - 3",2,-0.25,"50%","Low","LS"
"1439",43,"LS - 3",2,0,"50%","Low","LS"
"1440",48,"LS - 3",1,-0.2,"50%","Low","LS"
"1441",1,"LS - 4",0,0,"control","Low","LS"
"1442",2,"LS - 4",0,0,"control","Low","LS"
"1443",3,"LS - 4",2,2,"control","Low","LS"
"1444",5,"LS - 4",2,0,"control","Low","LS"
"1445",7,"LS - 4",1,-0.5,"control","Low","LS"
"1446",9,"LS - 4",0,-0.5,"control","Low","LS"
"1447",11,"LS - 4",0,0,"control","Low","LS"
"1448",13,"LS - 4",2,1,"control","Low","LS"
"1449",18,"LS - 4",0,-0.4,"control","Low","LS"
"1450",23,"LS - 4",0,0,"control","Low","LS"
"1451",26,"LS - 4",0,0,"control","Low","LS"
"1452",30,"LS - 4",2,0.5,"control","Low","LS"
"1453",33,"LS - 4",4,0.666666667,"control","Low","LS"
"1454",37,"LS - 4",0,-1,"control","Low","LS"
"1455",43,"LS - 4",0,0,"control","Low","LS"
"1456",48,"LS - 4",1,0.2,"control","Low","LS"
"1457",1,"LS - 5",3,0,"30%","Low","LS"
"1458",2,"LS - 5",1,-2,"30%","Low","LS"
"1459",3,"LS - 5",0,-1,"30%","Low","LS"
"1460",5,"LS - 5",1,0.5,"30%","Low","LS"
"1461",7,"LS - 5",4,1.5,"30%","Low","LS"
"1462",9,"LS - 5",0,-2,"30%","Low","LS"
"1463",11,"LS - 5",0,0,"30%","Low","LS"
"1464",13,"LS - 5",11,5.5,"30%","Low","LS"
"1465",18,"LS - 5",5,-1.2,"30%","Low","LS"
"1466",23,"LS - 5",10,1,"30%","Low","LS"
"1467",26,"LS - 5",5,-1.666666667,"30%","Low","LS"
"1468",30,"LS - 5",1,-1,"30%","Low","LS"
"1469",33,"LS - 5",1,0,"30%","Low","LS"
"1470",37,"LS - 5",0,-0.25,"30%","Low","LS"
"1471",43,"LS - 5",2,0.333333333,"30%","Low","LS"
"1472",48,"LS - 5",0,-0.4,"30%","Low","LS"
"1473",1,"LS - 6",5,0,"100%","Low","LS"
"1474",2,"LS - 6",7,2,"100%","Low","LS"
"1475",3,"LS - 6",3,-4,"100%","Low","LS"
"1476",5,"LS - 6",18,7.5,"100%","Low","LS"
"1477",7,"LS - 6",24,3,"100%","Low","LS"
"1478",9,"LS - 6",15,-4.5,"100%","Low","LS"
"1479",11,"LS - 6",19,2,"100%","Low","LS"
"1480",13,"LS - 6",18,-0.5,"100%","Low","LS"
"1481",18,"LS - 6",8,-2,"100%","Low","LS"
"1482",23,"LS - 6",8,0,"100%","Low","LS"
"1483",26,"LS - 6",18,3.333333333,"100%","Low","LS"
"1484",30,"LS - 6",11,-1.75,"100%","Low","LS"
"1485",33,"LS - 6",15,1.333333333,"100%","Low","LS"
"1486",37,"LS - 6",7,-2,"100%","Low","LS"
"1487",43,"LS - 6",27,3.333333333,"100%","Low","LS"
"1488",48,"LS - 6",14,-2.6,"100%","Low","LS"
"1489",1,"LS - 7",1,0,"control","Low","LS"
"1490",2,"LS - 7",0,-1,"control","Low","LS"
"1491",3,"LS - 7",3,3,"control","Low","LS"
"1492",5,"LS - 7",0,-1.5,"control","Low","LS"
"1493",7,"LS - 7",0,0,"control","Low","LS"
"1494",9,"LS - 7",1,0.5,"control","Low","LS"
"1495",11,"LS - 7",0,-0.5,"control","Low","LS"
"1496",13,"LS - 7",3,1.5,"control","Low","LS"
"1497",18,"LS - 7",0,-0.6,"control","Low","LS"
"1498",23,"LS - 7",0,0,"control","Low","LS"
"1499",26,"LS - 7",0,0,"control","Low","LS"
"1500",30,"LS - 7",2,0.5,"control","Low","LS"
"1501",33,"LS - 7",1,-0.333333333,"control","Low","LS"
"1502",37,"LS - 7",0,-0.25,"control","Low","LS"
"1503",43,"LS - 7",3,0.5,"control","Low","LS"
"1504",48,"LS - 7",2,-0.2,"control","Low","LS"
"1505",1,"LS - 8",0,0,"0%","Low","LS"
"1506",2,"LS - 8",1,1,"0%","Low","LS"
"1507",3,"LS - 8",1,0,"0%","Low","LS"
"1508",5,"LS - 8",0,-0.5,"0%","Low","LS"
"1509",7,"LS - 8",1,0.5,"0%","Low","LS"
"1510",9,"LS - 8",1,0,"0%","Low","LS"
"1511",11,"LS - 8",0,-0.5,"0%","Low","LS"
"1512",13,"LS - 8",1,0.5,"0%","Low","LS"
"1513",18,"LS - 8",3,0.4,"0%","Low","LS"
"1514",23,"LS - 8",13,2,"0%","Low","LS"
"1515",26,"LS - 8",2,-3.666666667,"0%","Low","LS"
"1516",30,"LS - 8",0,-0.5,"0%","Low","LS"
"1517",33,"LS - 8",1,0.333333333,"0%","Low","LS"
"1518",37,"LS - 8",0,-0.25,"0%","Low","LS"
"1519",43,"LS - 8",3,0.5,"0%","Low","LS"
"1520",48,"LS - 8",0,-0.6,"0%","Low","LS"
"1521",1,"LS - 9",1,0,"0%","Low","LS"
"1522",2,"LS - 9",2,1,"0%","Low","LS"
"1523",3,"LS - 9",5,3,"0%","Low","LS"
"1524",5,"LS - 9",4,-0.5,"0%","Low","LS"
"1525",7,"LS - 9",7,1.5,"0%","Low","LS"
"1526",9,"LS - 9",0,-3.5,"0%","Low","LS"
"1527",11,"LS - 9",3,1.5,"0%","Low","LS"
"1528",13,"LS - 9",4,0.5,"0%","Low","LS"
"1529",18,"LS - 9",3,-0.2,"0%","Low","LS"
"1530",23,"LS - 9",5,0.4,"0%","Low","LS"
"1531",26,"LS - 9",12,2.333333333,"0%","Low","LS"
"1532",30,"LS - 9",4,-2,"0%","Low","LS"
"1533",33,"LS - 9",7,1,"0%","Low","LS"
"1534",37,"LS - 9",8,0.25,"0%","Low","LS"
"1535",43,"LS - 9",8,0,"0%","Low","LS"
"1536",48,"LS - 9",4,-0.8,"0%","Low","LS"
