plot,grid_number,date,abundance,plot_grid,treatment,complexity,plot_date,days_since_outplanting
HN,1,02-Jul-19,7,HN - 1,30%,High,HN - 02-Jul-19,23
HN,1,05-Jul-19,6,HN - 1,30%,High,HN - 05-Jul-19,26
HN,1,05-Jun-19,0,HN - 1,30%,High,HN - 05-Jun-19,1
HN,1,06-Jun-19,1,HN - 1,30%,High,HN - 06-Jun-19,2
HN,1,07-Jun-19,1,HN - 1,30%,High,HN - 07-Jun-19,3
HN,1,09-Jul-19,0,HN - 1,30%,High,HN - 09-Jul-19,30
HN,1,11-Jun-19,4,HN - 1,30%,High,HN - 11-Jun-19,5
HN,1,13-Jun-19,1,HN - 1,30%,High,HN - 13-Jun-19,7
HN,1,15-Jul-19,0,HN - 1,30%,High,HN - 15-Jul-19,33
HN,1,15-Jun-19,0,HN - 1,30%,High,HN - 15-Jun-19,9
HN,1,20-Jul-19,1,HN - 1,30%,High,HN - 20-Jul-19,37
HN,1,20-Jun-19,1,HN - 1,30%,High,HN - 20-Jun-19,11
HN,1,25-Jul-19,4,HN - 1,30%,High,HN - 25-Jul-19,43
HN,1,25-Jun-19,7,HN - 1,30%,High,HN - 25-Jun-19,13
HN,1,28-Jul-19,14,HN - 1,30%,High,HN - 28-Jul-19,48
HN,1,28-Jun-19,0,HN - 1,30%,High,HN - 28-Jun-19,18
HN,2,02-Jul-19,6,HN - 2,70%,High,HN - 02-Jul-19,23
HN,2,05-Jul-19,0,HN - 2,70%,High,HN - 05-Jul-19,26
HN,2,05-Jun-19,0,HN - 2,70%,High,HN - 05-Jun-19,1
HN,2,06-Jun-19,0,HN - 2,70%,High,HN - 06-Jun-19,2
HN,2,07-Jun-19,2,HN - 2,70%,High,HN - 07-Jun-19,3
HN,2,09-Jul-19,1,HN - 2,70%,High,HN - 09-Jul-19,30
HN,2,11-Jun-19,0,HN - 2,70%,High,HN - 11-Jun-19,5
HN,2,13-Jun-19,1,HN - 2,70%,High,HN - 13-Jun-19,7
HN,2,15-Jul-19,0,HN - 2,70%,High,HN - 15-Jul-19,33
HN,2,15-Jun-19,11,HN - 2,70%,High,HN - 15-Jun-19,9
HN,2,20-Jul-19,3,HN - 2,70%,High,HN - 20-Jul-19,37
HN,2,20-Jun-19,0,HN - 2,70%,High,HN - 20-Jun-19,11
HN,2,25-Jul-19,5,HN - 2,70%,High,HN - 25-Jul-19,43
HN,2,25-Jun-19,5,HN - 2,70%,High,HN - 25-Jun-19,13
HN,2,28-Jul-19,19,HN - 2,70%,High,HN - 28-Jul-19,48
HN,2,28-Jun-19,0,HN - 2,70%,High,HN - 28-Jun-19,18
HN,3,02-Jul-19,0,HN - 3,50%,High,HN - 02-Jul-19,23
HN,3,05-Jul-19,0,HN - 3,50%,High,HN - 05-Jul-19,26
HN,3,05-Jun-19,0,HN - 3,50%,High,HN - 05-Jun-19,1
HN,3,06-Jun-19,0,HN - 3,50%,High,HN - 06-Jun-19,2
HN,3,07-Jun-19,0,HN - 3,50%,High,HN - 07-Jun-19,3
HN,3,09-Jul-19,0,HN - 3,50%,High,HN - 09-Jul-19,30
HN,3,11-Jun-19,0,HN - 3,50%,High,HN - 11-Jun-19,5
HN,3,13-Jun-19,0,HN - 3,50%,High,HN - 13-Jun-19,7
HN,3,15-Jul-19,0,HN - 3,50%,High,HN - 15-Jul-19,33
HN,3,15-Jun-19,0,HN - 3,50%,High,HN - 15-Jun-19,9
HN,3,20-Jul-19,0,HN - 3,50%,High,HN - 20-Jul-19,37
HN,3,20-Jun-19,0,HN - 3,50%,High,HN - 20-Jun-19,11
HN,3,25-Jul-19,0,HN - 3,50%,High,HN - 25-Jul-19,43
HN,3,25-Jun-19,0,HN - 3,50%,High,HN - 25-Jun-19,13
HN,3,28-Jul-19,0,HN - 3,50%,High,HN - 28-Jul-19,48
HN,3,28-Jun-19,8,HN - 3,50%,High,HN - 28-Jun-19,18
HN,4,02-Jul-19,0,HN - 4,control,High,HN - 02-Jul-19,23
HN,4,05-Jul-19,0,HN - 4,control,High,HN - 05-Jul-19,26
HN,4,05-Jun-19,0,HN - 4,control,High,HN - 05-Jun-19,1
HN,4,06-Jun-19,5,HN - 4,control,High,HN - 06-Jun-19,2
HN,4,07-Jun-19,0,HN - 4,control,High,HN - 07-Jun-19,3
HN,4,09-Jul-19,1,HN - 4,control,High,HN - 09-Jul-19,30
HN,4,11-Jun-19,10,HN - 4,control,High,HN - 11-Jun-19,5
HN,4,13-Jun-19,0,HN - 4,control,High,HN - 13-Jun-19,7
HN,4,15-Jul-19,3,HN - 4,control,High,HN - 15-Jul-19,33
HN,4,15-Jun-19,2,HN - 4,control,High,HN - 15-Jun-19,9
HN,4,20-Jul-19,3,HN - 4,control,High,HN - 20-Jul-19,37
HN,4,20-Jun-19,5,HN - 4,control,High,HN - 20-Jun-19,11
HN,4,25-Jul-19,1,HN - 4,control,High,HN - 25-Jul-19,43
HN,4,25-Jun-19,4,HN - 4,control,High,HN - 25-Jun-19,13
HN,4,28-Jul-19,0,HN - 4,control,High,HN - 28-Jul-19,48
HN,4,28-Jun-19,2,HN - 4,control,High,HN - 28-Jun-19,18
HN,5,02-Jul-19,1,HN - 5,70%,High,HN - 02-Jul-19,23
HN,5,05-Jul-19,0,HN - 5,70%,High,HN - 05-Jul-19,26
HN,5,05-Jun-19,0,HN - 5,70%,High,HN - 05-Jun-19,1
HN,5,06-Jun-19,0,HN - 5,70%,High,HN - 06-Jun-19,2
HN,5,07-Jun-19,3,HN - 5,70%,High,HN - 07-Jun-19,3
HN,5,09-Jul-19,1,HN - 5,70%,High,HN - 09-Jul-19,30
HN,5,11-Jun-19,1,HN - 5,70%,High,HN - 11-Jun-19,5
HN,5,13-Jun-19,0,HN - 5,70%,High,HN - 13-Jun-19,7
HN,5,15-Jul-19,5,HN - 5,70%,High,HN - 15-Jul-19,33
HN,5,15-Jun-19,2,HN - 5,70%,High,HN - 15-Jun-19,9
HN,5,20-Jul-19,0,HN - 5,70%,High,HN - 20-Jul-19,37
HN,5,20-Jun-19,6,HN - 5,70%,High,HN - 20-Jun-19,11
HN,5,25-Jul-19,6,HN - 5,70%,High,HN - 25-Jul-19,43
HN,5,25-Jun-19,2,HN - 5,70%,High,HN - 25-Jun-19,13
HN,5,28-Jul-19,1,HN - 5,70%,High,HN - 28-Jul-19,48
HN,5,28-Jun-19,6,HN - 5,70%,High,HN - 28-Jun-19,18
HN,6,02-Jul-19,3,HN - 6,30%,High,HN - 02-Jul-19,23
HN,6,05-Jul-19,0,HN - 6,30%,High,HN - 05-Jul-19,26
HN,6,05-Jun-19,0,HN - 6,30%,High,HN - 05-Jun-19,1
HN,6,06-Jun-19,2,HN - 6,30%,High,HN - 06-Jun-19,2
HN,6,07-Jun-19,0,HN - 6,30%,High,HN - 07-Jun-19,3
HN,6,09-Jul-19,0,HN - 6,30%,High,HN - 09-Jul-19,30
HN,6,11-Jun-19,0,HN - 6,30%,High,HN - 11-Jun-19,5
HN,6,13-Jun-19,4,HN - 6,30%,High,HN - 13-Jun-19,7
HN,6,15-Jul-19,6,HN - 6,30%,High,HN - 15-Jul-19,33
HN,6,15-Jun-19,3,HN - 6,30%,High,HN - 15-Jun-19,9
HN,6,20-Jul-19,2,HN - 6,30%,High,HN - 20-Jul-19,37
HN,6,20-Jun-19,3,HN - 6,30%,High,HN - 20-Jun-19,11
HN,6,25-Jul-19,4,HN - 6,30%,High,HN - 25-Jul-19,43
HN,6,25-Jun-19,1,HN - 6,30%,High,HN - 25-Jun-19,13
HN,6,28-Jul-19,0,HN - 6,30%,High,HN - 28-Jul-19,48
HN,6,28-Jun-19,1,HN - 6,30%,High,HN - 28-Jun-19,18
HN,7,02-Jul-19,1,HN - 7,100%,High,HN - 02-Jul-19,23
HN,7,05-Jul-19,0,HN - 7,100%,High,HN - 05-Jul-19,26
HN,7,05-Jun-19,0,HN - 7,100%,High,HN - 05-Jun-19,1
HN,7,06-Jun-19,3,HN - 7,100%,High,HN - 06-Jun-19,2
HN,7,07-Jun-19,4,HN - 7,100%,High,HN - 07-Jun-19,3
HN,7,09-Jul-19,1,HN - 7,100%,High,HN - 09-Jul-19,30
HN,7,11-Jun-19,0,HN - 7,100%,High,HN - 11-Jun-19,5
HN,7,13-Jun-19,0,HN - 7,100%,High,HN - 13-Jun-19,7
HN,7,15-Jul-19,0,HN - 7,100%,High,HN - 15-Jul-19,33
HN,7,15-Jun-19,0,HN - 7,100%,High,HN - 15-Jun-19,9
HN,7,20-Jul-19,14,HN - 7,100%,High,HN - 20-Jul-19,37
HN,7,20-Jun-19,3,HN - 7,100%,High,HN - 20-Jun-19,11
HN,7,25-Jul-19,0,HN - 7,100%,High,HN - 25-Jul-19,43
HN,7,25-Jun-19,0,HN - 7,100%,High,HN - 25-Jun-19,13
HN,7,28-Jul-19,1,HN - 7,100%,High,HN - 28-Jul-19,48
HN,7,28-Jun-19,0,HN - 7,100%,High,HN - 28-Jun-19,18
HN,8,02-Jul-19,1,HN - 8,50%,High,HN - 02-Jul-19,23
HN,8,05-Jul-19,0,HN - 8,50%,High,HN - 05-Jul-19,26
HN,8,05-Jun-19,0,HN - 8,50%,High,HN - 05-Jun-19,1
HN,8,06-Jun-19,0,HN - 8,50%,High,HN - 06-Jun-19,2
HN,8,07-Jun-19,6,HN - 8,50%,High,HN - 07-Jun-19,3
HN,8,09-Jul-19,0,HN - 8,50%,High,HN - 09-Jul-19,30
HN,8,11-Jun-19,0,HN - 8,50%,High,HN - 11-Jun-19,5
HN,8,13-Jun-19,9,HN - 8,50%,High,HN - 13-Jun-19,7
HN,8,15-Jul-19,0,HN - 8,50%,High,HN - 15-Jul-19,33
HN,8,15-Jun-19,4,HN - 8,50%,High,HN - 15-Jun-19,9
HN,8,20-Jul-19,7,HN - 8,50%,High,HN - 20-Jul-19,37
HN,8,20-Jun-19,7,HN - 8,50%,High,HN - 20-Jun-19,11
HN,8,25-Jul-19,0,HN - 8,50%,High,HN - 25-Jul-19,43
HN,8,25-Jun-19,0,HN - 8,50%,High,HN - 25-Jun-19,13
HN,8,28-Jul-19,1,HN - 8,50%,High,HN - 28-Jul-19,48
HN,8,28-Jun-19,5,HN - 8,50%,High,HN - 28-Jun-19,18
HN,9,02-Jul-19,0,HN - 9,control,High,HN - 02-Jul-19,23
HN,9,05-Jul-19,0,HN - 9,control,High,HN - 05-Jul-19,26
HN,9,05-Jun-19,0,HN - 9,control,High,HN - 05-Jun-19,1
HN,9,06-Jun-19,5,HN - 9,control,High,HN - 06-Jun-19,2
HN,9,07-Jun-19,2,HN - 9,control,High,HN - 07-Jun-19,3
HN,9,09-Jul-19,0,HN - 9,control,High,HN - 09-Jul-19,30
HN,9,11-Jun-19,1,HN - 9,control,High,HN - 11-Jun-19,5
HN,9,13-Jun-19,0,HN - 9,control,High,HN - 13-Jun-19,7
HN,9,15-Jul-19,1,HN - 9,control,High,HN - 15-Jul-19,33
HN,9,15-Jun-19,4,HN - 9,control,High,HN - 15-Jun-19,9
HN,9,20-Jul-19,2,HN - 9,control,High,HN - 20-Jul-19,37
HN,9,20-Jun-19,2,HN - 9,control,High,HN - 20-Jun-19,11
HN,9,25-Jul-19,1,HN - 9,control,High,HN - 25-Jul-19,43
HN,9,25-Jun-19,0,HN - 9,control,High,HN - 25-Jun-19,13
HN,9,28-Jul-19,4,HN - 9,control,High,HN - 28-Jul-19,48
HN,9,28-Jun-19,6,HN - 9,control,High,HN - 28-Jun-19,18
HN,10,02-Jul-19,2,HN - 10,control,High,HN - 02-Jul-19,23
HN,10,05-Jul-19,2,HN - 10,control,High,HN - 05-Jul-19,26
HN,10,05-Jun-19,0,HN - 10,control,High,HN - 05-Jun-19,1
HN,10,06-Jun-19,4,HN - 10,control,High,HN - 06-Jun-19,2
HN,10,07-Jun-19,3,HN - 10,control,High,HN - 07-Jun-19,3
HN,10,09-Jul-19,0,HN - 10,control,High,HN - 09-Jul-19,30
HN,10,11-Jun-19,0,HN - 10,control,High,HN - 11-Jun-19,5
HN,10,13-Jun-19,0,HN - 10,control,High,HN - 13-Jun-19,7
HN,10,15-Jul-19,4,HN - 10,control,High,HN - 15-Jul-19,33
HN,10,15-Jun-19,2,HN - 10,control,High,HN - 15-Jun-19,9
HN,10,20-Jul-19,4,HN - 10,control,High,HN - 20-Jul-19,37
HN,10,20-Jun-19,0,HN - 10,control,High,HN - 20-Jun-19,11
HN,10,25-Jul-19,3,HN - 10,control,High,HN - 25-Jul-19,43
HN,10,25-Jun-19,0,HN - 10,control,High,HN - 25-Jun-19,13
HN,10,28-Jul-19,2,HN - 10,control,High,HN - 28-Jul-19,48
HN,10,28-Jun-19,7,HN - 10,control,High,HN - 28-Jun-19,18
HN,11,02-Jul-19,1,HN - 11,30%,High,HN - 02-Jul-19,23
HN,11,05-Jul-19,0,HN - 11,30%,High,HN - 05-Jul-19,26
HN,11,05-Jun-19,0,HN - 11,30%,High,HN - 05-Jun-19,1
HN,11,06-Jun-19,0,HN - 11,30%,High,HN - 06-Jun-19,2
HN,11,07-Jun-19,1,HN - 11,30%,High,HN - 07-Jun-19,3
HN,11,09-Jul-19,0,HN - 11,30%,High,HN - 09-Jul-19,30
HN,11,11-Jun-19,3,HN - 11,30%,High,HN - 11-Jun-19,5
HN,11,13-Jun-19,7,HN - 11,30%,High,HN - 13-Jun-19,7
HN,11,15-Jul-19,0,HN - 11,30%,High,HN - 15-Jul-19,33
HN,11,15-Jun-19,0,HN - 11,30%,High,HN - 15-Jun-19,9
HN,11,20-Jul-19,0,HN - 11,30%,High,HN - 20-Jul-19,37
HN,11,20-Jun-19,0,HN - 11,30%,High,HN - 20-Jun-19,11
HN,11,25-Jul-19,0,HN - 11,30%,High,HN - 25-Jul-19,43
HN,11,25-Jun-19,0,HN - 11,30%,High,HN - 25-Jun-19,13
HN,11,28-Jul-19,3,HN - 11,30%,High,HN - 28-Jul-19,48
HN,11,28-Jun-19,0,HN - 11,30%,High,HN - 28-Jun-19,18
HN,12,02-Jul-19,0,HN - 12,70%,High,HN - 02-Jul-19,23
HN,12,05-Jul-19,5,HN - 12,70%,High,HN - 05-Jul-19,26
HN,12,05-Jun-19,0,HN - 12,70%,High,HN - 05-Jun-19,1
HN,12,06-Jun-19,0,HN - 12,70%,High,HN - 06-Jun-19,2
HN,12,07-Jun-19,0,HN - 12,70%,High,HN - 07-Jun-19,3
HN,12,09-Jul-19,0,HN - 12,70%,High,HN - 09-Jul-19,30
HN,12,11-Jun-19,0,HN - 12,70%,High,HN - 11-Jun-19,5
HN,12,13-Jun-19,0,HN - 12,70%,High,HN - 13-Jun-19,7
HN,12,15-Jul-19,0,HN - 12,70%,High,HN - 15-Jul-19,33
HN,12,15-Jun-19,0,HN - 12,70%,High,HN - 15-Jun-19,9
HN,12,20-Jul-19,7,HN - 12,70%,High,HN - 20-Jul-19,37
HN,12,20-Jun-19,0,HN - 12,70%,High,HN - 20-Jun-19,11
HN,12,25-Jul-19,0,HN - 12,70%,High,HN - 25-Jul-19,43
HN,12,25-Jun-19,0,HN - 12,70%,High,HN - 25-Jun-19,13
HN,12,28-Jul-19,4,HN - 12,70%,High,HN - 28-Jul-19,48
HN,12,28-Jun-19,9,HN - 12,70%,High,HN - 28-Jun-19,18
HN,13,02-Jul-19,4,HN - 13,100%,High,HN - 02-Jul-19,23
HN,13,05-Jul-19,1,HN - 13,100%,High,HN - 05-Jul-19,26
HN,13,05-Jun-19,0,HN - 13,100%,High,HN - 05-Jun-19,1
HN,13,06-Jun-19,4,HN - 13,100%,High,HN - 06-Jun-19,2
HN,13,07-Jun-19,4,HN - 13,100%,High,HN - 07-Jun-19,3
HN,13,09-Jul-19,2,HN - 13,100%,High,HN - 09-Jul-19,30
HN,13,11-Jun-19,1,HN - 13,100%,High,HN - 11-Jun-19,5
HN,13,13-Jun-19,5,HN - 13,100%,High,HN - 13-Jun-19,7
HN,13,15-Jul-19,4,HN - 13,100%,High,HN - 15-Jul-19,33
HN,13,15-Jun-19,0,HN - 13,100%,High,HN - 15-Jun-19,9
HN,13,20-Jul-19,10,HN - 13,100%,High,HN - 20-Jul-19,37
HN,13,20-Jun-19,4,HN - 13,100%,High,HN - 20-Jun-19,11
HN,13,25-Jul-19,14,HN - 13,100%,High,HN - 25-Jul-19,43
HN,13,25-Jun-19,19,HN - 13,100%,High,HN - 25-Jun-19,13
HN,13,28-Jul-19,6,HN - 13,100%,High,HN - 28-Jul-19,48
HN,13,28-Jun-19,1,HN - 13,100%,High,HN - 28-Jun-19,18
HN,14,02-Jul-19,1,HN - 14,0%,High,HN - 02-Jul-19,23
HN,14,05-Jul-19,2,HN - 14,0%,High,HN - 05-Jul-19,26
HN,14,05-Jun-19,0,HN - 14,0%,High,HN - 05-Jun-19,1
HN,14,06-Jun-19,1,HN - 14,0%,High,HN - 06-Jun-19,2
HN,14,07-Jun-19,1,HN - 14,0%,High,HN - 07-Jun-19,3
HN,14,09-Jul-19,0,HN - 14,0%,High,HN - 09-Jul-19,30
HN,14,11-Jun-19,10,HN - 14,0%,High,HN - 11-Jun-19,5
HN,14,13-Jun-19,1,HN - 14,0%,High,HN - 13-Jun-19,7
HN,14,15-Jul-19,3,HN - 14,0%,High,HN - 15-Jul-19,33
HN,14,15-Jun-19,7,HN - 14,0%,High,HN - 15-Jun-19,9
HN,14,20-Jul-19,0,HN - 14,0%,High,HN - 20-Jul-19,37
HN,14,20-Jun-19,8,HN - 14,0%,High,HN - 20-Jun-19,11
HN,14,25-Jul-19,5,HN - 14,0%,High,HN - 25-Jul-19,43
HN,14,25-Jun-19,5,HN - 14,0%,High,HN - 25-Jun-19,13
HN,14,28-Jul-19,0,HN - 14,0%,High,HN - 28-Jul-19,48
HN,14,28-Jun-19,0,HN - 14,0%,High,HN - 28-Jun-19,18
HN,15,02-Jul-19,0,HN - 15,50%,High,HN - 02-Jul-19,23
HN,15,05-Jul-19,0,HN - 15,50%,High,HN - 05-Jul-19,26
HN,15,05-Jun-19,2,HN - 15,50%,High,HN - 05-Jun-19,1
HN,15,06-Jun-19,0,HN - 15,50%,High,HN - 06-Jun-19,2
HN,15,07-Jun-19,0,HN - 15,50%,High,HN - 07-Jun-19,3
HN,15,09-Jul-19,2,HN - 15,50%,High,HN - 09-Jul-19,30
HN,15,11-Jun-19,14,HN - 15,50%,High,HN - 11-Jun-19,5
HN,15,13-Jun-19,0,HN - 15,50%,High,HN - 13-Jun-19,7
HN,15,15-Jul-19,0,HN - 15,50%,High,HN - 15-Jul-19,33
HN,15,15-Jun-19,1,HN - 15,50%,High,HN - 15-Jun-19,9
HN,15,20-Jul-19,0,HN - 15,50%,High,HN - 20-Jul-19,37
HN,15,20-Jun-19,0,HN - 15,50%,High,HN - 20-Jun-19,11
HN,15,25-Jul-19,4,HN - 15,50%,High,HN - 25-Jul-19,43
HN,15,25-Jun-19,0,HN - 15,50%,High,HN - 25-Jun-19,13
HN,15,28-Jul-19,0,HN - 15,50%,High,HN - 28-Jul-19,48
HN,15,28-Jun-19,1,HN - 15,50%,High,HN - 28-Jun-19,18
HN,16,02-Jul-19,1,HN - 16,100%,High,HN - 02-Jul-19,23
HN,16,05-Jul-19,1,HN - 16,100%,High,HN - 05-Jul-19,26
HN,16,05-Jun-19,1,HN - 16,100%,High,HN - 05-Jun-19,1
HN,16,06-Jun-19,1,HN - 16,100%,High,HN - 06-Jun-19,2
HN,16,07-Jun-19,1,HN - 16,100%,High,HN - 07-Jun-19,3
HN,16,09-Jul-19,1,HN - 16,100%,High,HN - 09-Jul-19,30
HN,16,11-Jun-19,9,HN - 16,100%,High,HN - 11-Jun-19,5
HN,16,13-Jun-19,0,HN - 16,100%,High,HN - 13-Jun-19,7
HN,16,15-Jul-19,4,HN - 16,100%,High,HN - 15-Jul-19,33
HN,16,15-Jun-19,11,HN - 16,100%,High,HN - 15-Jun-19,9
HN,16,20-Jul-19,3,HN - 16,100%,High,HN - 20-Jul-19,37
HN,16,20-Jun-19,3,HN - 16,100%,High,HN - 20-Jun-19,11
HN,16,25-Jul-19,3,HN - 16,100%,High,HN - 25-Jul-19,43
HN,16,25-Jun-19,1,HN - 16,100%,High,HN - 25-Jun-19,13
HN,16,28-Jul-19,0,HN - 16,100%,High,HN - 28-Jul-19,48
HN,16,28-Jun-19,2,HN - 16,100%,High,HN - 28-Jun-19,18
HN,17,02-Jul-19,6,HN - 17,control,High,HN - 02-Jul-19,23
HN,17,05-Jul-19,0,HN - 17,control,High,HN - 05-Jul-19,26
HN,17,05-Jun-19,1,HN - 17,control,High,HN - 05-Jun-19,1
HN,17,06-Jun-19,1,HN - 17,control,High,HN - 06-Jun-19,2
HN,17,07-Jun-19,6,HN - 17,control,High,HN - 07-Jun-19,3
HN,17,09-Jul-19,0,HN - 17,control,High,HN - 09-Jul-19,30
HN,17,11-Jun-19,5,HN - 17,control,High,HN - 11-Jun-19,5
HN,17,13-Jun-19,5,HN - 17,control,High,HN - 13-Jun-19,7
HN,17,15-Jul-19,0,HN - 17,control,High,HN - 15-Jul-19,33
HN,17,15-Jun-19,2,HN - 17,control,High,HN - 15-Jun-19,9
HN,17,20-Jul-19,5,HN - 17,control,High,HN - 20-Jul-19,37
HN,17,20-Jun-19,4,HN - 17,control,High,HN - 20-Jun-19,11
HN,17,25-Jul-19,3,HN - 17,control,High,HN - 25-Jul-19,43
HN,17,25-Jun-19,1,HN - 17,control,High,HN - 25-Jun-19,13
HN,17,28-Jul-19,2,HN - 17,control,High,HN - 28-Jul-19,48
HN,17,28-Jun-19,3,HN - 17,control,High,HN - 28-Jun-19,18
HN,18,02-Jul-19,1,HN - 18,0%,High,HN - 02-Jul-19,23
HN,18,05-Jul-19,15,HN - 18,0%,High,HN - 05-Jul-19,26
HN,18,05-Jun-19,0,HN - 18,0%,High,HN - 05-Jun-19,1
HN,18,06-Jun-19,1,HN - 18,0%,High,HN - 06-Jun-19,2
HN,18,07-Jun-19,3,HN - 18,0%,High,HN - 07-Jun-19,3
HN,18,09-Jul-19,2,HN - 18,0%,High,HN - 09-Jul-19,30
HN,18,11-Jun-19,11,HN - 18,0%,High,HN - 11-Jun-19,5
HN,18,13-Jun-19,2,HN - 18,0%,High,HN - 13-Jun-19,7
HN,18,15-Jul-19,2,HN - 18,0%,High,HN - 15-Jul-19,33
HN,18,15-Jun-19,4,HN - 18,0%,High,HN - 15-Jun-19,9
HN,18,20-Jul-19,4,HN - 18,0%,High,HN - 20-Jul-19,37
HN,18,20-Jun-19,2,HN - 18,0%,High,HN - 20-Jun-19,11
HN,18,25-Jul-19,4,HN - 18,0%,High,HN - 25-Jul-19,43
HN,18,25-Jun-19,4,HN - 18,0%,High,HN - 25-Jun-19,13
HN,18,28-Jul-19,0,HN - 18,0%,High,HN - 28-Jul-19,48
HN,18,28-Jun-19,12,HN - 18,0%,High,HN - 28-Jun-19,18
HN,19,02-Jul-19,3,HN - 19,30%,High,HN - 02-Jul-19,23
HN,19,05-Jul-19,1,HN - 19,30%,High,HN - 05-Jul-19,26
HN,19,05-Jun-19,0,HN - 19,30%,High,HN - 05-Jun-19,1
HN,19,06-Jun-19,1,HN - 19,30%,High,HN - 06-Jun-19,2
HN,19,07-Jun-19,1,HN - 19,30%,High,HN - 07-Jun-19,3
HN,19,09-Jul-19,4,HN - 19,30%,High,HN - 09-Jul-19,30
HN,19,11-Jun-19,0,HN - 19,30%,High,HN - 11-Jun-19,5
HN,19,13-Jun-19,5,HN - 19,30%,High,HN - 13-Jun-19,7
HN,19,15-Jul-19,0,HN - 19,30%,High,HN - 15-Jul-19,33
HN,19,15-Jun-19,4,HN - 19,30%,High,HN - 15-Jun-19,9
HN,19,20-Jul-19,1,HN - 19,30%,High,HN - 20-Jul-19,37
HN,19,20-Jun-19,8,HN - 19,30%,High,HN - 20-Jun-19,11
HN,19,25-Jul-19,0,HN - 19,30%,High,HN - 25-Jul-19,43
HN,19,25-Jun-19,0,HN - 19,30%,High,HN - 25-Jun-19,13
HN,19,28-Jul-19,1,HN - 19,30%,High,HN - 28-Jul-19,48
HN,19,28-Jun-19,4,HN - 19,30%,High,HN - 28-Jun-19,18
HN,20,02-Jul-19,1,HN - 20,0%,High,HN - 02-Jul-19,23
HN,20,05-Jul-19,0,HN - 20,0%,High,HN - 05-Jul-19,26
HN,20,05-Jun-19,1,HN - 20,0%,High,HN - 05-Jun-19,1
HN,20,06-Jun-19,0,HN - 20,0%,High,HN - 06-Jun-19,2
HN,20,07-Jun-19,0,HN - 20,0%,High,HN - 07-Jun-19,3
HN,20,09-Jul-19,0,HN - 20,0%,High,HN - 09-Jul-19,30
HN,20,11-Jun-19,1,HN - 20,0%,High,HN - 11-Jun-19,5
HN,20,13-Jun-19,7,HN - 20,0%,High,HN - 13-Jun-19,7
HN,20,15-Jul-19,0,HN - 20,0%,High,HN - 15-Jul-19,33
HN,20,15-Jun-19,3,HN - 20,0%,High,HN - 15-Jun-19,9
HN,20,20-Jul-19,0,HN - 20,0%,High,HN - 20-Jul-19,37
HN,20,20-Jun-19,0,HN - 20,0%,High,HN - 20-Jun-19,11
HN,20,25-Jul-19,0,HN - 20,0%,High,HN - 25-Jul-19,43
HN,20,25-Jun-19,9,HN - 20,0%,High,HN - 25-Jun-19,13
HN,20,28-Jul-19,0,HN - 20,0%,High,HN - 28-Jul-19,48
HN,20,28-Jun-19,13,HN - 20,0%,High,HN - 28-Jun-19,18
HN,21,02-Jul-19,4,HN - 21,70%,High,HN - 02-Jul-19,23
HN,21,05-Jul-19,11,HN - 21,70%,High,HN - 05-Jul-19,26
HN,21,05-Jun-19,5,HN - 21,70%,High,HN - 05-Jun-19,1
HN,21,06-Jun-19,9,HN - 21,70%,High,HN - 06-Jun-19,2
HN,21,07-Jun-19,4,HN - 21,70%,High,HN - 07-Jun-19,3
HN,21,09-Jul-19,3,HN - 21,70%,High,HN - 09-Jul-19,30
HN,21,11-Jun-19,0,HN - 21,70%,High,HN - 11-Jun-19,5
HN,21,13-Jun-19,2,HN - 21,70%,High,HN - 13-Jun-19,7
HN,21,15-Jul-19,3,HN - 21,70%,High,HN - 15-Jul-19,33
HN,21,15-Jun-19,0,HN - 21,70%,High,HN - 15-Jun-19,9
HN,21,20-Jul-19,5,HN - 21,70%,High,HN - 20-Jul-19,37
HN,21,20-Jun-19,5,HN - 21,70%,High,HN - 20-Jun-19,11
HN,21,25-Jul-19,1,HN - 21,70%,High,HN - 25-Jul-19,43
HN,21,25-Jun-19,7,HN - 21,70%,High,HN - 25-Jun-19,13
HN,21,28-Jul-19,2,HN - 21,70%,High,HN - 28-Jul-19,48
HN,21,28-Jun-19,3,HN - 21,70%,High,HN - 28-Jun-19,18
HN,22,02-Jul-19,0,HN - 22,50%,High,HN - 02-Jul-19,23
HN,22,05-Jul-19,1,HN - 22,50%,High,HN - 05-Jul-19,26
HN,22,05-Jun-19,0,HN - 22,50%,High,HN - 05-Jun-19,1
HN,22,06-Jun-19,1,HN - 22,50%,High,HN - 06-Jun-19,2
HN,22,07-Jun-19,0,HN - 22,50%,High,HN - 07-Jun-19,3
HN,22,09-Jul-19,0,HN - 22,50%,High,HN - 09-Jul-19,30
HN,22,11-Jun-19,0,HN - 22,50%,High,HN - 11-Jun-19,5
HN,22,13-Jun-19,1,HN - 22,50%,High,HN - 13-Jun-19,7
HN,22,15-Jul-19,1,HN - 22,50%,High,HN - 15-Jul-19,33
HN,22,15-Jun-19,6,HN - 22,50%,High,HN - 15-Jun-19,9
HN,22,20-Jul-19,1,HN - 22,50%,High,HN - 20-Jul-19,37
HN,22,20-Jun-19,9,HN - 22,50%,High,HN - 20-Jun-19,11
HN,22,25-Jul-19,1,HN - 22,50%,High,HN - 25-Jul-19,43
HN,22,25-Jun-19,0,HN - 22,50%,High,HN - 25-Jun-19,13
HN,22,28-Jul-19,2,HN - 22,50%,High,HN - 28-Jul-19,48
HN,22,28-Jun-19,0,HN - 22,50%,High,HN - 28-Jun-19,18
HN,23,02-Jul-19,3,HN - 23,100%,High,HN - 02-Jul-19,23
HN,23,05-Jul-19,2,HN - 23,100%,High,HN - 05-Jul-19,26
HN,23,05-Jun-19,3,HN - 23,100%,High,HN - 05-Jun-19,1
HN,23,06-Jun-19,2,HN - 23,100%,High,HN - 06-Jun-19,2
HN,23,07-Jun-19,5,HN - 23,100%,High,HN - 07-Jun-19,3
HN,23,09-Jul-19,3,HN - 23,100%,High,HN - 09-Jul-19,30
HN,23,11-Jun-19,3,HN - 23,100%,High,HN - 11-Jun-19,5
HN,23,13-Jun-19,5,HN - 23,100%,High,HN - 13-Jun-19,7
HN,23,15-Jul-19,2,HN - 23,100%,High,HN - 15-Jul-19,33
HN,23,15-Jun-19,2,HN - 23,100%,High,HN - 15-Jun-19,9
HN,23,20-Jul-19,3,HN - 23,100%,High,HN - 20-Jul-19,37
HN,23,20-Jun-19,3,HN - 23,100%,High,HN - 20-Jun-19,11
HN,23,25-Jul-19,2,HN - 23,100%,High,HN - 25-Jul-19,43
HN,23,25-Jun-19,3,HN - 23,100%,High,HN - 25-Jun-19,13
HN,23,28-Jul-19,7,HN - 23,100%,High,HN - 28-Jul-19,48
HN,23,28-Jun-19,2,HN - 23,100%,High,HN - 28-Jun-19,18
HN,24,02-Jul-19,1,HN - 24,0%,High,HN - 02-Jul-19,23
HN,24,05-Jul-19,0,HN - 24,0%,High,HN - 05-Jul-19,26
HN,24,05-Jun-19,0,HN - 24,0%,High,HN - 05-Jun-19,1
HN,24,06-Jun-19,15,HN - 24,0%,High,HN - 06-Jun-19,2
HN,24,07-Jun-19,2,HN - 24,0%,High,HN - 07-Jun-19,3
HN,24,09-Jul-19,1,HN - 24,0%,High,HN - 09-Jul-19,30
HN,24,11-Jun-19,5,HN - 24,0%,High,HN - 11-Jun-19,5
HN,24,13-Jun-19,9,HN - 24,0%,High,HN - 13-Jun-19,7
HN,24,15-Jul-19,15,HN - 24,0%,High,HN - 15-Jul-19,33
HN,24,15-Jun-19,12,HN - 24,0%,High,HN - 15-Jun-19,9
HN,24,20-Jul-19,4,HN - 24,0%,High,HN - 20-Jul-19,37
HN,24,20-Jun-19,14,HN - 24,0%,High,HN - 20-Jun-19,11
HN,24,25-Jul-19,8,HN - 24,0%,High,HN - 25-Jul-19,43
HN,24,25-Jun-19,10,HN - 24,0%,High,HN - 25-Jun-19,13
HN,24,28-Jul-19,2,HN - 24,0%,High,HN - 28-Jul-19,48
HN,24,28-Jun-19,3,HN - 24,0%,High,HN - 28-Jun-19,18
HS,1,02-Jul-19,1,HS - 1,50%,High,HS - 02-Jul-19,23
HS,1,05-Jul-19,2,HS - 1,50%,High,HS - 05-Jul-19,26
HS,1,05-Jun-19,2,HS - 1,50%,High,HS - 05-Jun-19,1
HS,1,06-Jun-19,1,HS - 1,50%,High,HS - 06-Jun-19,2
HS,1,07-Jun-19,5,HS - 1,50%,High,HS - 07-Jun-19,3
HS,1,09-Jul-19,1,HS - 1,50%,High,HS - 09-Jul-19,30
HS,1,11-Jun-19,0,HS - 1,50%,High,HS - 11-Jun-19,5
HS,1,13-Jun-19,0,HS - 1,50%,High,HS - 13-Jun-19,7
HS,1,15-Jul-19,7,HS - 1,50%,High,HS - 15-Jul-19,33
HS,1,15-Jun-19,11,HS - 1,50%,High,HS - 15-Jun-19,9
HS,1,20-Jul-19,2,HS - 1,50%,High,HS - 20-Jul-19,37
HS,1,20-Jun-19,1,HS - 1,50%,High,HS - 20-Jun-19,11
HS,1,25-Jul-19,2,HS - 1,50%,High,HS - 25-Jul-19,43
HS,1,25-Jun-19,20,HS - 1,50%,High,HS - 25-Jun-19,13
HS,1,28-Jul-19,5,HS - 1,50%,High,HS - 28-Jul-19,48
HS,1,28-Jun-19,1,HS - 1,50%,High,HS - 28-Jun-19,18
HS,2,02-Jul-19,2,HS - 2,control,High,HS - 02-Jul-19,23
HS,2,05-Jul-19,0,HS - 2,control,High,HS - 05-Jul-19,26
HS,2,05-Jun-19,0,HS - 2,control,High,HS - 05-Jun-19,1
HS,2,06-Jun-19,1,HS - 2,control,High,HS - 06-Jun-19,2
HS,2,07-Jun-19,2,HS - 2,control,High,HS - 07-Jun-19,3
HS,2,09-Jul-19,1,HS - 2,control,High,HS - 09-Jul-19,30
HS,2,11-Jun-19,0,HS - 2,control,High,HS - 11-Jun-19,5
HS,2,13-Jun-19,0,HS - 2,control,High,HS - 13-Jun-19,7
HS,2,15-Jul-19,0,HS - 2,control,High,HS - 15-Jul-19,33
HS,2,15-Jun-19,0,HS - 2,control,High,HS - 15-Jun-19,9
HS,2,20-Jul-19,0,HS - 2,control,High,HS - 20-Jul-19,37
HS,2,20-Jun-19,6,HS - 2,control,High,HS - 20-Jun-19,11
HS,2,25-Jul-19,0,HS - 2,control,High,HS - 25-Jul-19,43
HS,2,25-Jun-19,1,HS - 2,control,High,HS - 25-Jun-19,13
HS,2,28-Jul-19,0,HS - 2,control,High,HS - 28-Jul-19,48
HS,2,28-Jun-19,0,HS - 2,control,High,HS - 28-Jun-19,18
HS,3,02-Jul-19,1,HS - 3,50%,High,HS - 02-Jul-19,23
HS,3,05-Jul-19,0,HS - 3,50%,High,HS - 05-Jul-19,26
HS,3,05-Jun-19,1,HS - 3,50%,High,HS - 05-Jun-19,1
HS,3,06-Jun-19,0,HS - 3,50%,High,HS - 06-Jun-19,2
HS,3,07-Jun-19,0,HS - 3,50%,High,HS - 07-Jun-19,3
HS,3,09-Jul-19,0,HS - 3,50%,High,HS - 09-Jul-19,30
HS,3,11-Jun-19,5,HS - 3,50%,High,HS - 11-Jun-19,5
HS,3,13-Jun-19,0,HS - 3,50%,High,HS - 13-Jun-19,7
HS,3,15-Jul-19,0,HS - 3,50%,High,HS - 15-Jul-19,33
HS,3,15-Jun-19,0,HS - 3,50%,High,HS - 15-Jun-19,9
HS,3,20-Jul-19,2,HS - 3,50%,High,HS - 20-Jul-19,37
HS,3,20-Jun-19,5,HS - 3,50%,High,HS - 20-Jun-19,11
HS,3,25-Jul-19,1,HS - 3,50%,High,HS - 25-Jul-19,43
HS,3,25-Jun-19,5,HS - 3,50%,High,HS - 25-Jun-19,13
HS,3,28-Jul-19,6,HS - 3,50%,High,HS - 28-Jul-19,48
HS,3,28-Jun-19,2,HS - 3,50%,High,HS - 28-Jun-19,18
HS,4,02-Jul-19,1,HS - 4,70%,High,HS - 02-Jul-19,23
HS,4,05-Jul-19,0,HS - 4,70%,High,HS - 05-Jul-19,26
HS,4,05-Jun-19,0,HS - 4,70%,High,HS - 05-Jun-19,1
HS,4,06-Jun-19,0,HS - 4,70%,High,HS - 06-Jun-19,2
HS,4,07-Jun-19,0,HS - 4,70%,High,HS - 07-Jun-19,3
HS,4,09-Jul-19,0,HS - 4,70%,High,HS - 09-Jul-19,30
HS,4,11-Jun-19,1,HS - 4,70%,High,HS - 11-Jun-19,5
HS,4,13-Jun-19,0,HS - 4,70%,High,HS - 13-Jun-19,7
HS,4,15-Jul-19,0,HS - 4,70%,High,HS - 15-Jul-19,33
HS,4,15-Jun-19,1,HS - 4,70%,High,HS - 15-Jun-19,9
HS,4,20-Jul-19,0,HS - 4,70%,High,HS - 20-Jul-19,37
HS,4,20-Jun-19,0,HS - 4,70%,High,HS - 20-Jun-19,11
HS,4,25-Jul-19,3,HS - 4,70%,High,HS - 25-Jul-19,43
HS,4,25-Jun-19,0,HS - 4,70%,High,HS - 25-Jun-19,13
HS,4,28-Jul-19,0,HS - 4,70%,High,HS - 28-Jul-19,48
HS,4,28-Jun-19,0,HS - 4,70%,High,HS - 28-Jun-19,18
HS,5,02-Jul-19,0,HS - 5,control,High,HS - 02-Jul-19,23
HS,5,05-Jul-19,0,HS - 5,control,High,HS - 05-Jul-19,26
HS,5,05-Jun-19,0,HS - 5,control,High,HS - 05-Jun-19,1
HS,5,06-Jun-19,0,HS - 5,control,High,HS - 06-Jun-19,2
HS,5,07-Jun-19,0,HS - 5,control,High,HS - 07-Jun-19,3
HS,5,09-Jul-19,0,HS - 5,control,High,HS - 09-Jul-19,30
HS,5,11-Jun-19,0,HS - 5,control,High,HS - 11-Jun-19,5
HS,5,13-Jun-19,0,HS - 5,control,High,HS - 13-Jun-19,7
HS,5,15-Jul-19,0,HS - 5,control,High,HS - 15-Jul-19,33
HS,5,15-Jun-19,3,HS - 5,control,High,HS - 15-Jun-19,9
HS,5,20-Jul-19,0,HS - 5,control,High,HS - 20-Jul-19,37
HS,5,20-Jun-19,9,HS - 5,control,High,HS - 20-Jun-19,11
HS,5,25-Jul-19,0,HS - 5,control,High,HS - 25-Jul-19,43
HS,5,25-Jun-19,0,HS - 5,control,High,HS - 25-Jun-19,13
HS,5,28-Jul-19,2,HS - 5,control,High,HS - 28-Jul-19,48
HS,5,28-Jun-19,2,HS - 5,control,High,HS - 28-Jun-19,18
HS,6,02-Jul-19,2,HS - 6,50%,High,HS - 02-Jul-19,23
HS,6,05-Jul-19,0,HS - 6,50%,High,HS - 05-Jul-19,26
HS,6,05-Jun-19,1,HS - 6,50%,High,HS - 05-Jun-19,1
HS,6,06-Jun-19,0,HS - 6,50%,High,HS - 06-Jun-19,2
HS,6,07-Jun-19,5,HS - 6,50%,High,HS - 07-Jun-19,3
HS,6,09-Jul-19,0,HS - 6,50%,High,HS - 09-Jul-19,30
HS,6,11-Jun-19,0,HS - 6,50%,High,HS - 11-Jun-19,5
HS,6,13-Jun-19,1,HS - 6,50%,High,HS - 13-Jun-19,7
HS,6,15-Jul-19,0,HS - 6,50%,High,HS - 15-Jul-19,33
HS,6,15-Jun-19,0,HS - 6,50%,High,HS - 15-Jun-19,9
HS,6,20-Jul-19,2,HS - 6,50%,High,HS - 20-Jul-19,37
HS,6,20-Jun-19,0,HS - 6,50%,High,HS - 20-Jun-19,11
HS,6,25-Jul-19,2,HS - 6,50%,High,HS - 25-Jul-19,43
HS,6,25-Jun-19,8,HS - 6,50%,High,HS - 25-Jun-19,13
HS,6,28-Jul-19,8,HS - 6,50%,High,HS - 28-Jul-19,48
HS,6,28-Jun-19,1,HS - 6,50%,High,HS - 28-Jun-19,18
HS,7,02-Jul-19,2,HS - 7,30%,High,HS - 02-Jul-19,23
HS,7,05-Jul-19,0,HS - 7,30%,High,HS - 05-Jul-19,26
HS,7,05-Jun-19,0,HS - 7,30%,High,HS - 05-Jun-19,1
HS,7,06-Jun-19,1,HS - 7,30%,High,HS - 06-Jun-19,2
HS,7,07-Jun-19,2,HS - 7,30%,High,HS - 07-Jun-19,3
HS,7,09-Jul-19,0,HS - 7,30%,High,HS - 09-Jul-19,30
HS,7,11-Jun-19,0,HS - 7,30%,High,HS - 11-Jun-19,5
HS,7,13-Jun-19,0,HS - 7,30%,High,HS - 13-Jun-19,7
HS,7,15-Jul-19,0,HS - 7,30%,High,HS - 15-Jul-19,33
HS,7,15-Jun-19,9,HS - 7,30%,High,HS - 15-Jun-19,9
HS,7,20-Jul-19,8,HS - 7,30%,High,HS - 20-Jul-19,37
HS,7,20-Jun-19,2,HS - 7,30%,High,HS - 20-Jun-19,11
HS,7,25-Jul-19,1,HS - 7,30%,High,HS - 25-Jul-19,43
HS,7,25-Jun-19,1,HS - 7,30%,High,HS - 25-Jun-19,13
HS,7,28-Jul-19,4,HS - 7,30%,High,HS - 28-Jul-19,48
HS,7,28-Jun-19,16,HS - 7,30%,High,HS - 28-Jun-19,18
HS,8,02-Jul-19,2,HS - 8,70%,High,HS - 02-Jul-19,23
HS,8,05-Jul-19,3,HS - 8,70%,High,HS - 05-Jul-19,26
HS,8,05-Jun-19,9,HS - 8,70%,High,HS - 05-Jun-19,1
HS,8,06-Jun-19,3,HS - 8,70%,High,HS - 06-Jun-19,2
HS,8,07-Jun-19,6,HS - 8,70%,High,HS - 07-Jun-19,3
HS,8,09-Jul-19,1,HS - 8,70%,High,HS - 09-Jul-19,30
HS,8,11-Jun-19,8,HS - 8,70%,High,HS - 11-Jun-19,5
HS,8,13-Jun-19,4,HS - 8,70%,High,HS - 13-Jun-19,7
HS,8,15-Jul-19,0,HS - 8,70%,High,HS - 15-Jul-19,33
HS,8,15-Jun-19,6,HS - 8,70%,High,HS - 15-Jun-19,9
HS,8,20-Jul-19,5,HS - 8,70%,High,HS - 20-Jul-19,37
HS,8,20-Jun-19,2,HS - 8,70%,High,HS - 20-Jun-19,11
HS,8,25-Jul-19,3,HS - 8,70%,High,HS - 25-Jul-19,43
HS,8,25-Jun-19,15,HS - 8,70%,High,HS - 25-Jun-19,13
HS,8,28-Jul-19,7,HS - 8,70%,High,HS - 28-Jul-19,48
HS,8,28-Jun-19,1,HS - 8,70%,High,HS - 28-Jun-19,18
HS,9,02-Jul-19,1,HS - 9,30%,High,HS - 02-Jul-19,23
HS,9,05-Jul-19,1,HS - 9,30%,High,HS - 05-Jul-19,26
HS,9,05-Jun-19,0,HS - 9,30%,High,HS - 05-Jun-19,1
HS,9,06-Jun-19,12,HS - 9,30%,High,HS - 06-Jun-19,2
HS,9,07-Jun-19,4,HS - 9,30%,High,HS - 07-Jun-19,3
HS,9,09-Jul-19,1,HS - 9,30%,High,HS - 09-Jul-19,30
HS,9,11-Jun-19,1,HS - 9,30%,High,HS - 11-Jun-19,5
HS,9,13-Jun-19,6,HS - 9,30%,High,HS - 13-Jun-19,7
HS,9,15-Jul-19,6,HS - 9,30%,High,HS - 15-Jul-19,33
HS,9,15-Jun-19,10,HS - 9,30%,High,HS - 15-Jun-19,9
HS,9,20-Jul-19,6,HS - 9,30%,High,HS - 20-Jul-19,37
HS,9,20-Jun-19,3,HS - 9,30%,High,HS - 20-Jun-19,11
HS,9,25-Jul-19,2,HS - 9,30%,High,HS - 25-Jul-19,43
HS,9,25-Jun-19,5,HS - 9,30%,High,HS - 25-Jun-19,13
HS,9,28-Jul-19,9,HS - 9,30%,High,HS - 28-Jul-19,48
HS,9,28-Jun-19,5,HS - 9,30%,High,HS - 28-Jun-19,18
HS,10,02-Jul-19,0,HS - 10,0%,High,HS - 02-Jul-19,23
HS,10,05-Jul-19,0,HS - 10,0%,High,HS - 05-Jul-19,26
HS,10,05-Jun-19,0,HS - 10,0%,High,HS - 05-Jun-19,1
HS,10,06-Jun-19,0,HS - 10,0%,High,HS - 06-Jun-19,2
HS,10,07-Jun-19,0,HS - 10,0%,High,HS - 07-Jun-19,3
HS,10,09-Jul-19,0,HS - 10,0%,High,HS - 09-Jul-19,30
HS,10,11-Jun-19,1,HS - 10,0%,High,HS - 11-Jun-19,5
HS,10,13-Jun-19,0,HS - 10,0%,High,HS - 13-Jun-19,7
HS,10,15-Jul-19,0,HS - 10,0%,High,HS - 15-Jul-19,33
HS,10,15-Jun-19,0,HS - 10,0%,High,HS - 15-Jun-19,9
HS,10,20-Jul-19,2,HS - 10,0%,High,HS - 20-Jul-19,37
HS,10,20-Jun-19,1,HS - 10,0%,High,HS - 20-Jun-19,11
HS,10,25-Jul-19,0,HS - 10,0%,High,HS - 25-Jul-19,43
HS,10,25-Jun-19,0,HS - 10,0%,High,HS - 25-Jun-19,13
HS,10,28-Jul-19,1,HS - 10,0%,High,HS - 28-Jul-19,48
HS,10,28-Jun-19,0,HS - 10,0%,High,HS - 28-Jun-19,18
HS,11,02-Jul-19,0,HS - 11,50%,High,HS - 02-Jul-19,23
HS,11,05-Jul-19,0,HS - 11,50%,High,HS - 05-Jul-19,26
HS,11,05-Jun-19,0,HS - 11,50%,High,HS - 05-Jun-19,1
HS,11,06-Jun-19,1,HS - 11,50%,High,HS - 06-Jun-19,2
HS,11,07-Jun-19,4,HS - 11,50%,High,HS - 07-Jun-19,3
HS,11,09-Jul-19,1,HS - 11,50%,High,HS - 09-Jul-19,30
HS,11,11-Jun-19,0,HS - 11,50%,High,HS - 11-Jun-19,5
HS,11,13-Jun-19,0,HS - 11,50%,High,HS - 13-Jun-19,7
HS,11,15-Jul-19,0,HS - 11,50%,High,HS - 15-Jul-19,33
HS,11,15-Jun-19,0,HS - 11,50%,High,HS - 15-Jun-19,9
HS,11,20-Jul-19,4,HS - 11,50%,High,HS - 20-Jul-19,37
HS,11,20-Jun-19,2,HS - 11,50%,High,HS - 20-Jun-19,11
HS,11,25-Jul-19,0,HS - 11,50%,High,HS - 25-Jul-19,43
HS,11,25-Jun-19,3,HS - 11,50%,High,HS - 25-Jun-19,13
HS,11,28-Jul-19,0,HS - 11,50%,High,HS - 28-Jul-19,48
HS,11,28-Jun-19,1,HS - 11,50%,High,HS - 28-Jun-19,18
HS,12,02-Jul-19,5,HS - 12,0%,High,HS - 02-Jul-19,23
HS,12,05-Jul-19,5,HS - 12,0%,High,HS - 05-Jul-19,26
HS,12,05-Jun-19,2,HS - 12,0%,High,HS - 05-Jun-19,1
HS,12,06-Jun-19,5,HS - 12,0%,High,HS - 06-Jun-19,2
HS,12,07-Jun-19,8,HS - 12,0%,High,HS - 07-Jun-19,3
HS,12,09-Jul-19,3,HS - 12,0%,High,HS - 09-Jul-19,30
HS,12,11-Jun-19,2,HS - 12,0%,High,HS - 11-Jun-19,5
HS,12,13-Jun-19,1,HS - 12,0%,High,HS - 13-Jun-19,7
HS,12,15-Jul-19,3,HS - 12,0%,High,HS - 15-Jul-19,33
HS,12,15-Jun-19,6,HS - 12,0%,High,HS - 15-Jun-19,9
HS,12,20-Jul-19,4,HS - 12,0%,High,HS - 20-Jul-19,37
HS,12,20-Jun-19,1,HS - 12,0%,High,HS - 20-Jun-19,11
HS,12,25-Jul-19,2,HS - 12,0%,High,HS - 25-Jul-19,43
HS,12,25-Jun-19,11,HS - 12,0%,High,HS - 25-Jun-19,13
HS,12,28-Jul-19,5,HS - 12,0%,High,HS - 28-Jul-19,48
HS,12,28-Jun-19,9,HS - 12,0%,High,HS - 28-Jun-19,18
HS,13,02-Jul-19,1,HS - 13,control,High,HS - 02-Jul-19,23
HS,13,05-Jul-19,0,HS - 13,control,High,HS - 05-Jul-19,26
HS,13,05-Jun-19,1,HS - 13,control,High,HS - 05-Jun-19,1
HS,13,06-Jun-19,12,HS - 13,control,High,HS - 06-Jun-19,2
HS,13,07-Jun-19,0,HS - 13,control,High,HS - 07-Jun-19,3
HS,13,09-Jul-19,3,HS - 13,control,High,HS - 09-Jul-19,30
HS,13,11-Jun-19,2,HS - 13,control,High,HS - 11-Jun-19,5
HS,13,13-Jun-19,9,HS - 13,control,High,HS - 13-Jun-19,7
HS,13,15-Jul-19,7,HS - 13,control,High,HS - 15-Jul-19,33
HS,13,15-Jun-19,8,HS - 13,control,High,HS - 15-Jun-19,9
HS,13,20-Jul-19,13,HS - 13,control,High,HS - 20-Jul-19,37
HS,13,20-Jun-19,4,HS - 13,control,High,HS - 20-Jun-19,11
HS,13,25-Jul-19,5,HS - 13,control,High,HS - 25-Jul-19,43
HS,13,25-Jun-19,17,HS - 13,control,High,HS - 25-Jun-19,13
HS,13,28-Jul-19,1,HS - 13,control,High,HS - 28-Jul-19,48
HS,13,28-Jun-19,13,HS - 13,control,High,HS - 28-Jun-19,18
HS,14,02-Jul-19,3,HS - 14,100%,High,HS - 02-Jul-19,23
HS,14,05-Jul-19,0,HS - 14,100%,High,HS - 05-Jul-19,26
HS,14,05-Jun-19,0,HS - 14,100%,High,HS - 05-Jun-19,1
HS,14,06-Jun-19,1,HS - 14,100%,High,HS - 06-Jun-19,2
HS,14,07-Jun-19,1,HS - 14,100%,High,HS - 07-Jun-19,3
HS,14,09-Jul-19,0,HS - 14,100%,High,HS - 09-Jul-19,30
HS,14,11-Jun-19,15,HS - 14,100%,High,HS - 11-Jun-19,5
HS,14,13-Jun-19,1,HS - 14,100%,High,HS - 13-Jun-19,7
HS,14,15-Jul-19,0,HS - 14,100%,High,HS - 15-Jul-19,33
HS,14,15-Jun-19,3,HS - 14,100%,High,HS - 15-Jun-19,9
HS,14,20-Jul-19,0,HS - 14,100%,High,HS - 20-Jul-19,37
HS,14,20-Jun-19,1,HS - 14,100%,High,HS - 20-Jun-19,11
HS,14,25-Jul-19,1,HS - 14,100%,High,HS - 25-Jul-19,43
HS,14,25-Jun-19,1,HS - 14,100%,High,HS - 25-Jun-19,13
HS,14,28-Jul-19,1,HS - 14,100%,High,HS - 28-Jul-19,48
HS,14,28-Jun-19,0,HS - 14,100%,High,HS - 28-Jun-19,18
HS,15,02-Jul-19,0,HS - 15,30%,High,HS - 02-Jul-19,23
HS,15,05-Jul-19,0,HS - 15,30%,High,HS - 05-Jul-19,26
HS,15,05-Jun-19,0,HS - 15,30%,High,HS - 05-Jun-19,1
HS,15,06-Jun-19,0,HS - 15,30%,High,HS - 06-Jun-19,2
HS,15,07-Jun-19,0,HS - 15,30%,High,HS - 07-Jun-19,3
HS,15,09-Jul-19,0,HS - 15,30%,High,HS - 09-Jul-19,30
HS,15,11-Jun-19,0,HS - 15,30%,High,HS - 11-Jun-19,5
HS,15,13-Jun-19,0,HS - 15,30%,High,HS - 13-Jun-19,7
HS,15,15-Jul-19,0,HS - 15,30%,High,HS - 15-Jul-19,33
HS,15,15-Jun-19,3,HS - 15,30%,High,HS - 15-Jun-19,9
HS,15,20-Jul-19,0,HS - 15,30%,High,HS - 20-Jul-19,37
HS,15,20-Jun-19,0,HS - 15,30%,High,HS - 20-Jun-19,11
HS,15,25-Jul-19,0,HS - 15,30%,High,HS - 25-Jul-19,43
HS,15,25-Jun-19,0,HS - 15,30%,High,HS - 25-Jun-19,13
HS,15,28-Jul-19,0,HS - 15,30%,High,HS - 28-Jul-19,48
HS,15,28-Jun-19,1,HS - 15,30%,High,HS - 28-Jun-19,18
HS,16,02-Jul-19,5,HS - 16,70%,High,HS - 02-Jul-19,23
HS,16,05-Jul-19,2,HS - 16,70%,High,HS - 05-Jul-19,26
HS,16,05-Jun-19,1,HS - 16,70%,High,HS - 05-Jun-19,1
HS,16,06-Jun-19,1,HS - 16,70%,High,HS - 06-Jun-19,2
HS,16,07-Jun-19,2,HS - 16,70%,High,HS - 07-Jun-19,3
HS,16,09-Jul-19,6,HS - 16,70%,High,HS - 09-Jul-19,30
HS,16,11-Jun-19,1,HS - 16,70%,High,HS - 11-Jun-19,5
HS,16,13-Jun-19,6,HS - 16,70%,High,HS - 13-Jun-19,7
HS,16,15-Jul-19,2,HS - 16,70%,High,HS - 15-Jul-19,33
HS,16,15-Jun-19,1,HS - 16,70%,High,HS - 15-Jun-19,9
HS,16,20-Jul-19,9,HS - 16,70%,High,HS - 20-Jul-19,37
HS,16,20-Jun-19,3,HS - 16,70%,High,HS - 20-Jun-19,11
HS,16,25-Jul-19,5,HS - 16,70%,High,HS - 25-Jul-19,43
HS,16,25-Jun-19,4,HS - 16,70%,High,HS - 25-Jun-19,13
HS,16,28-Jul-19,7,HS - 16,70%,High,HS - 28-Jul-19,48
HS,16,28-Jun-19,17,HS - 16,70%,High,HS - 28-Jun-19,18
HS,17,02-Jul-19,1,HS - 17,0%,High,HS - 02-Jul-19,23
HS,17,05-Jul-19,0,HS - 17,0%,High,HS - 05-Jul-19,26
HS,17,05-Jun-19,2,HS - 17,0%,High,HS - 05-Jun-19,1
HS,17,06-Jun-19,7,HS - 17,0%,High,HS - 06-Jun-19,2
HS,17,07-Jun-19,12,HS - 17,0%,High,HS - 07-Jun-19,3
HS,17,09-Jul-19,1,HS - 17,0%,High,HS - 09-Jul-19,30
HS,17,11-Jun-19,2,HS - 17,0%,High,HS - 11-Jun-19,5
HS,17,13-Jun-19,3,HS - 17,0%,High,HS - 13-Jun-19,7
HS,17,15-Jul-19,2,HS - 17,0%,High,HS - 15-Jul-19,33
HS,17,15-Jun-19,0,HS - 17,0%,High,HS - 15-Jun-19,9
HS,17,20-Jul-19,1,HS - 17,0%,High,HS - 20-Jul-19,37
HS,17,20-Jun-19,2,HS - 17,0%,High,HS - 20-Jun-19,11
HS,17,25-Jul-19,1,HS - 17,0%,High,HS - 25-Jul-19,43
HS,17,25-Jun-19,2,HS - 17,0%,High,HS - 25-Jun-19,13
HS,17,28-Jul-19,4,HS - 17,0%,High,HS - 28-Jul-19,48
HS,17,28-Jun-19,5,HS - 17,0%,High,HS - 28-Jun-19,18
HS,18,02-Jul-19,0,HS - 18,100%,High,HS - 02-Jul-19,23
HS,18,05-Jul-19,1,HS - 18,100%,High,HS - 05-Jul-19,26
HS,18,05-Jun-19,0,HS - 18,100%,High,HS - 05-Jun-19,1
HS,18,06-Jun-19,19,HS - 18,100%,High,HS - 06-Jun-19,2
HS,18,07-Jun-19,2,HS - 18,100%,High,HS - 07-Jun-19,3
HS,18,09-Jul-19,2,HS - 18,100%,High,HS - 09-Jul-19,30
HS,18,11-Jun-19,6,HS - 18,100%,High,HS - 11-Jun-19,5
HS,18,13-Jun-19,2,HS - 18,100%,High,HS - 13-Jun-19,7
HS,18,15-Jul-19,0,HS - 18,100%,High,HS - 15-Jul-19,33
HS,18,15-Jun-19,0,HS - 18,100%,High,HS - 15-Jun-19,9
HS,18,20-Jul-19,1,HS - 18,100%,High,HS - 20-Jul-19,37
HS,18,20-Jun-19,1,HS - 18,100%,High,HS - 20-Jun-19,11
HS,18,25-Jul-19,0,HS - 18,100%,High,HS - 25-Jul-19,43
HS,18,25-Jun-19,5,HS - 18,100%,High,HS - 25-Jun-19,13
HS,18,28-Jul-19,0,HS - 18,100%,High,HS - 28-Jul-19,48
HS,18,28-Jun-19,3,HS - 18,100%,High,HS - 28-Jun-19,18
HS,19,02-Jul-19,6,HS - 19,100%,High,HS - 02-Jul-19,23
HS,19,05-Jul-19,2,HS - 19,100%,High,HS - 05-Jul-19,26
HS,19,05-Jun-19,0,HS - 19,100%,High,HS - 05-Jun-19,1
HS,19,06-Jun-19,3,HS - 19,100%,High,HS - 06-Jun-19,2
HS,19,07-Jun-19,7,HS - 19,100%,High,HS - 07-Jun-19,3
HS,19,09-Jul-19,1,HS - 19,100%,High,HS - 09-Jul-19,30
HS,19,11-Jun-19,5,HS - 19,100%,High,HS - 11-Jun-19,5
HS,19,13-Jun-19,5,HS - 19,100%,High,HS - 13-Jun-19,7
HS,19,15-Jul-19,0,HS - 19,100%,High,HS - 15-Jul-19,33
HS,19,15-Jun-19,0,HS - 19,100%,High,HS - 15-Jun-19,9
HS,19,20-Jul-19,5,HS - 19,100%,High,HS - 20-Jul-19,37
HS,19,20-Jun-19,11,HS - 19,100%,High,HS - 20-Jun-19,11
HS,19,25-Jul-19,0,HS - 19,100%,High,HS - 25-Jul-19,43
HS,19,25-Jun-19,1,HS - 19,100%,High,HS - 25-Jun-19,13
HS,19,28-Jul-19,1,HS - 19,100%,High,HS - 28-Jul-19,48
HS,19,28-Jun-19,1,HS - 19,100%,High,HS - 28-Jun-19,18
HS,20,02-Jul-19,2,HS - 20,0%,High,HS - 02-Jul-19,23
HS,20,05-Jul-19,2,HS - 20,0%,High,HS - 05-Jul-19,26
HS,20,05-Jun-19,1,HS - 20,0%,High,HS - 05-Jun-19,1
HS,20,06-Jun-19,5,HS - 20,0%,High,HS - 06-Jun-19,2
HS,20,07-Jun-19,9,HS - 20,0%,High,HS - 07-Jun-19,3
HS,20,09-Jul-19,3,HS - 20,0%,High,HS - 09-Jul-19,30
HS,20,11-Jun-19,1,HS - 20,0%,High,HS - 11-Jun-19,5
HS,20,13-Jun-19,0,HS - 20,0%,High,HS - 13-Jun-19,7
HS,20,15-Jul-19,1,HS - 20,0%,High,HS - 15-Jul-19,33
HS,20,15-Jun-19,1,HS - 20,0%,High,HS - 15-Jun-19,9
HS,20,20-Jul-19,11,HS - 20,0%,High,HS - 20-Jul-19,37
HS,20,20-Jun-19,4,HS - 20,0%,High,HS - 20-Jun-19,11
HS,20,25-Jul-19,4,HS - 20,0%,High,HS - 25-Jul-19,43
HS,20,25-Jun-19,12,HS - 20,0%,High,HS - 25-Jun-19,13
HS,20,28-Jul-19,4,HS - 20,0%,High,HS - 28-Jul-19,48
HS,20,28-Jun-19,15,HS - 20,0%,High,HS - 28-Jun-19,18
HS,21,02-Jul-19,0,HS - 21,30%,High,HS - 02-Jul-19,23
HS,21,05-Jul-19,0,HS - 21,30%,High,HS - 05-Jul-19,26
HS,21,05-Jun-19,0,HS - 21,30%,High,HS - 05-Jun-19,1
HS,21,06-Jun-19,0,HS - 21,30%,High,HS - 06-Jun-19,2
HS,21,07-Jun-19,0,HS - 21,30%,High,HS - 07-Jun-19,3
HS,21,09-Jul-19,0,HS - 21,30%,High,HS - 09-Jul-19,30
HS,21,11-Jun-19,0,HS - 21,30%,High,HS - 11-Jun-19,5
HS,21,13-Jun-19,0,HS - 21,30%,High,HS - 13-Jun-19,7
HS,21,15-Jul-19,0,HS - 21,30%,High,HS - 15-Jul-19,33
HS,21,15-Jun-19,0,HS - 21,30%,High,HS - 15-Jun-19,9
HS,21,20-Jul-19,0,HS - 21,30%,High,HS - 20-Jul-19,37
HS,21,20-Jun-19,6,HS - 21,30%,High,HS - 20-Jun-19,11
HS,21,25-Jul-19,0,HS - 21,30%,High,HS - 25-Jul-19,43
HS,21,25-Jun-19,1,HS - 21,30%,High,HS - 25-Jun-19,13
HS,21,28-Jul-19,1,HS - 21,30%,High,HS - 28-Jul-19,48
HS,21,28-Jun-19,3,HS - 21,30%,High,HS - 28-Jun-19,18
HS,22,02-Jul-19,1,HS - 22,100%,High,HS - 02-Jul-19,23
HS,22,05-Jul-19,0,HS - 22,100%,High,HS - 05-Jul-19,26
HS,22,05-Jun-19,0,HS - 22,100%,High,HS - 05-Jun-19,1
HS,22,06-Jun-19,0,HS - 22,100%,High,HS - 06-Jun-19,2
HS,22,07-Jun-19,0,HS - 22,100%,High,HS - 07-Jun-19,3
HS,22,09-Jul-19,1,HS - 22,100%,High,HS - 09-Jul-19,30
HS,22,11-Jun-19,1,HS - 22,100%,High,HS - 11-Jun-19,5
HS,22,13-Jun-19,0,HS - 22,100%,High,HS - 13-Jun-19,7
HS,22,15-Jul-19,0,HS - 22,100%,High,HS - 15-Jul-19,33
HS,22,15-Jun-19,2,HS - 22,100%,High,HS - 15-Jun-19,9
HS,22,20-Jul-19,5,HS - 22,100%,High,HS - 20-Jul-19,37
HS,22,20-Jun-19,0,HS - 22,100%,High,HS - 20-Jun-19,11
HS,22,25-Jul-19,0,HS - 22,100%,High,HS - 25-Jul-19,43
HS,22,25-Jun-19,3,HS - 22,100%,High,HS - 25-Jun-19,13
HS,22,28-Jul-19,5,HS - 22,100%,High,HS - 28-Jul-19,48
HS,22,28-Jun-19,0,HS - 22,100%,High,HS - 28-Jun-19,18
HS,23,02-Jul-19,4,HS - 23,70%,High,HS - 02-Jul-19,23
HS,23,05-Jul-19,1,HS - 23,70%,High,HS - 05-Jul-19,26
HS,23,05-Jun-19,1,HS - 23,70%,High,HS - 05-Jun-19,1
HS,23,06-Jun-19,2,HS - 23,70%,High,HS - 06-Jun-19,2
HS,23,07-Jun-19,1,HS - 23,70%,High,HS - 07-Jun-19,3
HS,23,09-Jul-19,2,HS - 23,70%,High,HS - 09-Jul-19,30
HS,23,11-Jun-19,2,HS - 23,70%,High,HS - 11-Jun-19,5
HS,23,13-Jun-19,2,HS - 23,70%,High,HS - 13-Jun-19,7
HS,23,15-Jul-19,1,HS - 23,70%,High,HS - 15-Jul-19,33
HS,23,15-Jun-19,2,HS - 23,70%,High,HS - 15-Jun-19,9
HS,23,20-Jul-19,11,HS - 23,70%,High,HS - 20-Jul-19,37
HS,23,20-Jun-19,1,HS - 23,70%,High,HS - 20-Jun-19,11
HS,23,25-Jul-19,4,HS - 23,70%,High,HS - 25-Jul-19,43
HS,23,25-Jun-19,11,HS - 23,70%,High,HS - 25-Jun-19,13
HS,23,28-Jul-19,6,HS - 23,70%,High,HS - 28-Jul-19,48
HS,23,28-Jun-19,19,HS - 23,70%,High,HS - 28-Jun-19,18
HS,24,02-Jul-19,6,HS - 24,control,High,HS - 02-Jul-19,23
HS,24,05-Jul-19,10,HS - 24,control,High,HS - 05-Jul-19,26
HS,24,05-Jun-19,0,HS - 24,control,High,HS - 05-Jun-19,1
HS,24,06-Jun-19,2,HS - 24,control,High,HS - 06-Jun-19,2
HS,24,07-Jun-19,2,HS - 24,control,High,HS - 07-Jun-19,3
HS,24,09-Jul-19,1,HS - 24,control,High,HS - 09-Jul-19,30
HS,24,11-Jun-19,1,HS - 24,control,High,HS - 11-Jun-19,5
HS,24,13-Jun-19,0,HS - 24,control,High,HS - 13-Jun-19,7
HS,24,15-Jul-19,4,HS - 24,control,High,HS - 15-Jul-19,33
HS,24,15-Jun-19,1,HS - 24,control,High,HS - 15-Jun-19,9
HS,24,20-Jul-19,11,HS - 24,control,High,HS - 20-Jul-19,37
HS,24,20-Jun-19,11,HS - 24,control,High,HS - 20-Jun-19,11
HS,24,25-Jul-19,0,HS - 24,control,High,HS - 25-Jul-19,43
HS,24,25-Jun-19,0,HS - 24,control,High,HS - 25-Jun-19,13
HS,24,28-Jul-19,10,HS - 24,control,High,HS - 28-Jul-19,48
HS,24,28-Jun-19,8,HS - 24,control,High,HS - 28-Jun-19,18
LN,1,02-Jul-19,1,LN - 1,70%,Low,LN - 02-Jul-19,23
LN,1,05-Jul-19,1,LN - 1,70%,Low,LN - 05-Jul-19,26
LN,1,05-Jun-19,0,LN - 1,70%,Low,LN - 05-Jun-19,1
LN,1,06-Jun-19,2,LN - 1,70%,Low,LN - 06-Jun-19,2
LN,1,07-Jun-19,1,LN - 1,70%,Low,LN - 07-Jun-19,3
LN,1,09-Jul-19,0,LN - 1,70%,Low,LN - 09-Jul-19,30
LN,1,11-Jun-19,7,LN - 1,70%,Low,LN - 11-Jun-19,5
LN,1,13-Jun-19,0,LN - 1,70%,Low,LN - 13-Jun-19,7
LN,1,15-Jul-19,10,LN - 1,70%,Low,LN - 15-Jul-19,33
LN,1,15-Jun-19,2,LN - 1,70%,Low,LN - 15-Jun-19,9
LN,1,20-Jul-19,3,LN - 1,70%,Low,LN - 20-Jul-19,37
LN,1,20-Jun-19,0,LN - 1,70%,Low,LN - 20-Jun-19,11
LN,1,25-Jul-19,0,LN - 1,70%,Low,LN - 25-Jul-19,43
LN,1,25-Jun-19,0,LN - 1,70%,Low,LN - 25-Jun-19,13
LN,1,28-Jul-19,1,LN - 1,70%,Low,LN - 28-Jul-19,48
LN,1,28-Jun-19,5,LN - 1,70%,Low,LN - 28-Jun-19,18
LN,2,02-Jul-19,2,LN - 2,30%,Low,LN - 02-Jul-19,23
LN,2,05-Jul-19,1,LN - 2,30%,Low,LN - 05-Jul-19,26
LN,2,05-Jun-19,0,LN - 2,30%,Low,LN - 05-Jun-19,1
LN,2,06-Jun-19,3,LN - 2,30%,Low,LN - 06-Jun-19,2
LN,2,07-Jun-19,5,LN - 2,30%,Low,LN - 07-Jun-19,3
LN,2,09-Jul-19,1,LN - 2,30%,Low,LN - 09-Jul-19,30
LN,2,11-Jun-19,3,LN - 2,30%,Low,LN - 11-Jun-19,5
LN,2,13-Jun-19,2,LN - 2,30%,Low,LN - 13-Jun-19,7
LN,2,15-Jul-19,9,LN - 2,30%,Low,LN - 15-Jul-19,33
LN,2,15-Jun-19,1,LN - 2,30%,Low,LN - 15-Jun-19,9
LN,2,20-Jul-19,2,LN - 2,30%,Low,LN - 20-Jul-19,37
LN,2,20-Jun-19,1,LN - 2,30%,Low,LN - 20-Jun-19,11
LN,2,25-Jul-19,2,LN - 2,30%,Low,LN - 25-Jul-19,43
LN,2,25-Jun-19,5,LN - 2,30%,Low,LN - 25-Jun-19,13
LN,2,28-Jul-19,11,LN - 2,30%,Low,LN - 28-Jul-19,48
LN,2,28-Jun-19,3,LN - 2,30%,Low,LN - 28-Jun-19,18
LN,3,02-Jul-19,4,LN - 3,70%,Low,LN - 02-Jul-19,23
LN,3,05-Jul-19,9,LN - 3,70%,Low,LN - 05-Jul-19,26
LN,3,05-Jun-19,6,LN - 3,70%,Low,LN - 05-Jun-19,1
LN,3,06-Jun-19,5,LN - 3,70%,Low,LN - 06-Jun-19,2
LN,3,07-Jun-19,3,LN - 3,70%,Low,LN - 07-Jun-19,3
LN,3,09-Jul-19,1,LN - 3,70%,Low,LN - 09-Jul-19,30
LN,3,11-Jun-19,2,LN - 3,70%,Low,LN - 11-Jun-19,5
LN,3,13-Jun-19,4,LN - 3,70%,Low,LN - 13-Jun-19,7
LN,3,15-Jul-19,4,LN - 3,70%,Low,LN - 15-Jul-19,33
LN,3,15-Jun-19,7,LN - 3,70%,Low,LN - 15-Jun-19,9
LN,3,20-Jul-19,5,LN - 3,70%,Low,LN - 20-Jul-19,37
LN,3,20-Jun-19,4,LN - 3,70%,Low,LN - 20-Jun-19,11
LN,3,25-Jul-19,2,LN - 3,70%,Low,LN - 25-Jul-19,43
LN,3,25-Jun-19,4,LN - 3,70%,Low,LN - 25-Jun-19,13
LN,3,28-Jul-19,11,LN - 3,70%,Low,LN - 28-Jul-19,48
LN,3,28-Jun-19,1,LN - 3,70%,Low,LN - 28-Jun-19,18
LN,4,02-Jul-19,3,LN - 4,100%,Low,LN - 02-Jul-19,23
LN,4,05-Jul-19,0,LN - 4,100%,Low,LN - 05-Jul-19,26
LN,4,05-Jun-19,0,LN - 4,100%,Low,LN - 05-Jun-19,1
LN,4,06-Jun-19,6,LN - 4,100%,Low,LN - 06-Jun-19,2
LN,4,07-Jun-19,5,LN - 4,100%,Low,LN - 07-Jun-19,3
LN,4,09-Jul-19,0,LN - 4,100%,Low,LN - 09-Jul-19,30
LN,4,11-Jun-19,5,LN - 4,100%,Low,LN - 11-Jun-19,5
LN,4,13-Jun-19,3,LN - 4,100%,Low,LN - 13-Jun-19,7
LN,4,15-Jul-19,0,LN - 4,100%,Low,LN - 15-Jul-19,33
LN,4,15-Jun-19,6,LN - 4,100%,Low,LN - 15-Jun-19,9
LN,4,20-Jul-19,0,LN - 4,100%,Low,LN - 20-Jul-19,37
LN,4,20-Jun-19,0,LN - 4,100%,Low,LN - 20-Jun-19,11
LN,4,25-Jul-19,0,LN - 4,100%,Low,LN - 25-Jul-19,43
LN,4,25-Jun-19,8,LN - 4,100%,Low,LN - 25-Jun-19,13
LN,4,28-Jul-19,20,LN - 4,100%,Low,LN - 28-Jul-19,48
LN,4,28-Jun-19,3,LN - 4,100%,Low,LN - 28-Jun-19,18
LN,5,02-Jul-19,2,LN - 5,50%,Low,LN - 02-Jul-19,23
LN,5,05-Jul-19,0,LN - 5,50%,Low,LN - 05-Jul-19,26
LN,5,05-Jun-19,1,LN - 5,50%,Low,LN - 05-Jun-19,1
LN,5,06-Jun-19,2,LN - 5,50%,Low,LN - 06-Jun-19,2
LN,5,07-Jun-19,3,LN - 5,50%,Low,LN - 07-Jun-19,3
LN,5,09-Jul-19,2,LN - 5,50%,Low,LN - 09-Jul-19,30
LN,5,11-Jun-19,6,LN - 5,50%,Low,LN - 11-Jun-19,5
LN,5,13-Jun-19,4,LN - 5,50%,Low,LN - 13-Jun-19,7
LN,5,15-Jul-19,1,LN - 5,50%,Low,LN - 15-Jul-19,33
LN,5,15-Jun-19,2,LN - 5,50%,Low,LN - 15-Jun-19,9
LN,5,20-Jul-19,8,LN - 5,50%,Low,LN - 20-Jul-19,37
LN,5,20-Jun-19,0,LN - 5,50%,Low,LN - 20-Jun-19,11
LN,5,25-Jul-19,1,LN - 5,50%,Low,LN - 25-Jul-19,43
LN,5,25-Jun-19,0,LN - 5,50%,Low,LN - 25-Jun-19,13
LN,5,28-Jul-19,1,LN - 5,50%,Low,LN - 28-Jul-19,48
LN,5,28-Jun-19,1,LN - 5,50%,Low,LN - 28-Jun-19,18
LN,6,02-Jul-19,2,LN - 6,50%,Low,LN - 02-Jul-19,23
LN,6,05-Jul-19,1,LN - 6,50%,Low,LN - 05-Jul-19,26
LN,6,05-Jun-19,0,LN - 6,50%,Low,LN - 05-Jun-19,1
LN,6,06-Jun-19,0,LN - 6,50%,Low,LN - 06-Jun-19,2
LN,6,07-Jun-19,5,LN - 6,50%,Low,LN - 07-Jun-19,3
LN,6,09-Jul-19,4,LN - 6,50%,Low,LN - 09-Jul-19,30
LN,6,11-Jun-19,4,LN - 6,50%,Low,LN - 11-Jun-19,5
LN,6,13-Jun-19,1,LN - 6,50%,Low,LN - 13-Jun-19,7
LN,6,15-Jul-19,1,LN - 6,50%,Low,LN - 15-Jul-19,33
LN,6,15-Jun-19,1,LN - 6,50%,Low,LN - 15-Jun-19,9
LN,6,20-Jul-19,3,LN - 6,50%,Low,LN - 20-Jul-19,37
LN,6,20-Jun-19,1,LN - 6,50%,Low,LN - 20-Jun-19,11
LN,6,25-Jul-19,2,LN - 6,50%,Low,LN - 25-Jul-19,43
LN,6,25-Jun-19,5,LN - 6,50%,Low,LN - 25-Jun-19,13
LN,6,28-Jul-19,2,LN - 6,50%,Low,LN - 28-Jul-19,48
LN,6,28-Jun-19,0,LN - 6,50%,Low,LN - 28-Jun-19,18
LN,7,02-Jul-19,2,LN - 7,0%,Low,LN - 02-Jul-19,23
LN,7,05-Jul-19,0,LN - 7,0%,Low,LN - 05-Jul-19,26
LN,7,05-Jun-19,2,LN - 7,0%,Low,LN - 05-Jun-19,1
LN,7,06-Jun-19,1,LN - 7,0%,Low,LN - 06-Jun-19,2
LN,7,07-Jun-19,6,LN - 7,0%,Low,LN - 07-Jun-19,3
LN,7,09-Jul-19,1,LN - 7,0%,Low,LN - 09-Jul-19,30
LN,7,11-Jun-19,6,LN - 7,0%,Low,LN - 11-Jun-19,5
LN,7,13-Jun-19,1,LN - 7,0%,Low,LN - 13-Jun-19,7
LN,7,15-Jul-19,8,LN - 7,0%,Low,LN - 15-Jul-19,33
LN,7,15-Jun-19,1,LN - 7,0%,Low,LN - 15-Jun-19,9
LN,7,20-Jul-19,5,LN - 7,0%,Low,LN - 20-Jul-19,37
LN,7,20-Jun-19,0,LN - 7,0%,Low,LN - 20-Jun-19,11
LN,7,25-Jul-19,1,LN - 7,0%,Low,LN - 25-Jul-19,43
LN,7,25-Jun-19,12,LN - 7,0%,Low,LN - 25-Jun-19,13
LN,7,28-Jul-19,8,LN - 7,0%,Low,LN - 28-Jul-19,48
LN,7,28-Jun-19,0,LN - 7,0%,Low,LN - 28-Jun-19,18
LN,8,02-Jul-19,4,LN - 8,control,Low,LN - 02-Jul-19,23
LN,8,05-Jul-19,6,LN - 8,control,Low,LN - 05-Jul-19,26
LN,8,05-Jun-19,0,LN - 8,control,Low,LN - 05-Jun-19,1
LN,8,06-Jun-19,3,LN - 8,control,Low,LN - 06-Jun-19,2
LN,8,07-Jun-19,4,LN - 8,control,Low,LN - 07-Jun-19,3
LN,8,09-Jul-19,0,LN - 8,control,Low,LN - 09-Jul-19,30
LN,8,11-Jun-19,5,LN - 8,control,Low,LN - 11-Jun-19,5
LN,8,13-Jun-19,1,LN - 8,control,Low,LN - 13-Jun-19,7
LN,8,15-Jul-19,3,LN - 8,control,Low,LN - 15-Jul-19,33
LN,8,15-Jun-19,12,LN - 8,control,Low,LN - 15-Jun-19,9
LN,8,20-Jul-19,1,LN - 8,control,Low,LN - 20-Jul-19,37
LN,8,20-Jun-19,2,LN - 8,control,Low,LN - 20-Jun-19,11
LN,8,25-Jul-19,2,LN - 8,control,Low,LN - 25-Jul-19,43
LN,8,25-Jun-19,7,LN - 8,control,Low,LN - 25-Jun-19,13
LN,8,28-Jul-19,0,LN - 8,control,Low,LN - 28-Jul-19,48
LN,8,28-Jun-19,0,LN - 8,control,Low,LN - 28-Jun-19,18
LN,9,02-Jul-19,3,LN - 9,100%,Low,LN - 02-Jul-19,23
LN,9,05-Jul-19,0,LN - 9,100%,Low,LN - 05-Jul-19,26
LN,9,05-Jun-19,1,LN - 9,100%,Low,LN - 05-Jun-19,1
LN,9,06-Jun-19,2,LN - 9,100%,Low,LN - 06-Jun-19,2
LN,9,07-Jun-19,2,LN - 9,100%,Low,LN - 07-Jun-19,3
LN,9,09-Jul-19,1,LN - 9,100%,Low,LN - 09-Jul-19,30
LN,9,11-Jun-19,3,LN - 9,100%,Low,LN - 11-Jun-19,5
LN,9,13-Jun-19,2,LN - 9,100%,Low,LN - 13-Jun-19,7
LN,9,15-Jul-19,2,LN - 9,100%,Low,LN - 15-Jul-19,33
LN,9,15-Jun-19,4,LN - 9,100%,Low,LN - 15-Jun-19,9
LN,9,20-Jul-19,3,LN - 9,100%,Low,LN - 20-Jul-19,37
LN,9,20-Jun-19,2,LN - 9,100%,Low,LN - 20-Jun-19,11
LN,9,25-Jul-19,2,LN - 9,100%,Low,LN - 25-Jul-19,43
LN,9,25-Jun-19,3,LN - 9,100%,Low,LN - 25-Jun-19,13
LN,9,28-Jul-19,0,LN - 9,100%,Low,LN - 28-Jul-19,48
LN,9,28-Jun-19,2,LN - 9,100%,Low,LN - 28-Jun-19,18
LN,10,02-Jul-19,0,LN - 10,control,Low,LN - 02-Jul-19,23
LN,10,05-Jul-19,0,LN - 10,control,Low,LN - 05-Jul-19,26
LN,10,05-Jun-19,0,LN - 10,control,Low,LN - 05-Jun-19,1
LN,10,06-Jun-19,1,LN - 10,control,Low,LN - 06-Jun-19,2
LN,10,07-Jun-19,1,LN - 10,control,Low,LN - 07-Jun-19,3
LN,10,09-Jul-19,0,LN - 10,control,Low,LN - 09-Jul-19,30
LN,10,11-Jun-19,0,LN - 10,control,Low,LN - 11-Jun-19,5
LN,10,13-Jun-19,4,LN - 10,control,Low,LN - 13-Jun-19,7
LN,10,15-Jul-19,1,LN - 10,control,Low,LN - 15-Jul-19,33
LN,10,15-Jun-19,0,LN - 10,control,Low,LN - 15-Jun-19,9
LN,10,20-Jul-19,0,LN - 10,control,Low,LN - 20-Jul-19,37
LN,10,20-Jun-19,0,LN - 10,control,Low,LN - 20-Jun-19,11
LN,10,25-Jul-19,0,LN - 10,control,Low,LN - 25-Jul-19,43
LN,10,25-Jun-19,4,LN - 10,control,Low,LN - 25-Jun-19,13
LN,10,28-Jul-19,1,LN - 10,control,Low,LN - 28-Jul-19,48
LN,10,28-Jun-19,4,LN - 10,control,Low,LN - 28-Jun-19,18
LN,11,02-Jul-19,1,LN - 11,100%,Low,LN - 02-Jul-19,23
LN,11,05-Jul-19,2,LN - 11,100%,Low,LN - 05-Jul-19,26
LN,11,05-Jun-19,1,LN - 11,100%,Low,LN - 05-Jun-19,1
LN,11,06-Jun-19,4,LN - 11,100%,Low,LN - 06-Jun-19,2
LN,11,07-Jun-19,2,LN - 11,100%,Low,LN - 07-Jun-19,3
LN,11,09-Jul-19,13,LN - 11,100%,Low,LN - 09-Jul-19,30
LN,11,11-Jun-19,4,LN - 11,100%,Low,LN - 11-Jun-19,5
LN,11,13-Jun-19,5,LN - 11,100%,Low,LN - 13-Jun-19,7
LN,11,15-Jul-19,7,LN - 11,100%,Low,LN - 15-Jul-19,33
LN,11,15-Jun-19,4,LN - 11,100%,Low,LN - 15-Jun-19,9
LN,11,20-Jul-19,9,LN - 11,100%,Low,LN - 20-Jul-19,37
LN,11,20-Jun-19,2,LN - 11,100%,Low,LN - 20-Jun-19,11
LN,11,25-Jul-19,1,LN - 11,100%,Low,LN - 25-Jul-19,43
LN,11,25-Jun-19,1,LN - 11,100%,Low,LN - 25-Jun-19,13
LN,11,28-Jul-19,6,LN - 11,100%,Low,LN - 28-Jul-19,48
LN,11,28-Jun-19,3,LN - 11,100%,Low,LN - 28-Jun-19,18
LN,12,02-Jul-19,0,LN - 12,50%,Low,LN - 02-Jul-19,23
LN,12,05-Jul-19,1,LN - 12,50%,Low,LN - 05-Jul-19,26
LN,12,05-Jun-19,5,LN - 12,50%,Low,LN - 05-Jun-19,1
LN,12,06-Jun-19,1,LN - 12,50%,Low,LN - 06-Jun-19,2
LN,12,07-Jun-19,1,LN - 12,50%,Low,LN - 07-Jun-19,3
LN,12,09-Jul-19,3,LN - 12,50%,Low,LN - 09-Jul-19,30
LN,12,11-Jun-19,1,LN - 12,50%,Low,LN - 11-Jun-19,5
LN,12,13-Jun-19,6,LN - 12,50%,Low,LN - 13-Jun-19,7
LN,12,15-Jul-19,14,LN - 12,50%,Low,LN - 15-Jul-19,33
LN,12,15-Jun-19,8,LN - 12,50%,Low,LN - 15-Jun-19,9
LN,12,20-Jul-19,0,LN - 12,50%,Low,LN - 20-Jul-19,37
LN,12,20-Jun-19,10,LN - 12,50%,Low,LN - 20-Jun-19,11
LN,12,25-Jul-19,0,LN - 12,50%,Low,LN - 25-Jul-19,43
LN,12,25-Jun-19,3,LN - 12,50%,Low,LN - 25-Jun-19,13
LN,12,28-Jul-19,1,LN - 12,50%,Low,LN - 28-Jul-19,48
LN,12,28-Jun-19,3,LN - 12,50%,Low,LN - 28-Jun-19,18
LN,13,02-Jul-19,1,LN - 13,0%,Low,LN - 02-Jul-19,23
LN,13,05-Jul-19,2,LN - 13,0%,Low,LN - 05-Jul-19,26
LN,13,05-Jun-19,2,LN - 13,0%,Low,LN - 05-Jun-19,1
LN,13,06-Jun-19,7,LN - 13,0%,Low,LN - 06-Jun-19,2
LN,13,07-Jun-19,3,LN - 13,0%,Low,LN - 07-Jun-19,3
LN,13,09-Jul-19,3,LN - 13,0%,Low,LN - 09-Jul-19,30
LN,13,11-Jun-19,4,LN - 13,0%,Low,LN - 11-Jun-19,5
LN,13,13-Jun-19,19,LN - 13,0%,Low,LN - 13-Jun-19,7
LN,13,15-Jul-19,2,LN - 13,0%,Low,LN - 15-Jul-19,33
LN,13,15-Jun-19,8,LN - 13,0%,Low,LN - 15-Jun-19,9
LN,13,20-Jul-19,16,LN - 13,0%,Low,LN - 20-Jul-19,37
LN,13,20-Jun-19,6,LN - 13,0%,Low,LN - 20-Jun-19,11
LN,13,25-Jul-19,4,LN - 13,0%,Low,LN - 25-Jul-19,43
LN,13,25-Jun-19,7,LN - 13,0%,Low,LN - 25-Jun-19,13
LN,13,28-Jul-19,0,LN - 13,0%,Low,LN - 28-Jul-19,48
LN,13,28-Jun-19,7,LN - 13,0%,Low,LN - 28-Jun-19,18
LN,14,02-Jul-19,4,LN - 14,0%,Low,LN - 02-Jul-19,23
LN,14,05-Jul-19,5,LN - 14,0%,Low,LN - 05-Jul-19,26
LN,14,05-Jun-19,0,LN - 14,0%,Low,LN - 05-Jun-19,1
LN,14,06-Jun-19,7,LN - 14,0%,Low,LN - 06-Jun-19,2
LN,14,07-Jun-19,11,LN - 14,0%,Low,LN - 07-Jun-19,3
LN,14,09-Jul-19,1,LN - 14,0%,Low,LN - 09-Jul-19,30
LN,14,11-Jun-19,1,LN - 14,0%,Low,LN - 11-Jun-19,5
LN,14,13-Jun-19,4,LN - 14,0%,Low,LN - 13-Jun-19,7
LN,14,15-Jul-19,13,LN - 14,0%,Low,LN - 15-Jul-19,33
LN,14,15-Jun-19,1,LN - 14,0%,Low,LN - 15-Jun-19,9
LN,14,20-Jul-19,1,LN - 14,0%,Low,LN - 20-Jul-19,37
LN,14,20-Jun-19,5,LN - 14,0%,Low,LN - 20-Jun-19,11
LN,14,25-Jul-19,0,LN - 14,0%,Low,LN - 25-Jul-19,43
LN,14,25-Jun-19,17,LN - 14,0%,Low,LN - 25-Jun-19,13
LN,14,28-Jul-19,2,LN - 14,0%,Low,LN - 28-Jul-19,48
LN,14,28-Jun-19,9,LN - 14,0%,Low,LN - 28-Jun-19,18
LN,15,02-Jul-19,1,LN - 15,control,Low,LN - 02-Jul-19,23
LN,15,05-Jul-19,1,LN - 15,control,Low,LN - 05-Jul-19,26
LN,15,05-Jun-19,0,LN - 15,control,Low,LN - 05-Jun-19,1
LN,15,06-Jun-19,5,LN - 15,control,Low,LN - 06-Jun-19,2
LN,15,07-Jun-19,3,LN - 15,control,Low,LN - 07-Jun-19,3
LN,15,09-Jul-19,11,LN - 15,control,Low,LN - 09-Jul-19,30
LN,15,11-Jun-19,2,LN - 15,control,Low,LN - 11-Jun-19,5
LN,15,13-Jun-19,7,LN - 15,control,Low,LN - 13-Jun-19,7
LN,15,15-Jul-19,0,LN - 15,control,Low,LN - 15-Jul-19,33
LN,15,15-Jun-19,5,LN - 15,control,Low,LN - 15-Jun-19,9
LN,15,20-Jul-19,6,LN - 15,control,Low,LN - 20-Jul-19,37
LN,15,20-Jun-19,1,LN - 15,control,Low,LN - 20-Jun-19,11
LN,15,25-Jul-19,2,LN - 15,control,Low,LN - 25-Jul-19,43
LN,15,25-Jun-19,2,LN - 15,control,Low,LN - 25-Jun-19,13
LN,15,28-Jul-19,1,LN - 15,control,Low,LN - 28-Jul-19,48
LN,15,28-Jun-19,1,LN - 15,control,Low,LN - 28-Jun-19,18
LN,16,02-Jul-19,6,LN - 16,0%,Low,LN - 02-Jul-19,23
LN,16,05-Jul-19,1,LN - 16,0%,Low,LN - 05-Jul-19,26
LN,16,05-Jun-19,3,LN - 16,0%,Low,LN - 05-Jun-19,1
LN,16,06-Jun-19,4,LN - 16,0%,Low,LN - 06-Jun-19,2
LN,16,07-Jun-19,6,LN - 16,0%,Low,LN - 07-Jun-19,3
LN,16,09-Jul-19,4,LN - 16,0%,Low,LN - 09-Jul-19,30
LN,16,11-Jun-19,3,LN - 16,0%,Low,LN - 11-Jun-19,5
LN,16,13-Jun-19,5,LN - 16,0%,Low,LN - 13-Jun-19,7
LN,16,15-Jul-19,2,LN - 16,0%,Low,LN - 15-Jul-19,33
LN,16,15-Jun-19,1,LN - 16,0%,Low,LN - 15-Jun-19,9
LN,16,20-Jul-19,1,LN - 16,0%,Low,LN - 20-Jul-19,37
LN,16,20-Jun-19,1,LN - 16,0%,Low,LN - 20-Jun-19,11
LN,16,25-Jul-19,1,LN - 16,0%,Low,LN - 25-Jul-19,43
LN,16,25-Jun-19,0,LN - 16,0%,Low,LN - 25-Jun-19,13
LN,16,28-Jul-19,3,LN - 16,0%,Low,LN - 28-Jul-19,48
LN,16,28-Jun-19,5,LN - 16,0%,Low,LN - 28-Jun-19,18
LN,17,02-Jul-19,4,LN - 17,70%,Low,LN - 02-Jul-19,23
LN,17,05-Jul-19,1,LN - 17,70%,Low,LN - 05-Jul-19,26
LN,17,05-Jun-19,3,LN - 17,70%,Low,LN - 05-Jun-19,1
LN,17,06-Jun-19,1,LN - 17,70%,Low,LN - 06-Jun-19,2
LN,17,07-Jun-19,4,LN - 17,70%,Low,LN - 07-Jun-19,3
LN,17,09-Jul-19,3,LN - 17,70%,Low,LN - 09-Jul-19,30
LN,17,11-Jun-19,7,LN - 17,70%,Low,LN - 11-Jun-19,5
LN,17,13-Jun-19,2,LN - 17,70%,Low,LN - 13-Jun-19,7
LN,17,15-Jul-19,2,LN - 17,70%,Low,LN - 15-Jul-19,33
LN,17,15-Jun-19,8,LN - 17,70%,Low,LN - 15-Jun-19,9
LN,17,20-Jul-19,2,LN - 17,70%,Low,LN - 20-Jul-19,37
LN,17,20-Jun-19,11,LN - 17,70%,Low,LN - 20-Jun-19,11
LN,17,25-Jul-19,3,LN - 17,70%,Low,LN - 25-Jul-19,43
LN,17,25-Jun-19,6,LN - 17,70%,Low,LN - 25-Jun-19,13
LN,17,28-Jul-19,1,LN - 17,70%,Low,LN - 28-Jul-19,48
LN,17,28-Jun-19,2,LN - 17,70%,Low,LN - 28-Jun-19,18
LN,18,02-Jul-19,0,LN - 18,30%,Low,LN - 02-Jul-19,23
LN,18,05-Jul-19,4,LN - 18,30%,Low,LN - 05-Jul-19,26
LN,18,05-Jun-19,0,LN - 18,30%,Low,LN - 05-Jun-19,1
LN,18,06-Jun-19,14,LN - 18,30%,Low,LN - 06-Jun-19,2
LN,18,07-Jun-19,1,LN - 18,30%,Low,LN - 07-Jun-19,3
LN,18,09-Jul-19,1,LN - 18,30%,Low,LN - 09-Jul-19,30
LN,18,11-Jun-19,4,LN - 18,30%,Low,LN - 11-Jun-19,5
LN,18,13-Jun-19,6,LN - 18,30%,Low,LN - 13-Jun-19,7
LN,18,15-Jul-19,3,LN - 18,30%,Low,LN - 15-Jul-19,33
LN,18,15-Jun-19,0,LN - 18,30%,Low,LN - 15-Jun-19,9
LN,18,20-Jul-19,2,LN - 18,30%,Low,LN - 20-Jul-19,37
LN,18,20-Jun-19,5,LN - 18,30%,Low,LN - 20-Jun-19,11
LN,18,25-Jul-19,4,LN - 18,30%,Low,LN - 25-Jul-19,43
LN,18,25-Jun-19,2,LN - 18,30%,Low,LN - 25-Jun-19,13
LN,18,28-Jul-19,1,LN - 18,30%,Low,LN - 28-Jul-19,48
LN,18,28-Jun-19,2,LN - 18,30%,Low,LN - 28-Jun-19,18
LN,19,02-Jul-19,0,LN - 19,control,Low,LN - 02-Jul-19,23
LN,19,05-Jul-19,0,LN - 19,control,Low,LN - 05-Jul-19,26
LN,19,05-Jun-19,1,LN - 19,control,Low,LN - 05-Jun-19,1
LN,19,06-Jun-19,12,LN - 19,control,Low,LN - 06-Jun-19,2
LN,19,07-Jun-19,4,LN - 19,control,Low,LN - 07-Jun-19,3
LN,19,09-Jul-19,1,LN - 19,control,Low,LN - 09-Jul-19,30
LN,19,11-Jun-19,4,LN - 19,control,Low,LN - 11-Jun-19,5
LN,19,13-Jun-19,4,LN - 19,control,Low,LN - 13-Jun-19,7
LN,19,15-Jul-19,2,LN - 19,control,Low,LN - 15-Jul-19,33
LN,19,15-Jun-19,2,LN - 19,control,Low,LN - 15-Jun-19,9
LN,19,20-Jul-19,1,LN - 19,control,Low,LN - 20-Jul-19,37
LN,19,20-Jun-19,12,LN - 19,control,Low,LN - 20-Jun-19,11
LN,19,25-Jul-19,1,LN - 19,control,Low,LN - 25-Jul-19,43
LN,19,25-Jun-19,1,LN - 19,control,Low,LN - 25-Jun-19,13
LN,19,28-Jul-19,0,LN - 19,control,Low,LN - 28-Jul-19,48
LN,19,28-Jun-19,6,LN - 19,control,Low,LN - 28-Jun-19,18
LN,20,02-Jul-19,1,LN - 20,30%,Low,LN - 02-Jul-19,23
LN,20,05-Jul-19,8,LN - 20,30%,Low,LN - 05-Jul-19,26
LN,20,05-Jun-19,1,LN - 20,30%,Low,LN - 05-Jun-19,1
LN,20,06-Jun-19,1,LN - 20,30%,Low,LN - 06-Jun-19,2
LN,20,07-Jun-19,1,LN - 20,30%,Low,LN - 07-Jun-19,3
LN,20,09-Jul-19,3,LN - 20,30%,Low,LN - 09-Jul-19,30
LN,20,11-Jun-19,3,LN - 20,30%,Low,LN - 11-Jun-19,5
LN,20,13-Jun-19,5,LN - 20,30%,Low,LN - 13-Jun-19,7
LN,20,15-Jul-19,3,LN - 20,30%,Low,LN - 15-Jul-19,33
LN,20,15-Jun-19,11,LN - 20,30%,Low,LN - 15-Jun-19,9
LN,20,20-Jul-19,4,LN - 20,30%,Low,LN - 20-Jul-19,37
LN,20,20-Jun-19,6,LN - 20,30%,Low,LN - 20-Jun-19,11
LN,20,25-Jul-19,6,LN - 20,30%,Low,LN - 25-Jul-19,43
LN,20,25-Jun-19,6,LN - 20,30%,Low,LN - 25-Jun-19,13
LN,20,28-Jul-19,0,LN - 20,30%,Low,LN - 28-Jul-19,48
LN,20,28-Jun-19,1,LN - 20,30%,Low,LN - 28-Jun-19,18
LN,21,02-Jul-19,18,LN - 21,100%,Low,LN - 02-Jul-19,23
LN,21,05-Jul-19,0,LN - 21,100%,Low,LN - 05-Jul-19,26
LN,21,05-Jun-19,2,LN - 21,100%,Low,LN - 05-Jun-19,1
LN,21,06-Jun-19,6,LN - 21,100%,Low,LN - 06-Jun-19,2
LN,21,07-Jun-19,1,LN - 21,100%,Low,LN - 07-Jun-19,3
LN,21,09-Jul-19,6,LN - 21,100%,Low,LN - 09-Jul-19,30
LN,21,11-Jun-19,8,LN - 21,100%,Low,LN - 11-Jun-19,5
LN,21,13-Jun-19,13,LN - 21,100%,Low,LN - 13-Jun-19,7
LN,21,15-Jul-19,0,LN - 21,100%,Low,LN - 15-Jul-19,33
LN,21,15-Jun-19,10,LN - 21,100%,Low,LN - 15-Jun-19,9
LN,21,20-Jul-19,1,LN - 21,100%,Low,LN - 20-Jul-19,37
LN,21,20-Jun-19,11,LN - 21,100%,Low,LN - 20-Jun-19,11
LN,21,25-Jul-19,2,LN - 21,100%,Low,LN - 25-Jul-19,43
LN,21,25-Jun-19,8,LN - 21,100%,Low,LN - 25-Jun-19,13
LN,21,28-Jul-19,10,LN - 21,100%,Low,LN - 28-Jul-19,48
LN,21,28-Jun-19,12,LN - 21,100%,Low,LN - 28-Jun-19,18
LN,22,02-Jul-19,2,LN - 22,70%,Low,LN - 02-Jul-19,23
LN,22,05-Jul-19,4,LN - 22,70%,Low,LN - 05-Jul-19,26
LN,22,05-Jun-19,1,LN - 22,70%,Low,LN - 05-Jun-19,1
LN,22,06-Jun-19,6,LN - 22,70%,Low,LN - 06-Jun-19,2
LN,22,07-Jun-19,3,LN - 22,70%,Low,LN - 07-Jun-19,3
LN,22,09-Jul-19,1,LN - 22,70%,Low,LN - 09-Jul-19,30
LN,22,11-Jun-19,14,LN - 22,70%,Low,LN - 11-Jun-19,5
LN,22,13-Jun-19,1,LN - 22,70%,Low,LN - 13-Jun-19,7
LN,22,15-Jul-19,2,LN - 22,70%,Low,LN - 15-Jul-19,33
LN,22,15-Jun-19,2,LN - 22,70%,Low,LN - 15-Jun-19,9
LN,22,20-Jul-19,3,LN - 22,70%,Low,LN - 20-Jul-19,37
LN,22,20-Jun-19,2,LN - 22,70%,Low,LN - 20-Jun-19,11
LN,22,25-Jul-19,2,LN - 22,70%,Low,LN - 25-Jul-19,43
LN,22,25-Jun-19,4,LN - 22,70%,Low,LN - 25-Jun-19,13
LN,22,28-Jul-19,6,LN - 22,70%,Low,LN - 28-Jul-19,48
LN,22,28-Jun-19,2,LN - 22,70%,Low,LN - 28-Jun-19,18
LN,23,02-Jul-19,5,LN - 23,50%,Low,LN - 02-Jul-19,23
LN,23,05-Jul-19,2,LN - 23,50%,Low,LN - 05-Jul-19,26
LN,23,05-Jun-19,1,LN - 23,50%,Low,LN - 05-Jun-19,1
LN,23,06-Jun-19,1,LN - 23,50%,Low,LN - 06-Jun-19,2
LN,23,07-Jun-19,3,LN - 23,50%,Low,LN - 07-Jun-19,3
LN,23,09-Jul-19,6,LN - 23,50%,Low,LN - 09-Jul-19,30
LN,23,11-Jun-19,11,LN - 23,50%,Low,LN - 11-Jun-19,5
LN,23,13-Jun-19,1,LN - 23,50%,Low,LN - 13-Jun-19,7
LN,23,15-Jul-19,3,LN - 23,50%,Low,LN - 15-Jul-19,33
LN,23,15-Jun-19,4,LN - 23,50%,Low,LN - 15-Jun-19,9
LN,23,20-Jul-19,2,LN - 23,50%,Low,LN - 20-Jul-19,37
LN,23,20-Jun-19,5,LN - 23,50%,Low,LN - 20-Jun-19,11
LN,23,25-Jul-19,3,LN - 23,50%,Low,LN - 25-Jul-19,43
LN,23,25-Jun-19,4,LN - 23,50%,Low,LN - 25-Jun-19,13
LN,23,28-Jul-19,1,LN - 23,50%,Low,LN - 28-Jul-19,48
LN,23,28-Jun-19,4,LN - 23,50%,Low,LN - 28-Jun-19,18
LN,24,02-Jul-19,1,LN - 24,30%,Low,LN - 02-Jul-19,23
LN,24,05-Jul-19,0,LN - 24,30%,Low,LN - 05-Jul-19,26
LN,24,05-Jun-19,0,LN - 24,30%,Low,LN - 05-Jun-19,1
LN,24,06-Jun-19,9,LN - 24,30%,Low,LN - 06-Jun-19,2
LN,24,07-Jun-19,0,LN - 24,30%,Low,LN - 07-Jun-19,3
LN,24,09-Jul-19,0,LN - 24,30%,Low,LN - 09-Jul-19,30
LN,24,11-Jun-19,1,LN - 24,30%,Low,LN - 11-Jun-19,5
LN,24,13-Jun-19,0,LN - 24,30%,Low,LN - 13-Jun-19,7
LN,24,15-Jul-19,0,LN - 24,30%,Low,LN - 15-Jul-19,33
LN,24,15-Jun-19,2,LN - 24,30%,Low,LN - 15-Jun-19,9
LN,24,20-Jul-19,0,LN - 24,30%,Low,LN - 20-Jul-19,37
LN,24,20-Jun-19,0,LN - 24,30%,Low,LN - 20-Jun-19,11
LN,24,25-Jul-19,0,LN - 24,30%,Low,LN - 25-Jul-19,43
LN,24,25-Jun-19,1,LN - 24,30%,Low,LN - 25-Jun-19,13
LN,24,28-Jul-19,0,LN - 24,30%,Low,LN - 28-Jul-19,48
LN,24,28-Jun-19,0,LN - 24,30%,Low,LN - 28-Jun-19,18
LS,1,02-Jul-19,1,LS - 1,100%,Low,LS - 02-Jul-19,23
LS,1,05-Jul-19,0,LS - 1,100%,Low,LS - 05-Jul-19,26
LS,1,05-Jun-19,3,LS - 1,100%,Low,LS - 05-Jun-19,1
LS,1,06-Jun-19,1,LS - 1,100%,Low,LS - 06-Jun-19,2
LS,1,07-Jun-19,0,LS - 1,100%,Low,LS - 07-Jun-19,3
LS,1,09-Jul-19,0,LS - 1,100%,Low,LS - 09-Jul-19,30
LS,1,11-Jun-19,8,LS - 1,100%,Low,LS - 11-Jun-19,5
LS,1,13-Jun-19,10,LS - 1,100%,Low,LS - 13-Jun-19,7
LS,1,15-Jul-19,0,LS - 1,100%,Low,LS - 15-Jul-19,33
LS,1,15-Jun-19,0,LS - 1,100%,Low,LS - 15-Jun-19,9
LS,1,20-Jul-19,0,LS - 1,100%,Low,LS - 20-Jul-19,37
LS,1,20-Jun-19,0,LS - 1,100%,Low,LS - 20-Jun-19,11
LS,1,25-Jul-19,0,LS - 1,100%,Low,LS - 25-Jul-19,43
LS,1,25-Jun-19,1,LS - 1,100%,Low,LS - 25-Jun-19,13
LS,1,28-Jul-19,2,LS - 1,100%,Low,LS - 28-Jul-19,48
LS,1,28-Jun-19,7,LS - 1,100%,Low,LS - 28-Jun-19,18
LS,2,02-Jul-19,1,LS - 2,0%,Low,LS - 02-Jul-19,23
LS,2,05-Jul-19,1,LS - 2,0%,Low,LS - 05-Jul-19,26
LS,2,05-Jun-19,1,LS - 2,0%,Low,LS - 05-Jun-19,1
LS,2,06-Jun-19,1,LS - 2,0%,Low,LS - 06-Jun-19,2
LS,2,07-Jun-19,1,LS - 2,0%,Low,LS - 07-Jun-19,3
LS,2,09-Jul-19,1,LS - 2,0%,Low,LS - 09-Jul-19,30
LS,2,11-Jun-19,1,LS - 2,0%,Low,LS - 11-Jun-19,5
LS,2,13-Jun-19,0,LS - 2,0%,Low,LS - 13-Jun-19,7
LS,2,15-Jul-19,1,LS - 2,0%,Low,LS - 15-Jul-19,33
LS,2,15-Jun-19,0,LS - 2,0%,Low,LS - 15-Jun-19,9
LS,2,20-Jul-19,2,LS - 2,0%,Low,LS - 20-Jul-19,37
LS,2,20-Jun-19,0,LS - 2,0%,Low,LS - 20-Jun-19,11
LS,2,25-Jul-19,2,LS - 2,0%,Low,LS - 25-Jul-19,43
LS,2,25-Jun-19,1,LS - 2,0%,Low,LS - 25-Jun-19,13
LS,2,28-Jul-19,0,LS - 2,0%,Low,LS - 28-Jul-19,48
LS,2,28-Jun-19,0,LS - 2,0%,Low,LS - 28-Jun-19,18
LS,3,02-Jul-19,5,LS - 3,50%,Low,LS - 02-Jul-19,23
LS,3,05-Jul-19,0,LS - 3,50%,Low,LS - 05-Jul-19,26
LS,3,05-Jun-19,0,LS - 3,50%,Low,LS - 05-Jun-19,1
LS,3,06-Jun-19,5,LS - 3,50%,Low,LS - 06-Jun-19,2
LS,3,07-Jun-19,9,LS - 3,50%,Low,LS - 07-Jun-19,3
LS,3,09-Jul-19,3,LS - 3,50%,Low,LS - 09-Jul-19,30
LS,3,11-Jun-19,20,LS - 3,50%,Low,LS - 11-Jun-19,5
LS,3,13-Jun-19,6,LS - 3,50%,Low,LS - 13-Jun-19,7
LS,3,15-Jul-19,1,LS - 3,50%,Low,LS - 15-Jul-19,33
LS,3,15-Jun-19,1,LS - 3,50%,Low,LS - 15-Jun-19,9
LS,3,20-Jul-19,2,LS - 3,50%,Low,LS - 20-Jul-19,37
LS,3,20-Jun-19,0,LS - 3,50%,Low,LS - 20-Jun-19,11
LS,3,25-Jul-19,2,LS - 3,50%,Low,LS - 25-Jul-19,43
LS,3,25-Jun-19,7,LS - 3,50%,Low,LS - 25-Jun-19,13
LS,3,28-Jul-19,2,LS - 3,50%,Low,LS - 28-Jul-19,48
LS,3,28-Jun-19,0,LS - 3,50%,Low,LS - 28-Jun-19,18
LS,4,02-Jul-19,3,LS - 4,control,Low,LS - 02-Jul-19,23
LS,4,05-Jul-19,1,LS - 4,control,Low,LS - 05-Jul-19,26
LS,4,05-Jun-19,0,LS - 4,control,Low,LS - 05-Jun-19,1
LS,4,06-Jun-19,0,LS - 4,control,Low,LS - 06-Jun-19,2
LS,4,07-Jun-19,1,LS - 4,control,Low,LS - 07-Jun-19,3
LS,4,09-Jul-19,1,LS - 4,control,Low,LS - 09-Jul-19,30
LS,4,11-Jun-19,7,LS - 4,control,Low,LS - 11-Jun-19,5
LS,4,13-Jun-19,7,LS - 4,control,Low,LS - 13-Jun-19,7
LS,4,15-Jul-19,3,LS - 4,control,Low,LS - 15-Jul-19,33
LS,4,15-Jun-19,9,LS - 4,control,Low,LS - 15-Jun-19,9
LS,4,20-Jul-19,3,LS - 4,control,Low,LS - 20-Jul-19,37
LS,4,20-Jun-19,0,LS - 4,control,Low,LS - 20-Jun-19,11
LS,4,25-Jul-19,3,LS - 4,control,Low,LS - 25-Jul-19,43
LS,4,25-Jun-19,6,LS - 4,control,Low,LS - 25-Jun-19,13
LS,4,28-Jul-19,6,LS - 4,control,Low,LS - 28-Jul-19,48
LS,4,28-Jun-19,1,LS - 4,control,Low,LS - 28-Jun-19,18
LS,5,02-Jul-19,1,LS - 5,30%,Low,LS - 02-Jul-19,23
LS,5,05-Jul-19,1,LS - 5,30%,Low,LS - 05-Jul-19,26
LS,5,05-Jun-19,2,LS - 5,30%,Low,LS - 05-Jun-19,1
LS,5,06-Jun-19,2,LS - 5,30%,Low,LS - 06-Jun-19,2
LS,5,07-Jun-19,0,LS - 5,30%,Low,LS - 07-Jun-19,3
LS,5,09-Jul-19,0,LS - 5,30%,Low,LS - 09-Jul-19,30
LS,5,11-Jun-19,5,LS - 5,30%,Low,LS - 11-Jun-19,5
LS,5,13-Jun-19,6,LS - 5,30%,Low,LS - 13-Jun-19,7
LS,5,15-Jul-19,0,LS - 5,30%,Low,LS - 15-Jul-19,33
LS,5,15-Jun-19,2,LS - 5,30%,Low,LS - 15-Jun-19,9
LS,5,20-Jul-19,0,LS - 5,30%,Low,LS - 20-Jul-19,37
LS,5,20-Jun-19,2,LS - 5,30%,Low,LS - 20-Jun-19,11
LS,5,25-Jul-19,0,LS - 5,30%,Low,LS - 25-Jul-19,43
LS,5,25-Jun-19,0,LS - 5,30%,Low,LS - 25-Jun-19,13
LS,5,28-Jul-19,1,LS - 5,30%,Low,LS - 28-Jul-19,48
LS,5,28-Jun-19,1,LS - 5,30%,Low,LS - 28-Jun-19,18
LS,6,02-Jul-19,0,LS - 6,100%,Low,LS - 02-Jul-19,23
LS,6,05-Jul-19,6,LS - 6,100%,Low,LS - 05-Jul-19,26
LS,6,05-Jun-19,1,LS - 6,100%,Low,LS - 05-Jun-19,1
LS,6,06-Jun-19,6,LS - 6,100%,Low,LS - 06-Jun-19,2
LS,6,07-Jun-19,4,LS - 6,100%,Low,LS - 07-Jun-19,3
LS,6,09-Jul-19,1,LS - 6,100%,Low,LS - 09-Jul-19,30
LS,6,11-Jun-19,5,LS - 6,100%,Low,LS - 11-Jun-19,5
LS,6,13-Jun-19,4,LS - 6,100%,Low,LS - 13-Jun-19,7
LS,6,15-Jul-19,11,LS - 6,100%,Low,LS - 15-Jul-19,33
LS,6,15-Jun-19,7,LS - 6,100%,Low,LS - 15-Jun-19,9
LS,6,20-Jul-19,4,LS - 6,100%,Low,LS - 20-Jul-19,37
LS,6,20-Jun-19,1,LS - 6,100%,Low,LS - 20-Jun-19,11
LS,6,25-Jul-19,5,LS - 6,100%,Low,LS - 25-Jul-19,43
LS,6,25-Jun-19,3,LS - 6,100%,Low,LS - 25-Jun-19,13
LS,6,28-Jul-19,2,LS - 6,100%,Low,LS - 28-Jul-19,48
LS,6,28-Jun-19,4,LS - 6,100%,Low,LS - 28-Jun-19,18
LS,7,02-Jul-19,0,LS - 7,control,Low,LS - 02-Jul-19,23
LS,7,05-Jul-19,2,LS - 7,control,Low,LS - 05-Jul-19,26
LS,7,05-Jun-19,0,LS - 7,control,Low,LS - 05-Jun-19,1
LS,7,06-Jun-19,1,LS - 7,control,Low,LS - 06-Jun-19,2
LS,7,07-Jun-19,6,LS - 7,control,Low,LS - 07-Jun-19,3
LS,7,09-Jul-19,1,LS - 7,control,Low,LS - 09-Jul-19,30
LS,7,11-Jun-19,12,LS - 7,control,Low,LS - 11-Jun-19,5
LS,7,13-Jun-19,0,LS - 7,control,Low,LS - 13-Jun-19,7
LS,7,15-Jul-19,0,LS - 7,control,Low,LS - 15-Jul-19,33
LS,7,15-Jun-19,1,LS - 7,control,Low,LS - 15-Jun-19,9
LS,7,20-Jul-19,0,LS - 7,control,Low,LS - 20-Jul-19,37
LS,7,20-Jun-19,3,LS - 7,control,Low,LS - 20-Jun-19,11
LS,7,25-Jul-19,4,LS - 7,control,Low,LS - 25-Jul-19,43
LS,7,25-Jun-19,7,LS - 7,control,Low,LS - 25-Jun-19,13
LS,7,28-Jul-19,0,LS - 7,control,Low,LS - 28-Jul-19,48
LS,7,28-Jun-19,1,LS - 7,control,Low,LS - 28-Jun-19,18
LS,8,02-Jul-19,4,LS - 8,0%,Low,LS - 02-Jul-19,23
LS,8,05-Jul-19,0,LS - 8,0%,Low,LS - 05-Jul-19,26
LS,8,05-Jun-19,0,LS - 8,0%,Low,LS - 05-Jun-19,1
LS,8,06-Jun-19,0,LS - 8,0%,Low,LS - 06-Jun-19,2
LS,8,07-Jun-19,4,LS - 8,0%,Low,LS - 07-Jun-19,3
LS,8,09-Jul-19,0,LS - 8,0%,Low,LS - 09-Jul-19,30
LS,8,11-Jun-19,0,LS - 8,0%,Low,LS - 11-Jun-19,5
LS,8,13-Jun-19,0,LS - 8,0%,Low,LS - 13-Jun-19,7
LS,8,15-Jul-19,0,LS - 8,0%,Low,LS - 15-Jul-19,33
LS,8,15-Jun-19,4,LS - 8,0%,Low,LS - 15-Jun-19,9
LS,8,20-Jul-19,4,LS - 8,0%,Low,LS - 20-Jul-19,37
LS,8,20-Jun-19,3,LS - 8,0%,Low,LS - 20-Jun-19,11
LS,8,25-Jul-19,0,LS - 8,0%,Low,LS - 25-Jul-19,43
LS,8,25-Jun-19,9,LS - 8,0%,Low,LS - 25-Jun-19,13
LS,8,28-Jul-19,0,LS - 8,0%,Low,LS - 28-Jul-19,48
LS,8,28-Jun-19,16,LS - 8,0%,Low,LS - 28-Jun-19,18
LS,9,02-Jul-19,1,LS - 9,0%,Low,LS - 02-Jul-19,23
LS,9,05-Jul-19,2,LS - 9,0%,Low,LS - 05-Jul-19,26
LS,9,05-Jun-19,1,LS - 9,0%,Low,LS - 05-Jun-19,1
LS,9,06-Jun-19,1,LS - 9,0%,Low,LS - 06-Jun-19,2
LS,9,07-Jun-19,8,LS - 9,0%,Low,LS - 07-Jun-19,3
LS,9,09-Jul-19,3,LS - 9,0%,Low,LS - 09-Jul-19,30
LS,9,11-Jun-19,5,LS - 9,0%,Low,LS - 11-Jun-19,5
LS,9,13-Jun-19,1,LS - 9,0%,Low,LS - 13-Jun-19,7
LS,9,15-Jul-19,3,LS - 9,0%,Low,LS - 15-Jul-19,33
LS,9,15-Jun-19,7,LS - 9,0%,Low,LS - 15-Jun-19,9
LS,9,20-Jul-19,6,LS - 9,0%,Low,LS - 20-Jul-19,37
LS,9,20-Jun-19,6,LS - 9,0%,Low,LS - 20-Jun-19,11
LS,9,25-Jul-19,2,LS - 9,0%,Low,LS - 25-Jul-19,43
LS,9,25-Jun-19,2,LS - 9,0%,Low,LS - 25-Jun-19,13
LS,9,28-Jul-19,3,LS - 9,0%,Low,LS - 28-Jul-19,48
LS,9,28-Jun-19,3,LS - 9,0%,Low,LS - 28-Jun-19,18
LS,10,02-Jul-19,5,LS - 10,70%,Low,LS - 02-Jul-19,23
LS,10,05-Jul-19,1,LS - 10,70%,Low,LS - 05-Jul-19,26
LS,10,05-Jun-19,2,LS - 10,70%,Low,LS - 05-Jun-19,1
LS,10,06-Jun-19,8,LS - 10,70%,Low,LS - 06-Jun-19,2
LS,10,07-Jun-19,4,LS - 10,70%,Low,LS - 07-Jun-19,3
LS,10,09-Jul-19,2,LS - 10,70%,Low,LS - 09-Jul-19,30
LS,10,11-Jun-19,3,LS - 10,70%,Low,LS - 11-Jun-19,5
LS,10,13-Jun-19,3,LS - 10,70%,Low,LS - 13-Jun-19,7
LS,10,15-Jul-19,12,LS - 10,70%,Low,LS - 15-Jul-19,33
LS,10,15-Jun-19,4,LS - 10,70%,Low,LS - 15-Jun-19,9
LS,10,20-Jul-19,0,LS - 10,70%,Low,LS - 20-Jul-19,37
LS,10,20-Jun-19,1,LS - 10,70%,Low,LS - 20-Jun-19,11
LS,10,25-Jul-19,6,LS - 10,70%,Low,LS - 25-Jul-19,43
LS,10,25-Jun-19,2,LS - 10,70%,Low,LS - 25-Jun-19,13
LS,10,28-Jul-19,2,LS - 10,70%,Low,LS - 28-Jul-19,48
LS,10,28-Jun-19,12,LS - 10,70%,Low,LS - 28-Jun-19,18
LS,11,02-Jul-19,5,LS - 11,30%,Low,LS - 02-Jul-19,23
LS,11,05-Jul-19,4,LS - 11,30%,Low,LS - 05-Jul-19,26
LS,11,05-Jun-19,0,LS - 11,30%,Low,LS - 05-Jun-19,1
LS,11,06-Jun-19,9,LS - 11,30%,Low,LS - 06-Jun-19,2
LS,11,07-Jun-19,2,LS - 11,30%,Low,LS - 07-Jun-19,3
LS,11,09-Jul-19,7,LS - 11,30%,Low,LS - 09-Jul-19,30
LS,11,11-Jun-19,4,LS - 11,30%,Low,LS - 11-Jun-19,5
LS,11,13-Jun-19,10,LS - 11,30%,Low,LS - 13-Jun-19,7
LS,11,15-Jul-19,1,LS - 11,30%,Low,LS - 15-Jul-19,33
LS,11,15-Jun-19,1,LS - 11,30%,Low,LS - 15-Jun-19,9
LS,11,20-Jul-19,6,LS - 11,30%,Low,LS - 20-Jul-19,37
LS,11,20-Jun-19,0,LS - 11,30%,Low,LS - 20-Jun-19,11
LS,11,25-Jul-19,2,LS - 11,30%,Low,LS - 25-Jul-19,43
LS,11,25-Jun-19,1,LS - 11,30%,Low,LS - 25-Jun-19,13
LS,11,28-Jul-19,6,LS - 11,30%,Low,LS - 28-Jul-19,48
LS,11,28-Jun-19,18,LS - 11,30%,Low,LS - 28-Jun-19,18
LS,12,02-Jul-19,2,LS - 12,control,Low,LS - 02-Jul-19,23
LS,12,05-Jul-19,0,LS - 12,control,Low,LS - 05-Jul-19,26
LS,12,05-Jun-19,0,LS - 12,control,Low,LS - 05-Jun-19,1
LS,12,06-Jun-19,1,LS - 12,control,Low,LS - 06-Jun-19,2
LS,12,07-Jun-19,0,LS - 12,control,Low,LS - 07-Jun-19,3
LS,12,09-Jul-19,0,LS - 12,control,Low,LS - 09-Jul-19,30
LS,12,11-Jun-19,0,LS - 12,control,Low,LS - 11-Jun-19,5
LS,12,13-Jun-19,0,LS - 12,control,Low,LS - 13-Jun-19,7
LS,12,15-Jul-19,0,LS - 12,control,Low,LS - 15-Jul-19,33
LS,12,15-Jun-19,0,LS - 12,control,Low,LS - 15-Jun-19,9
LS,12,20-Jul-19,0,LS - 12,control,Low,LS - 20-Jul-19,37
LS,12,20-Jun-19,4,LS - 12,control,Low,LS - 20-Jun-19,11
LS,12,25-Jul-19,1,LS - 12,control,Low,LS - 25-Jul-19,43
LS,12,25-Jun-19,4,LS - 12,control,Low,LS - 25-Jun-19,13
LS,12,28-Jul-19,1,LS - 12,control,Low,LS - 28-Jul-19,48
LS,12,28-Jun-19,0,LS - 12,control,Low,LS - 28-Jun-19,18
LS,13,02-Jul-19,3,LS - 13,70%,Low,LS - 02-Jul-19,23
LS,13,05-Jul-19,7,LS - 13,70%,Low,LS - 05-Jul-19,26
LS,13,05-Jun-19,1,LS - 13,70%,Low,LS - 05-Jun-19,1
LS,13,06-Jun-19,4,LS - 13,70%,Low,LS - 06-Jun-19,2
LS,13,07-Jun-19,0,LS - 13,70%,Low,LS - 07-Jun-19,3
LS,13,09-Jul-19,6,LS - 13,70%,Low,LS - 09-Jul-19,30
LS,13,11-Jun-19,4,LS - 13,70%,Low,LS - 11-Jun-19,5
LS,13,13-Jun-19,1,LS - 13,70%,Low,LS - 13-Jun-19,7
LS,13,15-Jul-19,5,LS - 13,70%,Low,LS - 15-Jul-19,33
LS,13,15-Jun-19,6,LS - 13,70%,Low,LS - 15-Jun-19,9
LS,13,20-Jul-19,7,LS - 13,70%,Low,LS - 20-Jul-19,37
LS,13,20-Jun-19,4,LS - 13,70%,Low,LS - 20-Jun-19,11
LS,13,25-Jul-19,1,LS - 13,70%,Low,LS - 25-Jul-19,43
LS,13,25-Jun-19,5,LS - 13,70%,Low,LS - 25-Jun-19,13
LS,13,28-Jul-19,13,LS - 13,70%,Low,LS - 28-Jul-19,48
LS,13,28-Jun-19,5,LS - 13,70%,Low,LS - 28-Jun-19,18
LS,14,02-Jul-19,2,LS - 14,50%,Low,LS - 02-Jul-19,23
LS,14,05-Jul-19,0,LS - 14,50%,Low,LS - 05-Jul-19,26
LS,14,05-Jun-19,2,LS - 14,50%,Low,LS - 05-Jun-19,1
LS,14,06-Jun-19,10,LS - 14,50%,Low,LS - 06-Jun-19,2
LS,14,07-Jun-19,3,LS - 14,50%,Low,LS - 07-Jun-19,3
LS,14,09-Jul-19,7,LS - 14,50%,Low,LS - 09-Jul-19,30
LS,14,11-Jun-19,4,LS - 14,50%,Low,LS - 11-Jun-19,5
LS,14,13-Jun-19,15,LS - 14,50%,Low,LS - 13-Jun-19,7
LS,14,15-Jul-19,7,LS - 14,50%,Low,LS - 15-Jul-19,33
LS,14,15-Jun-19,5,LS - 14,50%,Low,LS - 15-Jun-19,9
LS,14,20-Jul-19,10,LS - 14,50%,Low,LS - 20-Jul-19,37
LS,14,20-Jun-19,8,LS - 14,50%,Low,LS - 20-Jun-19,11
LS,14,25-Jul-19,3,LS - 14,50%,Low,LS - 25-Jul-19,43
LS,14,25-Jun-19,1,LS - 14,50%,Low,LS - 25-Jun-19,13
LS,14,28-Jul-19,5,LS - 14,50%,Low,LS - 28-Jul-19,48
LS,14,28-Jun-19,15,LS - 14,50%,Low,LS - 28-Jun-19,18
LS,15,02-Jul-19,12,LS - 15,0%,Low,LS - 02-Jul-19,23
LS,15,05-Jul-19,2,LS - 15,0%,Low,LS - 05-Jul-19,26
LS,15,05-Jun-19,0,LS - 15,0%,Low,LS - 05-Jun-19,1
LS,15,06-Jun-19,0,LS - 15,0%,Low,LS - 06-Jun-19,2
LS,15,07-Jun-19,4,LS - 15,0%,Low,LS - 07-Jun-19,3
LS,15,09-Jul-19,0,LS - 15,0%,Low,LS - 09-Jul-19,30
LS,15,11-Jun-19,5,LS - 15,0%,Low,LS - 11-Jun-19,5
LS,15,13-Jun-19,0,LS - 15,0%,Low,LS - 13-Jun-19,7
LS,15,15-Jul-19,3,LS - 15,0%,Low,LS - 15-Jul-19,33
LS,15,15-Jun-19,4,LS - 15,0%,Low,LS - 15-Jun-19,9
LS,15,20-Jul-19,4,LS - 15,0%,Low,LS - 20-Jul-19,37
LS,15,20-Jun-19,5,LS - 15,0%,Low,LS - 20-Jun-19,11
LS,15,25-Jul-19,4,LS - 15,0%,Low,LS - 25-Jul-19,43
LS,15,25-Jun-19,7,LS - 15,0%,Low,LS - 25-Jun-19,13
LS,15,28-Jul-19,2,LS - 15,0%,Low,LS - 28-Jul-19,48
LS,15,28-Jun-19,3,LS - 15,0%,Low,LS - 28-Jun-19,18
LS,16,02-Jul-19,3,LS - 16,50%,Low,LS - 02-Jul-19,23
LS,16,05-Jul-19,3,LS - 16,50%,Low,LS - 05-Jul-19,26
LS,16,05-Jun-19,2,LS - 16,50%,Low,LS - 05-Jun-19,1
LS,16,06-Jun-19,0,LS - 16,50%,Low,LS - 06-Jun-19,2
LS,16,07-Jun-19,4,LS - 16,50%,Low,LS - 07-Jun-19,3
LS,16,09-Jul-19,0,LS - 16,50%,Low,LS - 09-Jul-19,30
LS,16,11-Jun-19,0,LS - 16,50%,Low,LS - 11-Jun-19,5
LS,16,13-Jun-19,0,LS - 16,50%,Low,LS - 13-Jun-19,7
LS,16,15-Jul-19,0,LS - 16,50%,Low,LS - 15-Jul-19,33
LS,16,15-Jun-19,3,LS - 16,50%,Low,LS - 15-Jun-19,9
LS,16,20-Jul-19,0,LS - 16,50%,Low,LS - 20-Jul-19,37
LS,16,20-Jun-19,4,LS - 16,50%,Low,LS - 20-Jun-19,11
LS,16,25-Jul-19,2,LS - 16,50%,Low,LS - 25-Jul-19,43
LS,16,25-Jun-19,4,LS - 16,50%,Low,LS - 25-Jun-19,13
LS,16,28-Jul-19,8,LS - 16,50%,Low,LS - 28-Jul-19,48
LS,16,28-Jun-19,2,LS - 16,50%,Low,LS - 28-Jun-19,18
LS,17,02-Jul-19,8,LS - 17,70%,Low,LS - 02-Jul-19,23
LS,17,05-Jul-19,4,LS - 17,70%,Low,LS - 05-Jul-19,26
LS,17,05-Jun-19,0,LS - 17,70%,Low,LS - 05-Jun-19,1
LS,17,06-Jun-19,0,LS - 17,70%,Low,LS - 06-Jun-19,2
LS,17,07-Jun-19,2,LS - 17,70%,Low,LS - 07-Jun-19,3
LS,17,09-Jul-19,1,LS - 17,70%,Low,LS - 09-Jul-19,30
LS,17,11-Jun-19,5,LS - 17,70%,Low,LS - 11-Jun-19,5
LS,17,13-Jun-19,0,LS - 17,70%,Low,LS - 13-Jun-19,7
LS,17,15-Jul-19,1,LS - 17,70%,Low,LS - 15-Jul-19,33
LS,17,15-Jun-19,7,LS - 17,70%,Low,LS - 15-Jun-19,9
LS,17,20-Jul-19,1,LS - 17,70%,Low,LS - 20-Jul-19,37
LS,17,20-Jun-19,19,LS - 17,70%,Low,LS - 20-Jun-19,11
LS,17,25-Jul-19,2,LS - 17,70%,Low,LS - 25-Jul-19,43
LS,17,25-Jun-19,1,LS - 17,70%,Low,LS - 25-Jun-19,13
LS,17,28-Jul-19,3,LS - 17,70%,Low,LS - 28-Jul-19,48
LS,17,28-Jun-19,3,LS - 17,70%,Low,LS - 28-Jun-19,18
LS,18,02-Jul-19,3,LS - 18,100%,Low,LS - 02-Jul-19,23
LS,18,05-Jul-19,2,LS - 18,100%,Low,LS - 05-Jul-19,26
LS,18,05-Jun-19,3,LS - 18,100%,Low,LS - 05-Jun-19,1
LS,18,06-Jun-19,4,LS - 18,100%,Low,LS - 06-Jun-19,2
LS,18,07-Jun-19,0,LS - 18,100%,Low,LS - 07-Jun-19,3
LS,18,09-Jul-19,0,LS - 18,100%,Low,LS - 09-Jul-19,30
LS,18,11-Jun-19,8,LS - 18,100%,Low,LS - 11-Jun-19,5
LS,18,13-Jun-19,0,LS - 18,100%,Low,LS - 13-Jun-19,7
LS,18,15-Jul-19,1,LS - 18,100%,Low,LS - 15-Jul-19,33
LS,18,15-Jun-19,0,LS - 18,100%,Low,LS - 15-Jun-19,9
LS,18,20-Jul-19,1,LS - 18,100%,Low,LS - 20-Jul-19,37
LS,18,20-Jun-19,2,LS - 18,100%,Low,LS - 20-Jun-19,11
LS,18,25-Jul-19,0,LS - 18,100%,Low,LS - 25-Jul-19,43
LS,18,25-Jun-19,5,LS - 18,100%,Low,LS - 25-Jun-19,13
LS,18,28-Jul-19,6,LS - 18,100%,Low,LS - 28-Jul-19,48
LS,18,28-Jun-19,7,LS - 18,100%,Low,LS - 28-Jun-19,18
LS,19,02-Jul-19,0,LS - 19,control,Low,LS - 02-Jul-19,23
LS,19,05-Jul-19,2,LS - 19,control,Low,LS - 05-Jul-19,26
LS,19,05-Jun-19,0,LS - 19,control,Low,LS - 05-Jun-19,1
LS,19,06-Jun-19,0,LS - 19,control,Low,LS - 06-Jun-19,2
LS,19,07-Jun-19,0,LS - 19,control,Low,LS - 07-Jun-19,3
LS,19,09-Jul-19,1,LS - 19,control,Low,LS - 09-Jul-19,30
LS,19,11-Jun-19,0,LS - 19,control,Low,LS - 11-Jun-19,5
LS,19,13-Jun-19,0,LS - 19,control,Low,LS - 13-Jun-19,7
LS,19,15-Jul-19,0,LS - 19,control,Low,LS - 15-Jul-19,33
LS,19,15-Jun-19,0,LS - 19,control,Low,LS - 15-Jun-19,9
LS,19,20-Jul-19,2,LS - 19,control,Low,LS - 20-Jul-19,37
LS,19,20-Jun-19,0,LS - 19,control,Low,LS - 20-Jun-19,11
LS,19,25-Jul-19,1,LS - 19,control,Low,LS - 25-Jul-19,43
LS,19,25-Jun-19,1,LS - 19,control,Low,LS - 25-Jun-19,13
LS,19,28-Jul-19,1,LS - 19,control,Low,LS - 28-Jul-19,48
LS,19,28-Jun-19,2,LS - 19,control,Low,LS - 28-Jun-19,18
LS,20,02-Jul-19,10,LS - 20,30%,Low,LS - 02-Jul-19,23
LS,20,05-Jul-19,2,LS - 20,30%,Low,LS - 05-Jul-19,26
LS,20,05-Jun-19,1,LS - 20,30%,Low,LS - 05-Jun-19,1
LS,20,06-Jun-19,5,LS - 20,30%,Low,LS - 06-Jun-19,2
LS,20,07-Jun-19,7,LS - 20,30%,Low,LS - 07-Jun-19,3
LS,20,09-Jul-19,1,LS - 20,30%,Low,LS - 09-Jul-19,30
LS,20,11-Jun-19,1,LS - 20,30%,Low,LS - 11-Jun-19,5
LS,20,13-Jun-19,5,LS - 20,30%,Low,LS - 13-Jun-19,7
LS,20,15-Jul-19,1,LS - 20,30%,Low,LS - 15-Jul-19,33
LS,20,15-Jun-19,10,LS - 20,30%,Low,LS - 15-Jun-19,9
LS,20,20-Jul-19,9,LS - 20,30%,Low,LS - 20-Jul-19,37
LS,20,20-Jun-19,5,LS - 20,30%,Low,LS - 20-Jun-19,11
LS,20,25-Jul-19,1,LS - 20,30%,Low,LS - 25-Jul-19,43
LS,20,25-Jun-19,5,LS - 20,30%,Low,LS - 25-Jun-19,13
LS,20,28-Jul-19,9,LS - 20,30%,Low,LS - 28-Jul-19,48
LS,20,28-Jun-19,12,LS - 20,30%,Low,LS - 28-Jun-19,18
LS,21,02-Jul-19,2,LS - 21,70%,Low,LS - 02-Jul-19,23
LS,21,05-Jul-19,0,LS - 21,70%,Low,LS - 05-Jul-19,26
LS,21,05-Jun-19,0,LS - 21,70%,Low,LS - 05-Jun-19,1
LS,21,06-Jun-19,1,LS - 21,70%,Low,LS - 06-Jun-19,2
LS,21,07-Jun-19,0,LS - 21,70%,Low,LS - 07-Jun-19,3
LS,21,09-Jul-19,0,LS - 21,70%,Low,LS - 09-Jul-19,30
LS,21,11-Jun-19,1,LS - 21,70%,Low,LS - 11-Jun-19,5
LS,21,13-Jun-19,0,LS - 21,70%,Low,LS - 13-Jun-19,7
LS,21,15-Jul-19,0,LS - 21,70%,Low,LS - 15-Jul-19,33
LS,21,15-Jun-19,3,LS - 21,70%,Low,LS - 15-Jun-19,9
LS,21,20-Jul-19,0,LS - 21,70%,Low,LS - 20-Jul-19,37
LS,21,20-Jun-19,1,LS - 21,70%,Low,LS - 20-Jun-19,11
LS,21,25-Jul-19,0,LS - 21,70%,Low,LS - 25-Jul-19,43
LS,21,25-Jun-19,7,LS - 21,70%,Low,LS - 25-Jun-19,13
LS,21,28-Jul-19,1,LS - 21,70%,Low,LS - 28-Jul-19,48
LS,21,28-Jun-19,1,LS - 21,70%,Low,LS - 28-Jun-19,18
LS,22,02-Jul-19,0,LS - 22,100%,Low,LS - 02-Jul-19,23
LS,22,05-Jul-19,0,LS - 22,100%,Low,LS - 05-Jul-19,26
LS,22,05-Jun-19,1,LS - 22,100%,Low,LS - 05-Jun-19,1
LS,22,06-Jun-19,0,LS - 22,100%,Low,LS - 06-Jun-19,2
LS,22,07-Jun-19,1,LS - 22,100%,Low,LS - 07-Jun-19,3
LS,22,09-Jul-19,0,LS - 22,100%,Low,LS - 09-Jul-19,30
LS,22,11-Jun-19,0,LS - 22,100%,Low,LS - 11-Jun-19,5
LS,22,13-Jun-19,0,LS - 22,100%,Low,LS - 13-Jun-19,7
LS,22,15-Jul-19,0,LS - 22,100%,Low,LS - 15-Jul-19,33
LS,22,15-Jun-19,1,LS - 22,100%,Low,LS - 15-Jun-19,9
LS,22,20-Jul-19,3,LS - 22,100%,Low,LS - 20-Jul-19,37
LS,22,20-Jun-19,0,LS - 22,100%,Low,LS - 20-Jun-19,11
LS,22,25-Jul-19,0,LS - 22,100%,Low,LS - 25-Jul-19,43
LS,22,25-Jun-19,0,LS - 22,100%,Low,LS - 25-Jun-19,13
LS,22,28-Jul-19,2,LS - 22,100%,Low,LS - 28-Jul-19,48
LS,22,28-Jun-19,1,LS - 22,100%,Low,LS - 28-Jun-19,18
LS,23,02-Jul-19,1,LS - 23,30%,Low,LS - 02-Jul-19,23
LS,23,05-Jul-19,0,LS - 23,30%,Low,LS - 05-Jul-19,26
LS,23,05-Jun-19,0,LS - 23,30%,Low,LS - 05-Jun-19,1
LS,23,06-Jun-19,1,LS - 23,30%,Low,LS - 06-Jun-19,2
LS,23,07-Jun-19,0,LS - 23,30%,Low,LS - 07-Jun-19,3
LS,23,09-Jul-19,2,LS - 23,30%,Low,LS - 09-Jul-19,30
LS,23,11-Jun-19,1,LS - 23,30%,Low,LS - 11-Jun-19,5
LS,23,13-Jun-19,2,LS - 23,30%,Low,LS - 13-Jun-19,7
LS,23,15-Jul-19,0,LS - 23,30%,Low,LS - 15-Jul-19,33
LS,23,15-Jun-19,1,LS - 23,30%,Low,LS - 15-Jun-19,9
LS,23,20-Jul-19,2,LS - 23,30%,Low,LS - 20-Jul-19,37
LS,23,20-Jun-19,6,LS - 23,30%,Low,LS - 20-Jun-19,11
LS,23,25-Jul-19,2,LS - 23,30%,Low,LS - 25-Jul-19,43
LS,23,25-Jun-19,0,LS - 23,30%,Low,LS - 25-Jun-19,13
LS,23,28-Jul-19,1,LS - 23,30%,Low,LS - 28-Jul-19,48
LS,23,28-Jun-19,1,LS - 23,30%,Low,LS - 28-Jun-19,18
LS,24,02-Jul-19,2,LS - 24,50%,Low,LS - 02-Jul-19,23
LS,24,05-Jul-19,0,LS - 24,50%,Low,LS - 05-Jul-19,26
LS,24,05-Jun-19,0,LS - 24,50%,Low,LS - 05-Jun-19,1
LS,24,06-Jun-19,0,LS - 24,50%,Low,LS - 06-Jun-19,2
LS,24,07-Jun-19,0,LS - 24,50%,Low,LS - 07-Jun-19,3
LS,24,09-Jul-19,0,LS - 24,50%,Low,LS - 09-Jul-19,30
LS,24,11-Jun-19,7,LS - 24,50%,Low,LS - 11-Jun-19,5
LS,24,13-Jun-19,0,LS - 24,50%,Low,LS - 13-Jun-19,7
LS,24,15-Jul-19,0,LS - 24,50%,Low,LS - 15-Jul-19,33
LS,24,15-Jun-19,5,LS - 24,50%,Low,LS - 15-Jun-19,9
LS,24,20-Jul-19,0,LS - 24,50%,Low,LS - 20-Jul-19,37
LS,24,20-Jun-19,0,LS - 24,50%,Low,LS - 20-Jun-19,11
LS,24,25-Jul-19,0,LS - 24,50%,Low,LS - 25-Jul-19,43
LS,24,25-Jun-19,0,LS - 24,50%,Low,LS - 25-Jun-19,13
LS,24,28-Jul-19,2,LS - 24,50%,Low,LS - 28-Jul-19,48
LS,24,28-Jun-19,1,LS - 24,50%,Low,LS - 28-Jun-19,18
