"","X1","days_since_outplanting","plot_grid","abundance","rate","treatment","complexity","plot","days_comp","c.rate.mean","rrate"
"1",1,1,"HN - 1",0,0,"30%","High","HN","1 - High",0,0
"2",2,2,"HN - 1",0,0,"30%","High","HN","2 - High",1,-1
"3",3,3,"HN - 1",2,2,"30%","High","HN","3 - High",-0.25,2.25
"4",4,5,"HN - 1",2,0,"30%","High","HN","5 - High",-0.1875,0.1875
"5",5,7,"HN - 1",1,-0.5,"30%","High","HN","7 - High",-0.8125,0.3125
"6",6,9,"HN - 1",0,-0.5,"30%","High","HN","9 - High",0.875,-1.375
"7",7,11,"HN - 1",1,0.5,"30%","High","HN","11 - High",0,0.5
"8",8,13,"HN - 1",9,4,"30%","High","HN","13 - High",0,4
"9",9,18,"HN - 1",1,-1.6,"30%","High","HN","18 - High",0.1,-1.7
"10",10,23,"HN - 1",0,-0.2,"30%","High","HN","23 - High",0.425,-0.625
"11",11,26,"HN - 1",6,2,"30%","High","HN","26 - High",-1.083333333375,3.083333333375
"12",12,30,"HN - 1",1,-1.25,"30%","High","HN","30 - High",0.34375,-1.59375
"13",13,33,"HN - 1",1,0,"30%","High","HN","33 - High",-0.25,0.25
"14",14,37,"HN - 1",1,0,"30%","High","HN","37 - High",0.34375,-0.34375
"15",15,43,"HN - 1",2,0.166666667,"30%","High","HN","43 - High",-0.2916666665,0.4583333335
"16",16,48,"HN - 1",2,0,"30%","High","HN","48 - High",0.375,-0.375
"17",33,1,"HN - 11",0,0,"30%","High","HN","1 - High",0,0
"18",34,2,"HN - 11",0,0,"30%","High","HN","2 - High",1,-1
"19",35,3,"HN - 11",1,1,"30%","High","HN","3 - High",-0.25,1.25
"20",36,5,"HN - 11",4,1.5,"30%","High","HN","5 - High",-0.1875,1.6875
"21",37,7,"HN - 11",1,-1.5,"30%","High","HN","7 - High",-0.8125,-0.6875
"22",38,9,"HN - 11",1,0,"30%","High","HN","9 - High",0.875,-0.875
"23",39,11,"HN - 11",0,-0.5,"30%","High","HN","11 - High",0,-0.5
"24",40,13,"HN - 11",0,0,"30%","High","HN","13 - High",0,0
"25",41,18,"HN - 11",1,0.2,"30%","High","HN","18 - High",0.1,0.1
"26",42,23,"HN - 11",2,0.2,"30%","High","HN","23 - High",0.425,-0.225
"27",43,26,"HN - 11",1,-0.333333333,"30%","High","HN","26 - High",-1.083333333375,0.750000000375
"28",44,30,"HN - 11",5,1,"30%","High","HN","30 - High",0.34375,0.65625
"29",45,33,"HN - 11",0,-1.666666667,"30%","High","HN","33 - High",-0.25,-1.416666667
"30",46,37,"HN - 11",3,0.75,"30%","High","HN","37 - High",0.34375,0.40625
"31",47,43,"HN - 11",2,-0.166666667,"30%","High","HN","43 - High",-0.2916666665,0.1249999995
"32",48,48,"HN - 11",0,-0.4,"30%","High","HN","48 - High",0.375,-0.775
"33",49,1,"HN - 12",1,0,"70%","High","HN","1 - High",0,0
"34",50,2,"HN - 12",0,-1,"70%","High","HN","2 - High",1,-2
"35",51,3,"HN - 12",0,0,"70%","High","HN","3 - High",-0.25,0.25
"36",52,5,"HN - 12",0,0,"70%","High","HN","5 - High",-0.1875,0.1875
"37",53,7,"HN - 12",1,0.5,"70%","High","HN","7 - High",-0.8125,1.3125
"38",54,9,"HN - 12",0,-0.5,"70%","High","HN","9 - High",0.875,-1.375
"39",55,11,"HN - 12",1,0.5,"70%","High","HN","11 - High",0,0.5
"40",56,13,"HN - 12",1,0,"70%","High","HN","13 - High",0,0
"41",57,18,"HN - 12",4,0.6,"70%","High","HN","18 - High",0.1,0.5
"42",58,23,"HN - 12",1,-0.6,"70%","High","HN","23 - High",0.425,-1.025
"43",59,26,"HN - 12",1,0,"70%","High","HN","26 - High",-1.083333333375,1.083333333375
"44",60,30,"HN - 12",5,1,"70%","High","HN","30 - High",0.34375,0.65625
"45",61,33,"HN - 12",0,-1.666666667,"70%","High","HN","33 - High",-0.25,-1.416666667
"46",62,37,"HN - 12",2,0.5,"70%","High","HN","37 - High",0.34375,0.15625
"47",63,43,"HN - 12",2,0,"70%","High","HN","43 - High",-0.2916666665,0.2916666665
"48",64,48,"HN - 12",2,0,"70%","High","HN","48 - High",0.375,-0.375
"49",65,1,"HN - 13",1,0,"100%","High","HN","1 - High",0,0
"50",66,2,"HN - 13",9,8,"100%","High","HN","2 - High",1,7
"51",67,3,"HN - 13",7,-2,"100%","High","HN","3 - High",-0.25,-1.75
"52",68,5,"HN - 13",0,-3.5,"100%","High","HN","5 - High",-0.1875,-3.3125
"53",69,7,"HN - 13",3,1.5,"100%","High","HN","7 - High",-0.8125,2.3125
"54",70,9,"HN - 13",0,-1.5,"100%","High","HN","9 - High",0.875,-2.375
"55",71,11,"HN - 13",0,0,"100%","High","HN","11 - High",0,0
"56",72,13,"HN - 13",0,0,"100%","High","HN","13 - High",0,0
"57",73,18,"HN - 13",0,0,"100%","High","HN","18 - High",0.1,-0.1
"58",74,23,"HN - 13",5,1,"100%","High","HN","23 - High",0.425,0.575
"59",75,26,"HN - 13",1,-1.333333333,"100%","High","HN","26 - High",-1.083333333375,-0.249999999625
"60",76,30,"HN - 13",4,0.75,"100%","High","HN","30 - High",0.34375,0.40625
"61",77,33,"HN - 13",3,-0.333333333,"100%","High","HN","33 - High",-0.25,-0.083333333
"62",78,37,"HN - 13",1,-0.5,"100%","High","HN","37 - High",0.34375,-0.84375
"63",79,43,"HN - 13",5,0.666666667,"100%","High","HN","43 - High",-0.2916666665,0.9583333335
"64",80,48,"HN - 13",4,-0.2,"100%","High","HN","48 - High",0.375,-0.575
"65",81,1,"HN - 14",0,0,"0%","High","HN","1 - High",0,0
"66",82,2,"HN - 14",1,1,"0%","High","HN","2 - High",1,0
"67",83,3,"HN - 14",0,-1,"0%","High","HN","3 - High",-0.25,-0.75
"68",84,5,"HN - 14",4,2,"0%","High","HN","5 - High",-0.1875,2.1875
"69",85,7,"HN - 14",0,-2,"0%","High","HN","7 - High",-0.8125,-1.1875
"70",86,9,"HN - 14",0,0,"0%","High","HN","9 - High",0.875,-0.875
"71",87,11,"HN - 14",3,1.5,"0%","High","HN","11 - High",0,1.5
"72",88,13,"HN - 14",1,-1,"0%","High","HN","13 - High",0,-1
"73",89,18,"HN - 14",0,-0.2,"0%","High","HN","18 - High",0.1,-0.3
"74",90,23,"HN - 14",1,0.2,"0%","High","HN","23 - High",0.425,-0.225
"75",91,26,"HN - 14",1,0,"0%","High","HN","26 - High",-1.083333333375,1.083333333375
"76",92,30,"HN - 14",2,0.25,"0%","High","HN","30 - High",0.34375,-0.09375
"77",93,33,"HN - 14",1,-0.333333333,"0%","High","HN","33 - High",-0.25,-0.083333333
"78",94,37,"HN - 14",1,0,"0%","High","HN","37 - High",0.34375,-0.34375
"79",95,43,"HN - 14",4,0.5,"0%","High","HN","43 - High",-0.2916666665,0.7916666665
"80",96,48,"HN - 14",0,-0.8,"0%","High","HN","48 - High",0.375,-1.175
"81",97,1,"HN - 15",3,0,"50%","High","HN","1 - High",0,0
"82",98,2,"HN - 15",0,-3,"50%","High","HN","2 - High",1,-4
"83",99,3,"HN - 15",1,1,"50%","High","HN","3 - High",-0.25,1.25
"84",100,5,"HN - 15",5,2,"50%","High","HN","5 - High",-0.1875,2.1875
"85",101,7,"HN - 15",1,-2,"50%","High","HN","7 - High",-0.8125,-1.1875
"86",102,9,"HN - 15",0,-0.5,"50%","High","HN","9 - High",0.875,-1.375
"87",103,11,"HN - 15",0,0,"50%","High","HN","11 - High",0,0
"88",104,13,"HN - 15",1,0.5,"50%","High","HN","13 - High",0,0.5
"89",105,18,"HN - 15",2,0.2,"50%","High","HN","18 - High",0.1,0.1
"90",106,23,"HN - 15",1,-0.2,"50%","High","HN","23 - High",0.425,-0.625
"91",107,26,"HN - 15",0,-0.333333333,"50%","High","HN","26 - High",-1.083333333375,0.750000000375
"92",108,30,"HN - 15",7,1.75,"50%","High","HN","30 - High",0.34375,1.40625
"93",109,33,"HN - 15",1,-2,"50%","High","HN","33 - High",-0.25,-1.75
"94",110,37,"HN - 15",0,-0.25,"50%","High","HN","37 - High",0.34375,-0.59375
"95",111,43,"HN - 15",2,0.333333333,"50%","High","HN","43 - High",-0.2916666665,0.6249999995
"96",112,48,"HN - 15",0,-0.4,"50%","High","HN","48 - High",0.375,-0.775
"97",113,1,"HN - 16",0,0,"100%","High","HN","1 - High",0,0
"98",114,2,"HN - 16",2,2,"100%","High","HN","2 - High",1,1
"99",115,3,"HN - 16",0,-2,"100%","High","HN","3 - High",-0.25,-1.75
"100",116,5,"HN - 16",7,3.5,"100%","High","HN","5 - High",-0.1875,3.6875
"101",117,7,"HN - 16",1,-3,"100%","High","HN","7 - High",-0.8125,-2.1875
"102",118,9,"HN - 16",11,5,"100%","High","HN","9 - High",0.875,4.125
"103",119,11,"HN - 16",0,-5.5,"100%","High","HN","11 - High",0,-5.5
"104",120,13,"HN - 16",0,0,"100%","High","HN","13 - High",0,0
"105",121,18,"HN - 16",1,0.2,"100%","High","HN","18 - High",0.1,0.1
"106",122,23,"HN - 16",1,0,"100%","High","HN","23 - High",0.425,-0.425
"107",123,26,"HN - 16",0,-0.333333333,"100%","High","HN","26 - High",-1.083333333375,0.750000000375
"108",124,30,"HN - 16",2,0.5,"100%","High","HN","30 - High",0.34375,0.15625
"109",125,33,"HN - 16",0,-0.666666667,"100%","High","HN","33 - High",-0.25,-0.416666667
"110",126,37,"HN - 16",0,0,"100%","High","HN","37 - High",0.34375,-0.34375
"111",127,43,"HN - 16",2,0.333333333,"100%","High","HN","43 - High",-0.2916666665,0.6249999995
"112",128,48,"HN - 16",2,0,"100%","High","HN","48 - High",0.375,-0.375
"113",145,1,"HN - 18",0,0,"0%","High","HN","1 - High",0,0
"114",146,2,"HN - 18",2,2,"0%","High","HN","2 - High",1,1
"115",147,3,"HN - 18",1,-1,"0%","High","HN","3 - High",-0.25,-0.75
"116",148,5,"HN - 18",13,6,"0%","High","HN","5 - High",-0.1875,6.1875
"117",149,7,"HN - 18",3,-5,"0%","High","HN","7 - High",-0.8125,-4.1875
"118",150,9,"HN - 18",4,0.5,"0%","High","HN","9 - High",0.875,-0.375
"119",151,11,"HN - 18",1,-1.5,"0%","High","HN","11 - High",0,-1.5
"120",152,13,"HN - 18",5,2,"0%","High","HN","13 - High",0,2
"121",153,18,"HN - 18",9,0.8,"0%","High","HN","18 - High",0.1,0.7
"122",154,23,"HN - 18",3,-1.2,"0%","High","HN","23 - High",0.425,-1.625
"123",155,26,"HN - 18",15,4,"0%","High","HN","26 - High",-1.083333333375,5.083333333375
"124",156,30,"HN - 18",8,-1.75,"0%","High","HN","30 - High",0.34375,-2.09375
"125",157,33,"HN - 18",4,-1.333333333,"0%","High","HN","33 - High",-0.25,-1.083333333
"126",158,37,"HN - 18",2,-0.5,"0%","High","HN","37 - High",0.34375,-0.84375
"127",159,43,"HN - 18",14,2,"0%","High","HN","43 - High",-0.2916666665,2.2916666665
"128",160,48,"HN - 18",3,-2.2,"0%","High","HN","48 - High",0.375,-2.575
"129",161,1,"HN - 19",0,0,"30%","High","HN","1 - High",0,0
"130",162,2,"HN - 19",1,1,"30%","High","HN","2 - High",1,0
"131",163,3,"HN - 19",0,-1,"30%","High","HN","3 - High",-0.25,-0.75
"132",164,5,"HN - 19",0,0,"30%","High","HN","5 - High",-0.1875,0.1875
"133",165,7,"HN - 19",2,1,"30%","High","HN","7 - High",-0.8125,1.8125
"134",166,9,"HN - 19",2,0,"30%","High","HN","9 - High",0.875,-0.875
"135",167,11,"HN - 19",1,-0.5,"30%","High","HN","11 - High",0,-0.5
"136",168,13,"HN - 19",1,0,"30%","High","HN","13 - High",0,0
"137",169,18,"HN - 19",0,-0.2,"30%","High","HN","18 - High",0.1,-0.3
"138",170,23,"HN - 19",3,0.6,"30%","High","HN","23 - High",0.425,0.175
"139",171,26,"HN - 19",1,-0.666666667,"30%","High","HN","26 - High",-1.083333333375,0.416666666375
"140",172,30,"HN - 19",4,0.75,"30%","High","HN","30 - High",0.34375,0.40625
"141",173,33,"HN - 19",0,-1.333333333,"30%","High","HN","33 - High",-0.25,-1.083333333
"142",174,37,"HN - 19",5,1.25,"30%","High","HN","37 - High",0.34375,0.90625
"143",175,43,"HN - 19",3,-0.333333333,"30%","High","HN","43 - High",-0.2916666665,-0.0416666665
"144",176,48,"HN - 19",2,-0.2,"30%","High","HN","48 - High",0.375,-0.575
"145",177,1,"HN - 2",0,0,"70%","High","HN","1 - High",0,0
"146",178,2,"HN - 2",1,1,"70%","High","HN","2 - High",1,0
"147",179,3,"HN - 2",7,6,"70%","High","HN","3 - High",-0.25,6.25
"148",180,5,"HN - 2",0,-3.5,"70%","High","HN","5 - High",-0.1875,-3.3125
"149",181,7,"HN - 2",1,0.5,"70%","High","HN","7 - High",-0.8125,1.3125
"150",182,9,"HN - 2",0,-0.5,"70%","High","HN","9 - High",0.875,-1.375
"151",183,11,"HN - 2",1,0.5,"70%","High","HN","11 - High",0,0.5
"152",184,13,"HN - 2",1,0,"70%","High","HN","13 - High",0,0
"153",185,18,"HN - 2",0,-0.2,"70%","High","HN","18 - High",0.1,-0.3
"154",186,23,"HN - 2",4,0.8,"70%","High","HN","23 - High",0.425,0.375
"155",187,26,"HN - 2",4,0,"70%","High","HN","26 - High",-1.083333333375,1.083333333375
"156",188,30,"HN - 2",1,-0.75,"70%","High","HN","30 - High",0.34375,-1.09375
"157",189,33,"HN - 2",1,0,"70%","High","HN","33 - High",-0.25,0.25
"158",190,37,"HN - 2",0,-0.25,"70%","High","HN","37 - High",0.34375,-0.59375
"159",191,43,"HN - 2",4,0.666666667,"70%","High","HN","43 - High",-0.2916666665,0.9583333335
"160",192,48,"HN - 2",5,0.2,"70%","High","HN","48 - High",0.375,-0.175
"161",193,1,"HN - 20",1,0,"0%","High","HN","1 - High",0,0
"162",194,2,"HN - 20",1,0,"0%","High","HN","2 - High",1,-1
"163",195,3,"HN - 20",0,-1,"0%","High","HN","3 - High",-0.25,-0.75
"164",196,5,"HN - 20",1,0.5,"0%","High","HN","5 - High",-0.1875,0.6875
"165",197,7,"HN - 20",1,0,"0%","High","HN","7 - High",-0.8125,0.8125
"166",198,9,"HN - 20",1,0,"0%","High","HN","9 - High",0.875,-0.875
"167",199,11,"HN - 20",1,0,"0%","High","HN","11 - High",0,0
"168",200,13,"HN - 20",1,0,"0%","High","HN","13 - High",0,0
"169",201,18,"HN - 20",6,1,"0%","High","HN","18 - High",0.1,0.9
"170",202,23,"HN - 20",2,-0.8,"0%","High","HN","23 - High",0.425,-1.225
"171",203,26,"HN - 20",1,-0.333333333,"0%","High","HN","26 - High",-1.083333333375,0.750000000375
"172",204,30,"HN - 20",2,0.25,"0%","High","HN","30 - High",0.34375,-0.09375
"173",205,33,"HN - 20",1,-0.333333333,"0%","High","HN","33 - High",-0.25,-0.083333333
"174",206,37,"HN - 20",1,0,"0%","High","HN","37 - High",0.34375,-0.34375
"175",207,43,"HN - 20",1,0,"0%","High","HN","43 - High",-0.2916666665,0.2916666665
"176",208,48,"HN - 20",1,0,"0%","High","HN","48 - High",0.375,-0.375
"177",209,1,"HN - 21",2,0,"70%","High","HN","1 - High",0,0
"178",210,2,"HN - 21",6,4,"70%","High","HN","2 - High",1,3
"179",211,3,"HN - 21",0,-6,"70%","High","HN","3 - High",-0.25,-5.75
"180",212,5,"HN - 21",3,1.5,"70%","High","HN","5 - High",-0.1875,1.6875
"181",213,7,"HN - 21",5,1,"70%","High","HN","7 - High",-0.8125,1.8125
"182",214,9,"HN - 21",1,-2,"70%","High","HN","9 - High",0.875,-2.875
"183",215,11,"HN - 21",0,-0.5,"70%","High","HN","11 - High",0,-0.5
"184",216,13,"HN - 21",1,0.5,"70%","High","HN","13 - High",0,0.5
"185",217,18,"HN - 21",0,-0.2,"70%","High","HN","18 - High",0.1,-0.3
"186",218,23,"HN - 21",0,0,"70%","High","HN","23 - High",0.425,-0.425
"187",219,26,"HN - 21",3,1,"70%","High","HN","26 - High",-1.083333333375,2.083333333375
"188",220,30,"HN - 21",1,-0.5,"70%","High","HN","30 - High",0.34375,-0.84375
"189",221,33,"HN - 21",0,-0.333333333,"70%","High","HN","33 - High",-0.25,-0.083333333
"190",222,37,"HN - 21",3,0.75,"70%","High","HN","37 - High",0.34375,0.40625
"191",223,43,"HN - 21",0,-0.5,"70%","High","HN","43 - High",-0.2916666665,-0.2083333335
"192",224,48,"HN - 21",1,0.2,"70%","High","HN","48 - High",0.375,-0.175
"193",225,1,"HN - 22",2,0,"50%","High","HN","1 - High",0,0
"194",226,2,"HN - 22",1,-1,"50%","High","HN","2 - High",1,-2
"195",227,3,"HN - 22",1,0,"50%","High","HN","3 - High",-0.25,0.25
"196",228,5,"HN - 22",3,1,"50%","High","HN","5 - High",-0.1875,1.1875
"197",229,7,"HN - 22",0,-1.5,"50%","High","HN","7 - High",-0.8125,-0.6875
"198",230,9,"HN - 22",0,0,"50%","High","HN","9 - High",0.875,-0.875
"199",231,11,"HN - 22",1,0.5,"50%","High","HN","11 - High",0,0.5
"200",232,13,"HN - 22",0,-0.5,"50%","High","HN","13 - High",0,-0.5
"201",233,18,"HN - 22",0,0,"50%","High","HN","18 - High",0.1,-0.1
"202",234,23,"HN - 22",1,0.2,"50%","High","HN","23 - High",0.425,-0.225
"203",235,26,"HN - 22",0,-0.333333333,"50%","High","HN","26 - High",-1.083333333375,0.750000000375
"204",236,30,"HN - 22",1,0.25,"50%","High","HN","30 - High",0.34375,-0.09375
"205",237,33,"HN - 22",2,0.333333333,"50%","High","HN","33 - High",-0.25,0.583333333
"206",238,37,"HN - 22",4,0.5,"50%","High","HN","37 - High",0.34375,0.15625
"207",239,43,"HN - 22",0,-0.666666667,"50%","High","HN","43 - High",-0.2916666665,-0.3750000005
"208",240,48,"HN - 22",0,0,"50%","High","HN","48 - High",0.375,-0.375
"209",241,1,"HN - 23",2,0,"100%","High","HN","1 - High",0,0
"210",242,2,"HN - 23",1,-1,"100%","High","HN","2 - High",1,-2
"211",243,3,"HN - 23",5,4,"100%","High","HN","3 - High",-0.25,4.25
"212",244,5,"HN - 23",3,-1,"100%","High","HN","5 - High",-0.1875,-0.8125
"213",245,7,"HN - 23",4,0.5,"100%","High","HN","7 - High",-0.8125,1.3125
"214",246,9,"HN - 23",4,0,"100%","High","HN","9 - High",0.875,-0.875
"215",247,11,"HN - 23",5,0.5,"100%","High","HN","11 - High",0,0.5
"216",248,13,"HN - 23",1,-2,"100%","High","HN","13 - High",0,-2
"217",249,18,"HN - 23",4,0.6,"100%","High","HN","18 - High",0.1,0.5
"218",250,23,"HN - 23",3,-0.2,"100%","High","HN","23 - High",0.425,-0.625
"219",251,26,"HN - 23",2,-0.333333333,"100%","High","HN","26 - High",-1.083333333375,0.750000000375
"220",252,30,"HN - 23",1,-0.25,"100%","High","HN","30 - High",0.34375,-0.59375
"221",253,33,"HN - 23",1,0,"100%","High","HN","33 - High",-0.25,0.25
"222",254,37,"HN - 23",6,1.25,"100%","High","HN","37 - High",0.34375,0.90625
"223",255,43,"HN - 23",1,-0.833333333,"100%","High","HN","43 - High",-0.2916666665,-0.5416666665
"224",256,48,"HN - 23",6,1,"100%","High","HN","48 - High",0.375,0.625
"225",257,1,"HN - 24",6,0,"0%","High","HN","1 - High",0,0
"226",258,2,"HN - 24",4,-2,"0%","High","HN","2 - High",1,-3
"227",259,3,"HN - 24",5,1,"0%","High","HN","3 - High",-0.25,1.25
"228",260,5,"HN - 24",3,-1,"0%","High","HN","5 - High",-0.1875,-0.8125
"229",261,7,"HN - 24",3,0,"0%","High","HN","7 - High",-0.8125,0.8125
"230",262,9,"HN - 24",0,-1.5,"0%","High","HN","9 - High",0.875,-2.375
"231",263,11,"HN - 24",0,0,"0%","High","HN","11 - High",0,0
"232",264,13,"HN - 24",5,2.5,"0%","High","HN","13 - High",0,2.5
"233",265,18,"HN - 24",2,-0.6,"0%","High","HN","18 - High",0.1,-0.7
"234",266,23,"HN - 24",1,-0.2,"0%","High","HN","23 - High",0.425,-0.625
"235",267,26,"HN - 24",2,0.333333333,"0%","High","HN","26 - High",-1.083333333375,1.416666666375
"236",268,30,"HN - 24",0,-0.5,"0%","High","HN","30 - High",0.34375,-0.84375
"237",269,33,"HN - 24",6,2,"0%","High","HN","33 - High",-0.25,2.25
"238",270,37,"HN - 24",2,-1,"0%","High","HN","37 - High",0.34375,-1.34375
"239",271,43,"HN - 24",1,-0.166666667,"0%","High","HN","43 - High",-0.2916666665,0.1249999995
"240",272,48,"HN - 24",1,0,"0%","High","HN","48 - High",0.375,-0.375
"241",273,1,"HN - 3",0,0,"50%","High","HN","1 - High",0,0
"242",274,2,"HN - 3",0,0,"50%","High","HN","2 - High",1,-1
"243",275,3,"HN - 3",3,3,"50%","High","HN","3 - High",-0.25,3.25
"244",276,5,"HN - 3",0,-1.5,"50%","High","HN","5 - High",-0.1875,-1.3125
"245",277,7,"HN - 3",2,1,"50%","High","HN","7 - High",-0.8125,1.8125
"246",278,9,"HN - 3",0,-1,"50%","High","HN","9 - High",0.875,-1.875
"247",279,11,"HN - 3",0,0,"50%","High","HN","11 - High",0,0
"248",280,13,"HN - 3",0,0,"50%","High","HN","13 - High",0,0
"249",281,18,"HN - 3",1,0.2,"50%","High","HN","18 - High",0.1,0.1
"250",282,23,"HN - 3",0,-0.2,"50%","High","HN","23 - High",0.425,-0.625
"251",283,26,"HN - 3",0,0,"50%","High","HN","26 - High",-1.083333333375,1.083333333375
"252",284,30,"HN - 3",3,0.75,"50%","High","HN","30 - High",0.34375,0.40625
"253",285,33,"HN - 3",2,-0.333333333,"50%","High","HN","33 - High",-0.25,-0.083333333
"254",286,37,"HN - 3",0,-0.5,"50%","High","HN","37 - High",0.34375,-0.84375
"255",287,43,"HN - 3",1,0.166666667,"50%","High","HN","43 - High",-0.2916666665,0.4583333335
"256",288,48,"HN - 3",0,-0.2,"50%","High","HN","48 - High",0.375,-0.575
"257",305,1,"HN - 5",0,0,"70%","High","HN","1 - High",0,0
"258",306,2,"HN - 5",0,0,"70%","High","HN","2 - High",1,-1
"259",307,3,"HN - 5",1,1,"70%","High","HN","3 - High",-0.25,1.25
"260",308,5,"HN - 5",0,-0.5,"70%","High","HN","5 - High",-0.1875,-0.3125
"261",309,7,"HN - 5",0,0,"70%","High","HN","7 - High",-0.8125,0.8125
"262",310,9,"HN - 5",0,0,"70%","High","HN","9 - High",0.875,-0.875
"263",311,11,"HN - 5",5,2.5,"70%","High","HN","11 - High",0,2.5
"264",312,13,"HN - 5",1,-2,"70%","High","HN","13 - High",0,-2
"265",313,18,"HN - 5",0,-0.2,"70%","High","HN","18 - High",0.1,-0.3
"266",314,23,"HN - 5",0,0,"70%","High","HN","23 - High",0.425,-0.425
"267",315,26,"HN - 5",0,0,"70%","High","HN","26 - High",-1.083333333375,1.083333333375
"268",316,30,"HN - 5",2,0.5,"70%","High","HN","30 - High",0.34375,0.15625
"269",317,33,"HN - 5",1,-0.333333333,"70%","High","HN","33 - High",-0.25,-0.083333333
"270",318,37,"HN - 5",0,-0.25,"70%","High","HN","37 - High",0.34375,-0.59375
"271",319,43,"HN - 5",4,0.666666667,"70%","High","HN","43 - High",-0.2916666665,0.9583333335
"272",320,48,"HN - 5",1,-0.6,"70%","High","HN","48 - High",0.375,-0.975
"273",321,1,"HN - 6",0,0,"30%","High","HN","1 - High",0,0
"274",322,2,"HN - 6",6,6,"30%","High","HN","2 - High",1,5
"275",323,3,"HN - 6",0,-6,"30%","High","HN","3 - High",-0.25,-5.75
"276",324,5,"HN - 6",1,0.5,"30%","High","HN","5 - High",-0.1875,0.6875
"277",325,7,"HN - 6",5,2,"30%","High","HN","7 - High",-0.8125,2.8125
"278",326,9,"HN - 6",4,-0.5,"30%","High","HN","9 - High",0.875,-1.375
"279",327,11,"HN - 6",1,-1.5,"30%","High","HN","11 - High",0,-1.5
"280",328,13,"HN - 6",2,0.5,"30%","High","HN","13 - High",0,0.5
"281",329,18,"HN - 6",2,0,"30%","High","HN","18 - High",0.1,-0.1
"282",330,23,"HN - 6",3,0.2,"30%","High","HN","23 - High",0.425,-0.225
"283",331,26,"HN - 6",2,-0.333333333,"30%","High","HN","26 - High",-1.083333333375,0.750000000375
"284",332,30,"HN - 6",1,-0.25,"30%","High","HN","30 - High",0.34375,-0.59375
"285",333,33,"HN - 6",1,0,"30%","High","HN","33 - High",-0.25,0.25
"286",334,37,"HN - 6",2,0.25,"30%","High","HN","37 - High",0.34375,-0.09375
"287",335,43,"HN - 6",12,1.666666667,"30%","High","HN","43 - High",-0.2916666665,1.9583333335
"288",336,48,"HN - 6",2,-2,"30%","High","HN","48 - High",0.375,-2.375
"289",337,1,"HN - 7",0,0,"100%","High","HN","1 - High",0,0
"290",338,2,"HN - 7",3,3,"100%","High","HN","2 - High",1,2
"291",339,3,"HN - 7",2,-1,"100%","High","HN","3 - High",-0.25,-0.75
"292",340,5,"HN - 7",0,-1,"100%","High","HN","5 - High",-0.1875,-0.8125
"293",341,7,"HN - 7",1,0.5,"100%","High","HN","7 - High",-0.8125,1.3125
"294",342,9,"HN - 7",0,-0.5,"100%","High","HN","9 - High",0.875,-1.375
"295",343,11,"HN - 7",1,0.5,"100%","High","HN","11 - High",0,0.5
"296",344,13,"HN - 7",1,0,"100%","High","HN","13 - High",0,0
"297",345,18,"HN - 7",2,0.2,"100%","High","HN","18 - High",0.1,0.1
"298",346,23,"HN - 7",0,-0.4,"100%","High","HN","23 - High",0.425,-0.825
"299",347,26,"HN - 7",1,0.333333333,"100%","High","HN","26 - High",-1.083333333375,1.416666666375
"300",348,30,"HN - 7",1,0,"100%","High","HN","30 - High",0.34375,-0.34375
"301",349,33,"HN - 7",3,0.666666667,"100%","High","HN","33 - High",-0.25,0.916666667
"302",350,37,"HN - 7",0,-0.75,"100%","High","HN","37 - High",0.34375,-1.09375
"303",351,43,"HN - 7",3,0.5,"100%","High","HN","43 - High",-0.2916666665,0.7916666665
"304",352,48,"HN - 7",0,-0.6,"100%","High","HN","48 - High",0.375,-0.975
"305",353,1,"HN - 8",0,0,"50%","High","HN","1 - High",0,0
"306",354,2,"HN - 8",1,1,"50%","High","HN","2 - High",1,0
"307",355,3,"HN - 8",3,2,"50%","High","HN","3 - High",-0.25,2.25
"308",356,5,"HN - 8",1,-1,"50%","High","HN","5 - High",-0.1875,-0.8125
"309",357,7,"HN - 8",8,3.5,"50%","High","HN","7 - High",-0.8125,4.3125
"310",358,9,"HN - 8",7,-0.5,"50%","High","HN","9 - High",0.875,-1.375
"311",359,11,"HN - 8",4,-1.5,"50%","High","HN","11 - High",0,-1.5
"312",360,13,"HN - 8",3,-0.5,"50%","High","HN","13 - High",0,-0.5
"313",361,18,"HN - 8",4,0.2,"50%","High","HN","18 - High",0.1,0.1
"314",362,23,"HN - 8",3,-0.2,"50%","High","HN","23 - High",0.425,-0.625
"315",363,26,"HN - 8",2,-0.333333333,"50%","High","HN","26 - High",-1.083333333375,0.750000000375
"316",364,30,"HN - 8",2,0,"50%","High","HN","30 - High",0.34375,-0.34375
"317",365,33,"HN - 8",9,2.333333333,"50%","High","HN","33 - High",-0.25,2.583333333
"318",366,37,"HN - 8",4,-1.25,"50%","High","HN","37 - High",0.34375,-1.59375
"319",367,43,"HN - 8",3,-0.166666667,"50%","High","HN","43 - High",-0.2916666665,0.1249999995
"320",368,48,"HN - 8",11,1.6,"50%","High","HN","48 - High",0.375,1.225
"321",385,1,"HS - 1",0,0,"50%","High","HS","1 - High",0,0
"322",386,2,"HS - 1",4,4,"50%","High","HS","2 - High",1,3
"323",387,3,"HS - 1",2,-2,"50%","High","HS","3 - High",-0.25,-1.75
"324",388,5,"HS - 1",0,-1,"50%","High","HS","5 - High",-0.1875,-0.8125
"325",389,7,"HS - 1",0,0,"50%","High","HS","7 - High",-0.8125,0.8125
"326",390,9,"HS - 1",2,1,"50%","High","HS","9 - High",0.875,0.125
"327",391,11,"HS - 1",1,-0.5,"50%","High","HS","11 - High",0,-0.5
"328",392,13,"HS - 1",2,0.5,"50%","High","HS","13 - High",0,0.5
"329",393,18,"HS - 1",0,-0.4,"50%","High","HS","18 - High",0.1,-0.5
"330",394,23,"HS - 1",0,0,"50%","High","HS","23 - High",0.425,-0.425
"331",395,26,"HS - 1",1,0.333333333,"50%","High","HS","26 - High",-1.083333333375,1.416666666375
"332",396,30,"HS - 1",0,-0.25,"50%","High","HS","30 - High",0.34375,-0.59375
"333",397,33,"HS - 1",2,0.666666667,"50%","High","HS","33 - High",-0.25,0.916666667
"334",398,37,"HS - 1",1,-0.25,"50%","High","HS","37 - High",0.34375,-0.59375
"335",399,43,"HS - 1",5,0.666666667,"50%","High","HS","43 - High",-0.2916666665,0.9583333335
"336",400,48,"HS - 1",1,-0.8,"50%","High","HS","48 - High",0.375,-1.175
"337",401,1,"HS - 10",0,0,"0%","High","HS","1 - High",0,0
"338",402,2,"HS - 10",0,0,"0%","High","HS","2 - High",1,-1
"339",403,3,"HS - 10",3,3,"0%","High","HS","3 - High",-0.25,3.25
"340",404,5,"HS - 10",2,-0.5,"0%","High","HS","5 - High",-0.1875,-0.3125
"341",405,7,"HS - 10",0,-1,"0%","High","HS","7 - High",-0.8125,-0.1875
"342",406,9,"HS - 10",0,0,"0%","High","HS","9 - High",0.875,-0.875
"343",407,11,"HS - 10",0,0,"0%","High","HS","11 - High",0,0
"344",408,13,"HS - 10",0,0,"0%","High","HS","13 - High",0,0
"345",409,18,"HS - 10",1,0.2,"0%","High","HS","18 - High",0.1,0.1
"346",410,23,"HS - 10",5,0.8,"0%","High","HS","23 - High",0.425,0.375
"347",411,26,"HS - 10",3,-0.666666667,"0%","High","HS","26 - High",-1.083333333375,0.416666666375
"348",412,30,"HS - 10",1,-0.5,"0%","High","HS","30 - High",0.34375,-0.84375
"349",413,33,"HS - 10",2,0.333333333,"0%","High","HS","33 - High",-0.25,0.583333333
"350",414,37,"HS - 10",3,0.25,"0%","High","HS","37 - High",0.34375,-0.09375
"351",415,43,"HS - 10",0,-0.5,"0%","High","HS","43 - High",-0.2916666665,-0.2083333335
"352",416,48,"HS - 10",2,0.4,"0%","High","HS","48 - High",0.375,0.025
"353",417,1,"HS - 11",0,0,"50%","High","HS","1 - High",0,0
"354",418,2,"HS - 11",0,0,"50%","High","HS","2 - High",1,-1
"355",419,3,"HS - 11",6,6,"50%","High","HS","3 - High",-0.25,6.25
"356",420,5,"HS - 11",1,-2.5,"50%","High","HS","5 - High",-0.1875,-2.3125
"357",421,7,"HS - 11",3,1,"50%","High","HS","7 - High",-0.8125,1.8125
"358",422,9,"HS - 11",0,-1.5,"50%","High","HS","9 - High",0.875,-2.375
"359",423,11,"HS - 11",3,1.5,"50%","High","HS","11 - High",0,1.5
"360",424,13,"HS - 11",0,-1.5,"50%","High","HS","13 - High",0,-1.5
"361",425,18,"HS - 11",2,0.4,"50%","High","HS","18 - High",0.1,0.3
"362",426,23,"HS - 11",5,0.6,"50%","High","HS","23 - High",0.425,0.175
"363",427,26,"HS - 11",0,-1.666666667,"50%","High","HS","26 - High",-1.083333333375,-0.583333333625
"364",428,30,"HS - 11",1,0.25,"50%","High","HS","30 - High",0.34375,-0.09375
"365",429,33,"HS - 11",3,0.666666667,"50%","High","HS","33 - High",-0.25,0.916666667
"366",430,37,"HS - 11",2,-0.25,"50%","High","HS","37 - High",0.34375,-0.59375
"367",431,43,"HS - 11",1,-0.166666667,"50%","High","HS","43 - High",-0.2916666665,0.1249999995
"368",432,48,"HS - 11",2,0.2,"50%","High","HS","48 - High",0.375,-0.175
"369",433,1,"HS - 12",3,0,"0%","High","HS","1 - High",0,0
"370",434,2,"HS - 12",3,0,"0%","High","HS","2 - High",1,-1
"371",435,3,"HS - 12",4,1,"0%","High","HS","3 - High",-0.25,1.25
"372",436,5,"HS - 12",4,0,"0%","High","HS","5 - High",-0.1875,0.1875
"373",437,7,"HS - 12",0,-2,"0%","High","HS","7 - High",-0.8125,-1.1875
"374",438,9,"HS - 12",6,3,"0%","High","HS","9 - High",0.875,2.125
"375",439,11,"HS - 12",6,0,"0%","High","HS","11 - High",0,0
"376",440,13,"HS - 12",2,-2,"0%","High","HS","13 - High",0,-2
"377",441,18,"HS - 12",0,-0.4,"0%","High","HS","18 - High",0.1,-0.5
"378",442,23,"HS - 12",9,1.8,"0%","High","HS","23 - High",0.425,1.375
"379",443,26,"HS - 12",4,-1.666666667,"0%","High","HS","26 - High",-1.083333333375,-0.583333333625
"380",444,30,"HS - 12",15,2.75,"0%","High","HS","30 - High",0.34375,2.40625
"381",445,33,"HS - 12",11,-1.333333333,"0%","High","HS","33 - High",-0.25,-1.083333333
"382",446,37,"HS - 12",9,-0.5,"0%","High","HS","37 - High",0.34375,-0.84375
"383",447,43,"HS - 12",8,-0.166666667,"0%","High","HS","43 - High",-0.2916666665,0.1249999995
"384",448,48,"HS - 12",4,-0.8,"0%","High","HS","48 - High",0.375,-1.175
"385",465,1,"HS - 14",0,0,"100%","High","HS","1 - High",0,0
"386",466,2,"HS - 14",0,0,"100%","High","HS","2 - High",1,-1
"387",467,3,"HS - 14",0,0,"100%","High","HS","3 - High",-0.25,0.25
"388",468,5,"HS - 14",0,0,"100%","High","HS","5 - High",-0.1875,0.1875
"389",469,7,"HS - 14",0,0,"100%","High","HS","7 - High",-0.8125,0.8125
"390",470,9,"HS - 14",7,3.5,"100%","High","HS","9 - High",0.875,2.625
"391",471,11,"HS - 14",2,-2.5,"100%","High","HS","11 - High",0,-2.5
"392",472,13,"HS - 14",4,1,"100%","High","HS","13 - High",0,1
"393",473,18,"HS - 14",0,-0.8,"100%","High","HS","18 - High",0.1,-0.9
"394",474,23,"HS - 14",8,1.6,"100%","High","HS","23 - High",0.425,1.175
"395",475,26,"HS - 14",0,-2.666666667,"100%","High","HS","26 - High",-1.083333333375,-1.583333333625
"396",476,30,"HS - 14",2,0.5,"100%","High","HS","30 - High",0.34375,0.15625
"397",477,33,"HS - 14",1,-0.333333333,"100%","High","HS","33 - High",-0.25,-0.083333333
"398",478,37,"HS - 14",1,0,"100%","High","HS","37 - High",0.34375,-0.34375
"399",479,43,"HS - 14",2,0.166666667,"100%","High","HS","43 - High",-0.2916666665,0.4583333335
"400",480,48,"HS - 14",0,-0.4,"100%","High","HS","48 - High",0.375,-0.775
"401",481,1,"HS - 15",0,0,"30%","High","HS","1 - High",0,0
"402",482,2,"HS - 15",0,0,"30%","High","HS","2 - High",1,-1
"403",483,3,"HS - 15",3,3,"30%","High","HS","3 - High",-0.25,3.25
"404",484,5,"HS - 15",0,-1.5,"30%","High","HS","5 - High",-0.1875,-1.3125
"405",485,7,"HS - 15",1,0.5,"30%","High","HS","7 - High",-0.8125,1.3125
"406",486,9,"HS - 15",1,0,"30%","High","HS","9 - High",0.875,-0.875
"407",487,11,"HS - 15",0,-0.5,"30%","High","HS","11 - High",0,-0.5
"408",488,13,"HS - 15",0,0,"30%","High","HS","13 - High",0,0
"409",489,18,"HS - 15",3,0.6,"30%","High","HS","18 - High",0.1,0.5
"410",490,23,"HS - 15",0,-0.6,"30%","High","HS","23 - High",0.425,-1.025
"411",491,26,"HS - 15",0,0,"30%","High","HS","26 - High",-1.083333333375,1.083333333375
"412",492,30,"HS - 15",0,0,"30%","High","HS","30 - High",0.34375,-0.34375
"413",493,33,"HS - 15",0,0,"30%","High","HS","33 - High",-0.25,0.25
"414",494,37,"HS - 15",2,0.5,"30%","High","HS","37 - High",0.34375,0.15625
"415",495,43,"HS - 15",0,-0.333333333,"30%","High","HS","43 - High",-0.2916666665,-0.0416666665
"416",496,48,"HS - 15",0,0,"30%","High","HS","48 - High",0.375,-0.375
"417",497,1,"HS - 16",1,0,"70%","High","HS","1 - High",0,0
"418",498,2,"HS - 16",0,-1,"70%","High","HS","2 - High",1,-2
"419",499,3,"HS - 16",1,1,"70%","High","HS","3 - High",-0.25,1.25
"420",500,5,"HS - 16",0,-0.5,"70%","High","HS","5 - High",-0.1875,-0.3125
"421",501,7,"HS - 16",0,0,"70%","High","HS","7 - High",-0.8125,0.8125
"422",502,9,"HS - 16",0,0,"70%","High","HS","9 - High",0.875,-0.875
"423",503,11,"HS - 16",0,0,"70%","High","HS","11 - High",0,0
"424",504,13,"HS - 16",1,0.5,"70%","High","HS","13 - High",0,0.5
"425",505,18,"HS - 16",7,1.2,"70%","High","HS","18 - High",0.1,1.1
"426",506,23,"HS - 16",5,-0.4,"70%","High","HS","23 - High",0.425,-0.825
"427",507,26,"HS - 16",0,-1.666666667,"70%","High","HS","26 - High",-1.083333333375,-0.583333333625
"428",508,30,"HS - 16",7,1.75,"70%","High","HS","30 - High",0.34375,1.40625
"429",509,33,"HS - 16",1,-2,"70%","High","HS","33 - High",-0.25,-1.75
"430",510,37,"HS - 16",0,-0.25,"70%","High","HS","37 - High",0.34375,-0.59375
"431",511,43,"HS - 16",4,0.666666667,"70%","High","HS","43 - High",-0.2916666665,0.9583333335
"432",512,48,"HS - 16",2,-0.4,"70%","High","HS","48 - High",0.375,-0.775
"433",513,1,"HS - 17",0,0,"0%","High","HS","1 - High",0,0
"434",514,2,"HS - 17",5,5,"0%","High","HS","2 - High",1,4
"435",515,3,"HS - 17",1,-4,"0%","High","HS","3 - High",-0.25,-3.75
"436",516,5,"HS - 17",0,-0.5,"0%","High","HS","5 - High",-0.1875,-0.3125
"437",517,7,"HS - 17",0,0,"0%","High","HS","7 - High",-0.8125,0.8125
"438",518,9,"HS - 17",1,0.5,"0%","High","HS","9 - High",0.875,-0.375
"439",519,11,"HS - 17",5,2,"0%","High","HS","11 - High",0,2
"440",520,13,"HS - 17",3,-1,"0%","High","HS","13 - High",0,-1
"441",521,18,"HS - 17",1,-0.4,"0%","High","HS","18 - High",0.1,-0.5
"442",522,23,"HS - 17",13,2.4,"0%","High","HS","23 - High",0.425,1.975
"443",523,26,"HS - 17",7,-2,"0%","High","HS","26 - High",-1.083333333375,-0.916666666625
"444",524,30,"HS - 17",1,-1.5,"0%","High","HS","30 - High",0.34375,-1.84375
"445",525,33,"HS - 17",0,-0.333333333,"0%","High","HS","33 - High",-0.25,-0.083333333
"446",526,37,"HS - 17",10,2.5,"0%","High","HS","37 - High",0.34375,2.15625
"447",527,43,"HS - 17",1,-1.5,"0%","High","HS","43 - High",-0.2916666665,-1.2083333335
"448",528,48,"HS - 17",3,0.4,"0%","High","HS","48 - High",0.375,0.025
"449",529,1,"HS - 18",1,0,"100%","High","HS","1 - High",0,0
"450",530,2,"HS - 18",6,5,"100%","High","HS","2 - High",1,4
"451",531,3,"HS - 18",0,-6,"100%","High","HS","3 - High",-0.25,-5.75
"452",532,5,"HS - 18",2,1,"100%","High","HS","5 - High",-0.1875,1.1875
"453",533,7,"HS - 18",8,3,"100%","High","HS","7 - High",-0.8125,3.8125
"454",534,9,"HS - 18",2,-3,"100%","High","HS","9 - High",0.875,-3.875
"455",535,11,"HS - 18",5,1.5,"100%","High","HS","11 - High",0,1.5
"456",536,13,"HS - 18",4,-0.5,"100%","High","HS","13 - High",0,-0.5
"457",537,18,"HS - 18",3,-0.2,"100%","High","HS","18 - High",0.1,-0.3
"458",538,23,"HS - 18",3,0,"100%","High","HS","23 - High",0.425,-0.425
"459",539,26,"HS - 18",1,-0.666666667,"100%","High","HS","26 - High",-1.083333333375,0.416666666375
"460",540,30,"HS - 18",3,0.5,"100%","High","HS","30 - High",0.34375,0.15625
"461",541,33,"HS - 18",0,-1,"100%","High","HS","33 - High",-0.25,-0.75
"462",542,37,"HS - 18",4,1,"100%","High","HS","37 - High",0.34375,0.65625
"463",543,43,"HS - 18",0,-0.666666667,"100%","High","HS","43 - High",-0.2916666665,-0.3750000005
"464",544,48,"HS - 18",0,0,"100%","High","HS","48 - High",0.375,-0.375
"465",545,1,"HS - 19",4,0,"100%","High","HS","1 - High",0,0
"466",546,2,"HS - 19",4,0,"100%","High","HS","2 - High",1,-1
"467",547,3,"HS - 19",3,-1,"100%","High","HS","3 - High",-0.25,-0.75
"468",548,5,"HS - 19",4,0.5,"100%","High","HS","5 - High",-0.1875,0.6875
"469",549,7,"HS - 19",4,0,"100%","High","HS","7 - High",-0.8125,0.8125
"470",550,9,"HS - 19",0,-2,"100%","High","HS","9 - High",0.875,-2.875
"471",551,11,"HS - 19",4,2,"100%","High","HS","11 - High",0,2
"472",552,13,"HS - 19",8,2,"100%","High","HS","13 - High",0,2
"473",553,18,"HS - 19",5,-0.6,"100%","High","HS","18 - High",0.1,-0.7
"474",554,23,"HS - 19",12,1.4,"100%","High","HS","23 - High",0.425,0.975
"475",555,26,"HS - 19",14,0.666666667,"100%","High","HS","26 - High",-1.083333333375,1.750000000375
"476",556,30,"HS - 19",1,-3.25,"100%","High","HS","30 - High",0.34375,-3.59375
"477",557,33,"HS - 19",4,1,"100%","High","HS","33 - High",-0.25,1.25
"478",558,37,"HS - 19",3,-0.25,"100%","High","HS","37 - High",0.34375,-0.59375
"479",559,43,"HS - 19",3,0,"100%","High","HS","43 - High",-0.2916666665,0.2916666665
"480",560,48,"HS - 19",4,0.2,"100%","High","HS","48 - High",0.375,-0.175
"481",577,1,"HS - 20",3,0,"0%","High","HS","1 - High",0,0
"482",578,2,"HS - 20",9,6,"0%","High","HS","2 - High",1,5
"483",579,3,"HS - 20",2,-7,"0%","High","HS","3 - High",-0.25,-6.75
"484",580,5,"HS - 20",5,1.5,"0%","High","HS","5 - High",-0.1875,1.6875
"485",581,7,"HS - 20",0,-2.5,"0%","High","HS","7 - High",-0.8125,-1.6875
"486",582,9,"HS - 20",0,0,"0%","High","HS","9 - High",0.875,-0.875
"487",583,11,"HS - 20",1,0.5,"0%","High","HS","11 - High",0,0.5
"488",584,13,"HS - 20",1,0,"0%","High","HS","13 - High",0,0
"489",585,18,"HS - 20",2,0.2,"0%","High","HS","18 - High",0.1,0.1
"490",586,23,"HS - 20",0,-0.4,"0%","High","HS","23 - High",0.425,-0.825
"491",587,26,"HS - 20",2,0.666666667,"0%","High","HS","26 - High",-1.083333333375,1.750000000375
"492",588,30,"HS - 20",2,0,"0%","High","HS","30 - High",0.34375,-0.34375
"493",589,33,"HS - 20",2,0,"0%","High","HS","33 - High",-0.25,0.25
"494",590,37,"HS - 20",5,0.75,"0%","High","HS","37 - High",0.34375,0.40625
"495",591,43,"HS - 20",2,-0.5,"0%","High","HS","43 - High",-0.2916666665,-0.2083333335
"496",592,48,"HS - 20",2,0,"0%","High","HS","48 - High",0.375,-0.375
"497",593,1,"HS - 21",1,0,"30%","High","HS","1 - High",0,0
"498",594,2,"HS - 21",1,0,"30%","High","HS","2 - High",1,-1
"499",595,3,"HS - 21",5,4,"30%","High","HS","3 - High",-0.25,4.25
"500",596,5,"HS - 21",0,-2.5,"30%","High","HS","5 - High",-0.1875,-2.3125
"501",597,7,"HS - 21",0,0,"30%","High","HS","7 - High",-0.8125,0.8125
"502",598,9,"HS - 21",1,0.5,"30%","High","HS","9 - High",0.875,-0.375
"503",599,11,"HS - 21",1,0,"30%","High","HS","11 - High",0,0
"504",600,13,"HS - 21",1,0,"30%","High","HS","13 - High",0,0
"505",601,18,"HS - 21",1,0,"30%","High","HS","18 - High",0.1,-0.1
"506",602,23,"HS - 21",2,0.2,"30%","High","HS","23 - High",0.425,-0.225
"507",603,26,"HS - 21",2,0,"30%","High","HS","26 - High",-1.083333333375,1.083333333375
"508",604,30,"HS - 21",1,-0.25,"30%","High","HS","30 - High",0.34375,-0.59375
"509",605,33,"HS - 21",0,-0.333333333,"30%","High","HS","33 - High",-0.25,-0.083333333
"510",606,37,"HS - 21",2,0.5,"30%","High","HS","37 - High",0.34375,0.15625
"511",607,43,"HS - 21",0,-0.333333333,"30%","High","HS","43 - High",-0.2916666665,-0.0416666665
"512",608,48,"HS - 21",2,0.4,"30%","High","HS","48 - High",0.375,0.025
"513",609,1,"HS - 22",0,0,"100%","High","HS","1 - High",0,0
"514",610,2,"HS - 22",0,0,"100%","High","HS","2 - High",1,-1
"515",611,3,"HS - 22",0,0,"100%","High","HS","3 - High",-0.25,0.25
"516",612,5,"HS - 22",1,0.5,"100%","High","HS","5 - High",-0.1875,0.6875
"517",613,7,"HS - 22",0,-0.5,"100%","High","HS","7 - High",-0.8125,0.3125
"518",614,9,"HS - 22",1,0.5,"100%","High","HS","9 - High",0.875,-0.375
"519",615,11,"HS - 22",1,0,"100%","High","HS","11 - High",0,0
"520",616,13,"HS - 22",1,0,"100%","High","HS","13 - High",0,0
"521",617,18,"HS - 22",0,-0.2,"100%","High","HS","18 - High",0.1,-0.3
"522",618,23,"HS - 22",3,0.6,"100%","High","HS","23 - High",0.425,0.175
"523",619,26,"HS - 22",0,-1,"100%","High","HS","26 - High",-1.083333333375,0.0833333333749999
"524",620,30,"HS - 22",0,0,"100%","High","HS","30 - High",0.34375,-0.34375
"525",621,33,"HS - 22",0,0,"100%","High","HS","33 - High",-0.25,0.25
"526",622,37,"HS - 22",5,1.25,"100%","High","HS","37 - High",0.34375,0.90625
"527",623,43,"HS - 22",0,-0.833333333,"100%","High","HS","43 - High",-0.2916666665,-0.5416666665
"528",624,48,"HS - 22",3,0.6,"100%","High","HS","48 - High",0.375,0.225
"529",625,1,"HS - 23",0,0,"70%","High","HS","1 - High",0,0
"530",626,2,"HS - 23",0,0,"70%","High","HS","2 - High",1,-1
"531",627,3,"HS - 23",0,0,"70%","High","HS","3 - High",-0.25,0.25
"532",628,5,"HS - 23",1,0.5,"70%","High","HS","5 - High",-0.1875,0.6875
"533",629,7,"HS - 23",2,0.5,"70%","High","HS","7 - High",-0.8125,1.3125
"534",630,9,"HS - 23",0,-1,"70%","High","HS","9 - High",0.875,-1.875
"535",631,11,"HS - 23",0,0,"70%","High","HS","11 - High",0,0
"536",632,13,"HS - 23",0,0,"70%","High","HS","13 - High",0,0
"537",633,18,"HS - 23",9,1.8,"70%","High","HS","18 - High",0.1,1.7
"538",634,23,"HS - 23",3,-1.2,"70%","High","HS","23 - High",0.425,-1.625
"539",635,26,"HS - 23",4,0.333333333,"70%","High","HS","26 - High",-1.083333333375,1.416666666375
"540",636,30,"HS - 23",1,-0.75,"70%","High","HS","30 - High",0.34375,-1.09375
"541",637,33,"HS - 23",4,1,"70%","High","HS","33 - High",-0.25,1.25
"542",638,37,"HS - 23",6,0.5,"70%","High","HS","37 - High",0.34375,0.15625
"543",639,43,"HS - 23",3,-0.5,"70%","High","HS","43 - High",-0.2916666665,-0.2083333335
"544",640,48,"HS - 23",6,0.6,"70%","High","HS","48 - High",0.375,0.225
"545",657,1,"HS - 3",0,0,"50%","High","HS","1 - High",0,0
"546",658,2,"HS - 3",1,1,"50%","High","HS","2 - High",1,0
"547",659,3,"HS - 3",2,1,"50%","High","HS","3 - High",-0.25,1.25
"548",660,5,"HS - 3",2,0,"50%","High","HS","5 - High",-0.1875,0.1875
"549",661,7,"HS - 3",1,-0.5,"50%","High","HS","7 - High",-0.8125,0.3125
"550",662,9,"HS - 3",0,-0.5,"50%","High","HS","9 - High",0.875,-1.375
"551",663,11,"HS - 3",1,0.5,"50%","High","HS","11 - High",0,0.5
"552",664,13,"HS - 3",6,2.5,"50%","High","HS","13 - High",0,2.5
"553",665,18,"HS - 3",2,-0.8,"50%","High","HS","18 - High",0.1,-0.9
"554",666,23,"HS - 3",0,-0.4,"50%","High","HS","23 - High",0.425,-0.825
"555",667,26,"HS - 3",2,0.666666667,"50%","High","HS","26 - High",-1.083333333375,1.750000000375
"556",668,30,"HS - 3",1,-0.25,"50%","High","HS","30 - High",0.34375,-0.59375
"557",669,33,"HS - 3",1,0,"50%","High","HS","33 - High",-0.25,0.25
"558",670,37,"HS - 3",2,0.25,"50%","High","HS","37 - High",0.34375,-0.09375
"559",671,43,"HS - 3",3,0.166666667,"50%","High","HS","43 - High",-0.2916666665,0.4583333335
"560",672,48,"HS - 3",6,0.6,"50%","High","HS","48 - High",0.375,0.225
"561",673,1,"HS - 4",1,0,"70%","High","HS","1 - High",0,0
"562",674,2,"HS - 4",0,-1,"70%","High","HS","2 - High",1,-2
"563",675,3,"HS - 4",0,0,"70%","High","HS","3 - High",-0.25,0.25
"564",676,5,"HS - 4",1,0.5,"70%","High","HS","5 - High",-0.1875,0.6875
"565",677,7,"HS - 4",2,0.5,"70%","High","HS","7 - High",-0.8125,1.3125
"566",678,9,"HS - 4",1,-0.5,"70%","High","HS","9 - High",0.875,-1.375
"567",679,11,"HS - 4",0,-0.5,"70%","High","HS","11 - High",0,-0.5
"568",680,13,"HS - 4",1,0.5,"70%","High","HS","13 - High",0,0.5
"569",681,18,"HS - 4",0,-0.2,"70%","High","HS","18 - High",0.1,-0.3
"570",682,23,"HS - 4",1,0.2,"70%","High","HS","23 - High",0.425,-0.225
"571",683,26,"HS - 4",0,-0.333333333,"70%","High","HS","26 - High",-1.083333333375,0.750000000375
"572",684,30,"HS - 4",1,0.25,"70%","High","HS","30 - High",0.34375,-0.09375
"573",685,33,"HS - 4",1,0,"70%","High","HS","33 - High",-0.25,0.25
"574",686,37,"HS - 4",1,0,"70%","High","HS","37 - High",0.34375,-0.34375
"575",687,43,"HS - 4",1,0,"70%","High","HS","43 - High",-0.2916666665,0.2916666665
"576",688,48,"HS - 4",0,-0.2,"70%","High","HS","48 - High",0.375,-0.575
"577",705,1,"HS - 6",0,0,"50%","High","HS","1 - High",0,0
"578",706,2,"HS - 6",1,1,"50%","High","HS","2 - High",1,0
"579",707,3,"HS - 6",10,9,"50%","High","HS","3 - High",-0.25,9.25
"580",708,5,"HS - 6",0,-5,"50%","High","HS","5 - High",-0.1875,-4.8125
"581",709,7,"HS - 6",1,0.5,"50%","High","HS","7 - High",-0.8125,1.3125
"582",710,9,"HS - 6",0,-0.5,"50%","High","HS","9 - High",0.875,-1.375
"583",711,11,"HS - 6",0,0,"50%","High","HS","11 - High",0,0
"584",712,13,"HS - 6",5,2.5,"50%","High","HS","13 - High",0,2.5
"585",713,18,"HS - 6",1,-0.8,"50%","High","HS","18 - High",0.1,-0.9
"586",714,23,"HS - 6",2,0.2,"50%","High","HS","23 - High",0.425,-0.225
"587",715,26,"HS - 6",0,-0.666666667,"50%","High","HS","26 - High",-1.083333333375,0.416666666375
"588",716,30,"HS - 6",1,0.25,"50%","High","HS","30 - High",0.34375,-0.09375
"589",717,33,"HS - 6",3,0.666666667,"50%","High","HS","33 - High",-0.25,0.916666667
"590",718,37,"HS - 6",1,-0.5,"50%","High","HS","37 - High",0.34375,-0.84375
"591",719,43,"HS - 6",1,0,"50%","High","HS","43 - High",-0.2916666665,0.2916666665
"592",720,48,"HS - 6",1,0,"50%","High","HS","48 - High",0.375,-0.375
"593",721,1,"HS - 7",0,0,"30%","High","HS","1 - High",0,0
"594",722,2,"HS - 7",0,0,"30%","High","HS","2 - High",1,-1
"595",723,3,"HS - 7",0,0,"30%","High","HS","3 - High",-0.25,0.25
"596",724,5,"HS - 7",0,0,"30%","High","HS","5 - High",-0.1875,0.1875
"597",725,7,"HS - 7",0,0,"30%","High","HS","7 - High",-0.8125,0.8125
"598",726,9,"HS - 7",0,0,"30%","High","HS","9 - High",0.875,-0.875
"599",727,11,"HS - 7",0,0,"30%","High","HS","11 - High",0,0
"600",728,13,"HS - 7",1,0.5,"30%","High","HS","13 - High",0,0.5
"601",729,18,"HS - 7",1,0,"30%","High","HS","18 - High",0.1,-0.1
"602",730,23,"HS - 7",2,0.2,"30%","High","HS","23 - High",0.425,-0.225
"603",731,26,"HS - 7",2,0,"30%","High","HS","26 - High",-1.083333333375,1.083333333375
"604",732,30,"HS - 7",0,-0.5,"30%","High","HS","30 - High",0.34375,-0.84375
"605",733,33,"HS - 7",0,0,"30%","High","HS","33 - High",-0.25,0.25
"606",734,37,"HS - 7",4,1,"30%","High","HS","37 - High",0.34375,0.65625
"607",735,43,"HS - 7",2,-0.333333333,"30%","High","HS","43 - High",-0.2916666665,-0.0416666665
"608",736,48,"HS - 7",3,0.2,"30%","High","HS","48 - High",0.375,-0.175
"609",737,1,"HS - 8",8,0,"70%","High","HS","1 - High",0,0
"610",738,2,"HS - 8",0,-8,"70%","High","HS","2 - High",1,-9
"611",739,3,"HS - 8",16,16,"70%","High","HS","3 - High",-0.25,16.25
"612",740,5,"HS - 8",9,-3.5,"70%","High","HS","5 - High",-0.1875,-3.3125
"613",741,7,"HS - 8",8,-0.5,"70%","High","HS","7 - High",-0.8125,0.3125
"614",742,9,"HS - 8",2,-3,"70%","High","HS","9 - High",0.875,-3.875
"615",743,11,"HS - 8",0,-1,"70%","High","HS","11 - High",0,-1
"616",744,13,"HS - 8",0,0,"70%","High","HS","13 - High",0,0
"617",745,18,"HS - 8",3,0.6,"70%","High","HS","18 - High",0.1,0.5
"618",746,23,"HS - 8",6,0.6,"70%","High","HS","23 - High",0.425,0.175
"619",747,26,"HS - 8",11,1.666666667,"70%","High","HS","26 - High",-1.083333333375,2.750000000375
"620",748,30,"HS - 8",18,1.75,"70%","High","HS","30 - High",0.34375,1.40625
"621",749,33,"HS - 8",2,-5.333333333,"70%","High","HS","33 - High",-0.25,-5.083333333
"622",750,37,"HS - 8",5,0.75,"70%","High","HS","37 - High",0.34375,0.40625
"623",751,43,"HS - 8",5,0,"70%","High","HS","43 - High",-0.2916666665,0.2916666665
"624",752,48,"HS - 8",15,2,"70%","High","HS","48 - High",0.375,1.625
"625",753,1,"HS - 9",0,0,"30%","High","HS","1 - High",0,0
"626",754,2,"HS - 9",3,3,"30%","High","HS","2 - High",1,2
"627",755,3,"HS - 9",2,-1,"30%","High","HS","3 - High",-0.25,-0.75
"628",756,5,"HS - 9",5,1.5,"30%","High","HS","5 - High",-0.1875,1.6875
"629",757,7,"HS - 9",10,2.5,"30%","High","HS","7 - High",-0.8125,3.3125
"630",758,9,"HS - 9",5,-2.5,"30%","High","HS","9 - High",0.875,-3.375
"631",759,11,"HS - 9",12,3.5,"30%","High","HS","11 - High",0,3.5
"632",760,13,"HS - 9",2,-5,"30%","High","HS","13 - High",0,-5
"633",761,18,"HS - 9",3,0.2,"30%","High","HS","18 - High",0.1,0.1
"634",762,23,"HS - 9",1,-0.4,"30%","High","HS","23 - High",0.425,-0.825
"635",763,26,"HS - 9",11,3.333333333,"30%","High","HS","26 - High",-1.083333333375,4.416666666375
"636",764,30,"HS - 9",10,-0.25,"30%","High","HS","30 - High",0.34375,-0.59375
"637",765,33,"HS - 9",6,-1.333333333,"30%","High","HS","33 - High",-0.25,-1.083333333
"638",766,37,"HS - 9",17,2.75,"30%","High","HS","37 - High",0.34375,2.40625
"639",767,43,"HS - 9",7,-1.666666667,"30%","High","HS","43 - High",-0.2916666665,-1.3750000005
"640",768,48,"HS - 9",5,-0.4,"30%","High","HS","48 - High",0.375,-0.775
"641",769,1,"LN - 1",0,0,"70%","Low","LN","1 - Low",0,0
"642",770,2,"LN - 1",2,2,"70%","Low","LN","2 - Low",0.5,1.5
"643",771,3,"LN - 1",4,2,"70%","Low","LN","3 - Low",0.375,1.625
"644",772,5,"LN - 1",2,-1,"70%","Low","LN","5 - Low",0.5625,-1.5625
"645",773,7,"LN - 1",2,0,"70%","Low","LN","7 - Low",-1.0625,1.0625
"646",774,9,"LN - 1",1,-0.5,"70%","Low","LN","9 - Low",0.4375,-0.9375
"647",775,11,"LN - 1",2,0.5,"70%","Low","LN","11 - Low",-0.1875,0.6875
"648",776,13,"LN - 1",6,2,"70%","Low","LN","13 - Low",0.9375,1.0625
"649",777,18,"LN - 1",3,-0.6,"70%","Low","LN","18 - Low",-0.25,-0.35
"650",778,23,"LN - 1",1,-0.4,"70%","Low","LN","23 - Low",0.025,-0.425
"651",779,26,"LN - 1",0,-0.333333333,"70%","Low","LN","26 - Low",-0.083333333375,-0.249999999625
"652",780,30,"LN - 1",1,0.25,"70%","Low","LN","30 - Low",0.28125,-0.03125
"653",781,33,"LN - 1",3,0.666666667,"70%","Low","LN","33 - Low",-0.499999999875,1.166666666875
"654",782,37,"LN - 1",1,-0.5,"70%","Low","LN","37 - Low",0.28125,-0.78125
"655",783,43,"LN - 1",1,0,"70%","Low","LN","43 - Low",-0.125,0.125
"656",784,48,"LN - 1",3,0.4,"70%","Low","LN","48 - Low",0.05,0.35
"657",801,1,"LN - 11",0,0,"100%","Low","LN","1 - Low",0,0
"658",802,2,"LN - 11",3,3,"100%","Low","LN","2 - Low",0.5,2.5
"659",803,3,"LN - 11",1,-2,"100%","Low","LN","3 - Low",0.375,-2.375
"660",804,5,"LN - 11",5,2,"100%","Low","LN","5 - Low",0.5625,1.4375
"661",805,7,"LN - 11",0,-2.5,"100%","Low","LN","7 - Low",-1.0625,-1.4375
"662",806,9,"LN - 11",3,1.5,"100%","Low","LN","9 - Low",0.4375,1.0625
"663",807,11,"LN - 11",1,-1,"100%","Low","LN","11 - Low",-0.1875,-0.8125
"664",808,13,"LN - 11",0,-0.5,"100%","Low","LN","13 - Low",0.9375,-1.4375
"665",809,18,"LN - 11",0,0,"100%","Low","LN","18 - Low",-0.25,0.25
"666",810,23,"LN - 11",0,0,"100%","Low","LN","23 - Low",0.025,-0.025
"667",811,26,"LN - 11",1,0.333333333,"100%","Low","LN","26 - Low",-0.083333333375,0.416666666375
"668",812,30,"LN - 11",1,0,"100%","Low","LN","30 - Low",0.28125,-0.28125
"669",813,33,"LN - 11",1,0,"100%","Low","LN","33 - Low",-0.499999999875,0.499999999875
"670",814,37,"LN - 11",3,0.5,"100%","Low","LN","37 - Low",0.28125,0.21875
"671",815,43,"LN - 11",1,-0.333333333,"100%","Low","LN","43 - Low",-0.125,-0.208333333
"672",816,48,"LN - 11",2,0.2,"100%","Low","LN","48 - Low",0.05,0.15
"673",817,1,"LN - 12",1,0,"50%","Low","LN","1 - Low",0,0
"674",818,2,"LN - 12",2,1,"50%","Low","LN","2 - Low",0.5,0.5
"675",819,3,"LN - 12",1,-1,"50%","Low","LN","3 - Low",0.375,-1.375
"676",820,5,"LN - 12",3,1,"50%","Low","LN","5 - Low",0.5625,0.4375
"677",821,7,"LN - 12",4,0.5,"50%","Low","LN","7 - Low",-1.0625,1.5625
"678",822,9,"LN - 12",1,-1.5,"50%","Low","LN","9 - Low",0.4375,-1.9375
"679",823,11,"LN - 12",1,0,"50%","Low","LN","11 - Low",-0.1875,0.1875
"680",824,13,"LN - 12",1,0,"50%","Low","LN","13 - Low",0.9375,-0.9375
"681",825,18,"LN - 12",3,0.4,"50%","Low","LN","18 - Low",-0.25,0.65
"682",826,23,"LN - 12",1,-0.4,"50%","Low","LN","23 - Low",0.025,-0.425
"683",827,26,"LN - 12",1,0,"50%","Low","LN","26 - Low",-0.083333333375,0.083333333375
"684",828,30,"LN - 12",2,0.25,"50%","Low","LN","30 - Low",0.28125,-0.03125
"685",829,33,"LN - 12",1,-0.333333333,"50%","Low","LN","33 - Low",-0.499999999875,0.166666666875
"686",830,37,"LN - 12",0,-0.25,"50%","Low","LN","37 - Low",0.28125,-0.53125
"687",831,43,"LN - 12",0,0,"50%","Low","LN","43 - Low",-0.125,0.125
"688",832,48,"LN - 12",0,0,"50%","Low","LN","48 - Low",0.05,-0.05
"689",833,1,"LN - 13",0,0,"0%","Low","LN","1 - Low",0,0
"690",834,2,"LN - 13",2,2,"0%","Low","LN","2 - Low",0.5,1.5
"691",835,3,"LN - 13",1,-1,"0%","Low","LN","3 - Low",0.375,-1.375
"692",836,5,"LN - 13",1,0,"0%","Low","LN","5 - Low",0.5625,-0.5625
"693",837,7,"LN - 13",0,-0.5,"0%","Low","LN","7 - Low",-1.0625,0.5625
"694",838,9,"LN - 13",3,1.5,"0%","Low","LN","9 - Low",0.4375,1.0625
"695",839,11,"LN - 13",0,-1.5,"0%","Low","LN","11 - Low",-0.1875,-1.3125
"696",840,13,"LN - 13",3,1.5,"0%","Low","LN","13 - Low",0.9375,0.5625
"697",841,18,"LN - 13",6,0.6,"0%","Low","LN","18 - Low",-0.25,0.85
"698",842,23,"LN - 13",4,-0.4,"0%","Low","LN","23 - Low",0.025,-0.425
"699",843,26,"LN - 13",0,-1.333333333,"0%","Low","LN","26 - Low",-0.083333333375,-1.249999999625
"700",844,30,"LN - 13",1,0.25,"0%","Low","LN","30 - Low",0.28125,-0.03125
"701",845,33,"LN - 13",1,0,"0%","Low","LN","33 - Low",-0.499999999875,0.499999999875
"702",846,37,"LN - 13",1,0,"0%","Low","LN","37 - Low",0.28125,-0.28125
"703",847,43,"LN - 13",1,0,"0%","Low","LN","43 - Low",-0.125,0.125
"704",848,48,"LN - 13",0,-0.2,"0%","Low","LN","48 - Low",0.05,-0.25
"705",849,1,"LN - 14",2,0,"0%","Low","LN","1 - Low",0,0
"706",850,2,"LN - 14",5,3,"0%","Low","LN","2 - Low",0.5,2.5
"707",851,3,"LN - 14",2,-3,"0%","Low","LN","3 - Low",0.375,-3.375
"708",852,5,"LN - 14",2,0,"0%","Low","LN","5 - Low",0.5625,-0.5625
"709",853,7,"LN - 14",3,0.5,"0%","Low","LN","7 - Low",-1.0625,1.5625
"710",854,9,"LN - 14",1,-1,"0%","Low","LN","9 - Low",0.4375,-1.4375
"711",855,11,"LN - 14",5,2,"0%","Low","LN","11 - Low",-0.1875,2.1875
"712",856,13,"LN - 14",5,0,"0%","Low","LN","13 - Low",0.9375,-0.9375
"713",857,18,"LN - 14",5,0,"0%","Low","LN","18 - Low",-0.25,0.25
"714",858,23,"LN - 14",19,2.8,"0%","Low","LN","23 - Low",0.025,2.775
"715",859,26,"LN - 14",1,-6,"0%","Low","LN","26 - Low",-0.083333333375,-5.916666666625
"716",860,30,"LN - 14",3,0.5,"0%","Low","LN","30 - Low",0.28125,0.21875
"717",861,33,"LN - 14",4,0.333333333,"0%","Low","LN","33 - Low",-0.499999999875,0.833333332875
"718",862,37,"LN - 14",0,-1,"0%","Low","LN","37 - Low",0.28125,-1.28125
"719",863,43,"LN - 14",6,1,"0%","Low","LN","43 - Low",-0.125,1.125
"720",864,48,"LN - 14",7,0.2,"0%","Low","LN","48 - Low",0.05,0.15
"721",881,1,"LN - 16",11,0,"0%","Low","LN","1 - Low",0,0
"722",882,2,"LN - 16",2,-9,"0%","Low","LN","2 - Low",0.5,-9.5
"723",883,3,"LN - 16",1,-1,"0%","Low","LN","3 - Low",0.375,-1.375
"724",884,5,"LN - 16",5,2,"0%","Low","LN","5 - Low",0.5625,1.4375
"725",885,7,"LN - 16",0,-2.5,"0%","Low","LN","7 - Low",-1.0625,-1.4375
"726",886,9,"LN - 16",2,1,"0%","Low","LN","9 - Low",0.4375,0.5625
"727",887,11,"LN - 16",1,-0.5,"0%","Low","LN","11 - Low",-0.1875,-0.3125
"728",888,13,"LN - 16",0,-0.5,"0%","Low","LN","13 - Low",0.9375,-1.4375
"729",889,18,"LN - 16",1,0.2,"0%","Low","LN","18 - Low",-0.25,0.45
"730",890,23,"LN - 16",3,0.4,"0%","Low","LN","23 - Low",0.025,0.375
"731",891,26,"LN - 16",2,-0.333333333,"0%","Low","LN","26 - Low",-0.083333333375,-0.249999999625
"732",892,30,"LN - 16",3,0.25,"0%","Low","LN","30 - Low",0.28125,-0.03125
"733",893,33,"LN - 16",1,-0.666666667,"0%","Low","LN","33 - Low",-0.499999999875,-0.166666667125
"734",894,37,"LN - 16",3,0.5,"0%","Low","LN","37 - Low",0.28125,0.21875
"735",895,43,"LN - 16",4,0.166666667,"0%","Low","LN","43 - Low",-0.125,0.291666667
"736",896,48,"LN - 16",2,-0.4,"0%","Low","LN","48 - Low",0.05,-0.45
"737",897,1,"LN - 17",2,0,"70%","Low","LN","1 - Low",0,0
"738",898,2,"LN - 17",8,6,"70%","Low","LN","2 - Low",0.5,5.5
"739",899,3,"LN - 17",1,-7,"70%","Low","LN","3 - Low",0.375,-7.375
"740",900,5,"LN - 17",6,2.5,"70%","Low","LN","5 - Low",0.5625,1.9375
"741",901,7,"LN - 17",8,1,"70%","Low","LN","7 - Low",-1.0625,2.0625
"742",902,9,"LN - 17",0,-4,"70%","Low","LN","9 - Low",0.4375,-4.4375
"743",903,11,"LN - 17",5,2.5,"70%","Low","LN","11 - Low",-0.1875,2.6875
"744",904,13,"LN - 17",1,-2,"70%","Low","LN","13 - Low",0.9375,-2.9375
"745",905,18,"LN - 17",2,0.2,"70%","Low","LN","18 - Low",-0.25,0.45
"746",906,23,"LN - 17",2,0,"70%","Low","LN","23 - Low",0.025,-0.025
"747",907,26,"LN - 17",1,-0.333333333,"70%","Low","LN","26 - Low",-0.083333333375,-0.249999999625
"748",908,30,"LN - 17",1,0,"70%","Low","LN","30 - Low",0.28125,-0.28125
"749",909,33,"LN - 17",1,0,"70%","Low","LN","33 - Low",-0.499999999875,0.499999999875
"750",910,37,"LN - 17",1,0,"70%","Low","LN","37 - Low",0.28125,-0.28125
"751",911,43,"LN - 17",0,-0.166666667,"70%","Low","LN","43 - Low",-0.125,-0.041666667
"752",912,48,"LN - 17",3,0.6,"70%","Low","LN","48 - Low",0.05,0.55
"753",913,1,"LN - 18",0,0,"30%","Low","LN","1 - Low",0,0
"754",914,2,"LN - 18",2,2,"30%","Low","LN","2 - Low",0.5,1.5
"755",915,3,"LN - 18",1,-1,"30%","Low","LN","3 - Low",0.375,-1.375
"756",916,5,"LN - 18",0,-0.5,"30%","Low","LN","5 - Low",0.5625,-1.0625
"757",917,7,"LN - 18",2,1,"30%","Low","LN","7 - Low",-1.0625,2.0625
"758",918,9,"LN - 18",0,-1,"30%","Low","LN","9 - Low",0.4375,-1.4375
"759",919,11,"LN - 18",1,0.5,"30%","Low","LN","11 - Low",-0.1875,0.6875
"760",920,13,"LN - 18",2,0.5,"30%","Low","LN","13 - Low",0.9375,-0.4375
"761",921,18,"LN - 18",2,0,"30%","Low","LN","18 - Low",-0.25,0.25
"762",922,23,"LN - 18",0,-0.4,"30%","Low","LN","23 - Low",0.025,-0.425
"763",923,26,"LN - 18",2,0.666666667,"30%","Low","LN","26 - Low",-0.083333333375,0.750000000375
"764",924,30,"LN - 18",2,0,"30%","Low","LN","30 - Low",0.28125,-0.28125
"765",925,33,"LN - 18",4,0.666666667,"30%","Low","LN","33 - Low",-0.499999999875,1.166666666875
"766",926,37,"LN - 18",2,-0.5,"30%","Low","LN","37 - Low",0.28125,-0.78125
"767",927,43,"LN - 18",2,0,"30%","Low","LN","43 - Low",-0.125,0.125
"768",928,48,"LN - 18",4,0.4,"30%","Low","LN","48 - Low",0.05,0.35
"769",945,1,"LN - 2",0,0,"30%","Low","LN","1 - Low",0,0
"770",946,2,"LN - 2",1,1,"30%","Low","LN","2 - Low",0.5,0.5
"771",947,3,"LN - 2",1,0,"30%","Low","LN","3 - Low",0.375,-0.375
"772",948,5,"LN - 2",3,1,"30%","Low","LN","5 - Low",0.5625,0.4375
"773",949,7,"LN - 2",2,-0.5,"30%","Low","LN","7 - Low",-1.0625,0.5625
"774",950,9,"LN - 2",0,-1,"30%","Low","LN","9 - Low",0.4375,-1.4375
"775",951,11,"LN - 2",2,1,"30%","Low","LN","11 - Low",-0.1875,1.1875
"776",952,13,"LN - 2",6,2,"30%","Low","LN","13 - Low",0.9375,1.0625
"777",953,18,"LN - 2",2,-0.8,"30%","Low","LN","18 - Low",-0.25,-0.55
"778",954,23,"LN - 2",8,1.2,"30%","Low","LN","23 - Low",0.025,1.175
"779",955,26,"LN - 2",6,-0.666666667,"30%","Low","LN","26 - Low",-0.083333333375,-0.583333333625
"780",956,30,"LN - 2",4,-0.5,"30%","Low","LN","30 - Low",0.28125,-0.78125
"781",957,33,"LN - 2",4,0,"30%","Low","LN","33 - Low",-0.499999999875,0.499999999875
"782",958,37,"LN - 2",1,-0.75,"30%","Low","LN","37 - Low",0.28125,-1.03125
"783",959,43,"LN - 2",4,0.5,"30%","Low","LN","43 - Low",-0.125,0.625
"784",960,48,"LN - 2",1,-0.6,"30%","Low","LN","48 - Low",0.05,-0.65
"785",961,1,"LN - 20",1,0,"30%","Low","LN","1 - Low",0,0
"786",962,2,"LN - 20",0,-1,"30%","Low","LN","2 - Low",0.5,-1.5
"787",963,3,"LN - 20",0,0,"30%","Low","LN","3 - Low",0.375,-0.375
"788",964,5,"LN - 20",5,2.5,"30%","Low","LN","5 - Low",0.5625,1.9375
"789",965,7,"LN - 20",0,-2.5,"30%","Low","LN","7 - Low",-1.0625,-1.4375
"790",966,9,"LN - 20",3,1.5,"30%","Low","LN","9 - Low",0.4375,1.0625
"791",967,11,"LN - 20",2,-0.5,"30%","Low","LN","11 - Low",-0.1875,-0.3125
"792",968,13,"LN - 20",4,1,"30%","Low","LN","13 - Low",0.9375,0.0625
"793",969,18,"LN - 20",5,0.2,"30%","Low","LN","18 - Low",-0.25,0.45
"794",970,23,"LN - 20",6,0.2,"30%","Low","LN","23 - Low",0.025,0.175
"795",971,26,"LN - 20",2,-1.333333333,"30%","Low","LN","26 - Low",-0.083333333375,-1.249999999625
"796",972,30,"LN - 20",11,2.25,"30%","Low","LN","30 - Low",0.28125,1.96875
"797",973,33,"LN - 20",5,-2,"30%","Low","LN","33 - Low",-0.499999999875,-1.500000000125
"798",974,37,"LN - 20",7,0.5,"30%","Low","LN","37 - Low",0.28125,0.21875
"799",975,43,"LN - 20",4,-0.5,"30%","Low","LN","43 - Low",-0.125,-0.375
"800",976,48,"LN - 20",2,-0.4,"30%","Low","LN","48 - Low",0.05,-0.45
"801",977,1,"LN - 21",1,0,"100%","Low","LN","1 - Low",0,0
"802",978,2,"LN - 21",2,1,"100%","Low","LN","2 - Low",0.5,0.5
"803",979,3,"LN - 21",0,-2,"100%","Low","LN","3 - Low",0.375,-2.375
"804",980,5,"LN - 21",0,0,"100%","Low","LN","5 - Low",0.5625,-0.5625
"805",981,7,"LN - 21",0,0,"100%","Low","LN","7 - Low",-1.0625,1.0625
"806",982,9,"LN - 21",5,2.5,"100%","Low","LN","9 - Low",0.4375,2.0625
"807",983,11,"LN - 21",3,-1,"100%","Low","LN","11 - Low",-0.1875,-0.8125
"808",984,13,"LN - 21",2,-0.5,"100%","Low","LN","13 - Low",0.9375,-1.4375
"809",985,18,"LN - 21",3,0.2,"100%","Low","LN","18 - Low",-0.25,0.45
"810",986,23,"LN - 21",8,1,"100%","Low","LN","23 - Low",0.025,0.975
"811",987,26,"LN - 21",4,-1.333333333,"100%","Low","LN","26 - Low",-0.083333333375,-1.249999999625
"812",988,30,"LN - 21",3,-0.25,"100%","Low","LN","30 - Low",0.28125,-0.53125
"813",989,33,"LN - 21",2,-0.333333333,"100%","Low","LN","33 - Low",-0.499999999875,0.166666666875
"814",990,37,"LN - 21",5,0.75,"100%","Low","LN","37 - Low",0.28125,0.46875
"815",991,43,"LN - 21",0,-0.833333333,"100%","Low","LN","43 - Low",-0.125,-0.708333333
"816",992,48,"LN - 21",4,0.8,"100%","Low","LN","48 - Low",0.05,0.75
"817",993,1,"LN - 22",3,0,"70%","Low","LN","1 - Low",0,0
"818",994,2,"LN - 22",1,-2,"70%","Low","LN","2 - Low",0.5,-2.5
"819",995,3,"LN - 22",1,0,"70%","Low","LN","3 - Low",0.375,-0.375
"820",996,5,"LN - 22",3,1,"70%","Low","LN","5 - Low",0.5625,0.4375
"821",997,7,"LN - 22",1,-1,"70%","Low","LN","7 - Low",-1.0625,0.0625
"822",998,9,"LN - 22",2,0.5,"70%","Low","LN","9 - Low",0.4375,0.0625
"823",999,11,"LN - 22",7,2.5,"70%","Low","LN","11 - Low",-0.1875,2.6875
"824",1000,13,"LN - 22",1,-3,"70%","Low","LN","13 - Low",0.9375,-3.9375
"825",1001,18,"LN - 22",1,0,"70%","Low","LN","18 - Low",-0.25,0.25
"826",1002,23,"LN - 22",1,0,"70%","Low","LN","23 - Low",0.025,-0.025
"827",1003,26,"LN - 22",4,1,"70%","Low","LN","26 - Low",-0.083333333375,1.083333333375
"828",1004,30,"LN - 22",1,-0.75,"70%","Low","LN","30 - Low",0.28125,-1.03125
"829",1005,33,"LN - 22",0,-0.333333333,"70%","Low","LN","33 - Low",-0.499999999875,0.166666666875
"830",1006,37,"LN - 22",0,0,"70%","Low","LN","37 - Low",0.28125,-0.28125
"831",1007,43,"LN - 22",0,0,"70%","Low","LN","43 - Low",-0.125,0.125
"832",1008,48,"LN - 22",1,0.2,"70%","Low","LN","48 - Low",0.05,0.15
"833",1009,1,"LN - 23",0,0,"50%","Low","LN","1 - Low",0,0
"834",1010,2,"LN - 23",4,4,"50%","Low","LN","2 - Low",0.5,3.5
"835",1011,3,"LN - 23",0,-4,"50%","Low","LN","3 - Low",0.375,-4.375
"836",1012,5,"LN - 23",2,1,"50%","Low","LN","5 - Low",0.5625,0.4375
"837",1013,7,"LN - 23",0,-1,"50%","Low","LN","7 - Low",-1.0625,0.0625
"838",1014,9,"LN - 23",3,1.5,"50%","Low","LN","9 - Low",0.4375,1.0625
"839",1015,11,"LN - 23",0,-1.5,"50%","Low","LN","11 - Low",-0.1875,-1.3125
"840",1016,13,"LN - 23",3,1.5,"50%","Low","LN","13 - Low",0.9375,0.5625
"841",1017,18,"LN - 23",1,-0.4,"50%","Low","LN","18 - Low",-0.25,-0.15
"842",1018,23,"LN - 23",1,0,"50%","Low","LN","23 - Low",0.025,-0.025
"843",1019,26,"LN - 23",4,1,"50%","Low","LN","26 - Low",-0.083333333375,1.083333333375
"844",1020,30,"LN - 23",5,0.25,"50%","Low","LN","30 - Low",0.28125,-0.03125
"845",1021,33,"LN - 23",2,-1,"50%","Low","LN","33 - Low",-0.499999999875,-0.500000000125
"846",1022,37,"LN - 23",4,0.5,"50%","Low","LN","37 - Low",0.28125,0.21875
"847",1023,43,"LN - 23",1,-0.5,"50%","Low","LN","43 - Low",-0.125,-0.375
"848",1024,48,"LN - 23",4,0.6,"50%","Low","LN","48 - Low",0.05,0.55
"849",1025,1,"LN - 24",1,0,"30%","Low","LN","1 - Low",0,0
"850",1026,2,"LN - 24",1,0,"30%","Low","LN","2 - Low",0.5,-0.5
"851",1027,3,"LN - 24",0,-1,"30%","Low","LN","3 - Low",0.375,-1.375
"852",1028,5,"LN - 24",0,0,"30%","Low","LN","5 - Low",0.5625,-0.5625
"853",1029,7,"LN - 24",1,0.5,"30%","Low","LN","7 - Low",-1.0625,1.5625
"854",1030,9,"LN - 24",1,0,"30%","Low","LN","9 - Low",0.4375,-0.4375
"855",1031,11,"LN - 24",3,1,"30%","Low","LN","11 - Low",-0.1875,1.1875
"856",1032,13,"LN - 24",2,-0.5,"30%","Low","LN","13 - Low",0.9375,-1.4375
"857",1033,18,"LN - 24",0,-0.4,"30%","Low","LN","18 - Low",-0.25,-0.15
"858",1034,23,"LN - 24",3,0.6,"30%","Low","LN","23 - Low",0.025,0.575
"859",1035,26,"LN - 24",2,-0.333333333,"30%","Low","LN","26 - Low",-0.083333333375,-0.249999999625
"860",1036,30,"LN - 24",1,-0.25,"30%","Low","LN","30 - Low",0.28125,-0.53125
"861",1037,33,"LN - 24",0,-0.333333333,"30%","Low","LN","33 - Low",-0.499999999875,0.166666666875
"862",1038,37,"LN - 24",0,0,"30%","Low","LN","37 - Low",0.28125,-0.28125
"863",1039,43,"LN - 24",0,0,"30%","Low","LN","43 - Low",-0.125,0.125
"864",1040,48,"LN - 24",0,0,"30%","Low","LN","48 - Low",0.05,-0.05
"865",1041,1,"LN - 3",0,0,"70%","Low","LN","1 - Low",0,0
"866",1042,2,"LN - 3",5,5,"70%","Low","LN","2 - Low",0.5,4.5
"867",1043,3,"LN - 3",2,-3,"70%","Low","LN","3 - Low",0.375,-3.375
"868",1044,5,"LN - 3",3,0.5,"70%","Low","LN","5 - Low",0.5625,-0.0625
"869",1045,7,"LN - 3",9,3,"70%","Low","LN","7 - Low",-1.0625,4.0625
"870",1046,9,"LN - 3",0,-4.5,"70%","Low","LN","9 - Low",0.4375,-4.9375
"871",1047,11,"LN - 3",3,1.5,"70%","Low","LN","11 - Low",-0.1875,1.6875
"872",1048,13,"LN - 3",4,0.5,"70%","Low","LN","13 - Low",0.9375,-0.4375
"873",1049,18,"LN - 3",3,-0.2,"70%","Low","LN","18 - Low",-0.25,0.05
"874",1050,23,"LN - 3",2,-0.2,"70%","Low","LN","23 - Low",0.025,-0.225
"875",1051,26,"LN - 3",6,1.333333333,"70%","Low","LN","26 - Low",-0.083333333375,1.416666666375
"876",1052,30,"LN - 3",3,-0.75,"70%","Low","LN","30 - Low",0.28125,-1.03125
"877",1053,33,"LN - 3",5,0.666666667,"70%","Low","LN","33 - Low",-0.499999999875,1.166666666875
"878",1054,37,"LN - 3",9,1,"70%","Low","LN","37 - Low",0.28125,0.71875
"879",1055,43,"LN - 3",5,-0.666666667,"70%","Low","LN","43 - Low",-0.125,-0.541666667
"880",1056,48,"LN - 3",7,0.4,"70%","Low","LN","48 - Low",0.05,0.35
"881",1057,1,"LN - 4",0,0,"100%","Low","LN","1 - Low",0,0
"882",1058,2,"LN - 4",5,5,"100%","Low","LN","2 - Low",0.5,4.5
"883",1059,3,"LN - 4",0,-5,"100%","Low","LN","3 - Low",0.375,-5.375
"884",1060,5,"LN - 4",1,0.5,"100%","Low","LN","5 - Low",0.5625,-0.0625
"885",1061,7,"LN - 4",2,0.5,"100%","Low","LN","7 - Low",-1.0625,1.5625
"886",1062,9,"LN - 4",1,-0.5,"100%","Low","LN","9 - Low",0.4375,-0.9375
"887",1063,11,"LN - 4",0,-0.5,"100%","Low","LN","11 - Low",-0.1875,-0.3125
"888",1064,13,"LN - 4",4,2,"100%","Low","LN","13 - Low",0.9375,1.0625
"889",1065,18,"LN - 4",0,-0.8,"100%","Low","LN","18 - Low",-0.25,-0.55
"890",1066,23,"LN - 4",6,1.2,"100%","Low","LN","23 - Low",0.025,1.175
"891",1067,26,"LN - 4",2,-1.333333333,"100%","Low","LN","26 - Low",-0.083333333375,-1.249999999625
"892",1068,30,"LN - 4",3,0.25,"100%","Low","LN","30 - Low",0.28125,-0.03125
"893",1069,33,"LN - 4",1,-0.666666667,"100%","Low","LN","33 - Low",-0.499999999875,-0.166666667125
"894",1070,37,"LN - 4",0,-0.25,"100%","Low","LN","37 - Low",0.28125,-0.53125
"895",1071,43,"LN - 4",2,0.333333333,"100%","Low","LN","43 - Low",-0.125,0.458333333
"896",1072,48,"LN - 4",5,0.6,"100%","Low","LN","48 - Low",0.05,0.55
"897",1073,1,"LN - 5",0,0,"50%","Low","LN","1 - Low",0,0
"898",1074,2,"LN - 5",0,0,"50%","Low","LN","2 - Low",0.5,-0.5
"899",1075,3,"LN - 5",1,1,"50%","Low","LN","3 - Low",0.375,0.625
"900",1076,5,"LN - 5",2,0.5,"50%","Low","LN","5 - Low",0.5625,-0.0625
"901",1077,7,"LN - 5",2,0,"50%","Low","LN","7 - Low",-1.0625,1.0625
"902",1078,9,"LN - 5",0,-1,"50%","Low","LN","9 - Low",0.4375,-1.4375
"903",1079,11,"LN - 5",0,0,"50%","Low","LN","11 - Low",-0.1875,0.1875
"904",1080,13,"LN - 5",1,0.5,"50%","Low","LN","13 - Low",0.9375,-0.4375
"905",1081,18,"LN - 5",1,0,"50%","Low","LN","18 - Low",-0.25,0.25
"906",1082,23,"LN - 5",0,-0.2,"50%","Low","LN","23 - Low",0.025,-0.225
"907",1083,26,"LN - 5",2,0.666666667,"50%","Low","LN","26 - Low",-0.083333333375,0.750000000375
"908",1084,30,"LN - 5",1,-0.25,"50%","Low","LN","30 - Low",0.28125,-0.53125
"909",1085,33,"LN - 5",5,1.333333333,"50%","Low","LN","33 - Low",-0.499999999875,1.833333332875
"910",1086,37,"LN - 5",0,-1.25,"50%","Low","LN","37 - Low",0.28125,-1.53125
"911",1087,43,"LN - 5",1,0.166666667,"50%","Low","LN","43 - Low",-0.125,0.291666667
"912",1088,48,"LN - 5",1,0,"50%","Low","LN","48 - Low",0.05,-0.05
"913",1089,1,"LN - 6",0,0,"50%","Low","LN","1 - Low",0,0
"914",1090,2,"LN - 6",1,1,"50%","Low","LN","2 - Low",0.5,0.5
"915",1091,3,"LN - 6",2,1,"50%","Low","LN","3 - Low",0.375,0.625
"916",1092,5,"LN - 6",2,0,"50%","Low","LN","5 - Low",0.5625,-0.5625
"917",1093,7,"LN - 6",2,0,"50%","Low","LN","7 - Low",-1.0625,1.0625
"918",1094,9,"LN - 6",1,-0.5,"50%","Low","LN","9 - Low",0.4375,-0.9375
"919",1095,11,"LN - 6",3,1,"50%","Low","LN","11 - Low",-0.1875,1.1875
"920",1096,13,"LN - 6",2,-0.5,"50%","Low","LN","13 - Low",0.9375,-1.4375
"921",1097,18,"LN - 6",4,0.4,"50%","Low","LN","18 - Low",-0.25,0.65
"922",1098,23,"LN - 6",3,-0.2,"50%","Low","LN","23 - Low",0.025,-0.225
"923",1099,26,"LN - 6",3,0,"50%","Low","LN","26 - Low",-0.083333333375,0.083333333375
"924",1100,30,"LN - 6",5,0.5,"50%","Low","LN","30 - Low",0.28125,0.21875
"925",1101,33,"LN - 6",1,-1.333333333,"50%","Low","LN","33 - Low",-0.499999999875,-0.833333333125
"926",1102,37,"LN - 6",9,2,"50%","Low","LN","37 - Low",0.28125,1.71875
"927",1103,43,"LN - 6",3,-1,"50%","Low","LN","43 - Low",-0.125,-0.875
"928",1104,48,"LN - 6",1,-0.4,"50%","Low","LN","48 - Low",0.05,-0.45
"929",1105,1,"LN - 7",0,0,"0%","Low","LN","1 - Low",0,0
"930",1106,2,"LN - 7",1,1,"0%","Low","LN","2 - Low",0.5,0.5
"931",1107,3,"LN - 7",1,0,"0%","Low","LN","3 - Low",0.375,-0.375
"932",1108,5,"LN - 7",3,1,"0%","Low","LN","5 - Low",0.5625,0.4375
"933",1109,7,"LN - 7",2,-0.5,"0%","Low","LN","7 - Low",-1.0625,0.5625
"934",1110,9,"LN - 7",3,0.5,"0%","Low","LN","9 - Low",0.4375,0.0625
"935",1111,11,"LN - 7",1,-1,"0%","Low","LN","11 - Low",-0.1875,-0.8125
"936",1112,13,"LN - 7",6,2.5,"0%","Low","LN","13 - Low",0.9375,1.5625
"937",1113,18,"LN - 7",1,-1,"0%","Low","LN","18 - Low",-0.25,-0.75
"938",1114,23,"LN - 7",0,-0.2,"0%","Low","LN","23 - Low",0.025,-0.225
"939",1115,26,"LN - 7",6,2,"0%","Low","LN","26 - Low",-0.083333333375,2.083333333375
"940",1116,30,"LN - 7",5,-0.25,"0%","Low","LN","30 - Low",0.28125,-0.53125
"941",1117,33,"LN - 7",9,1.333333333,"0%","Low","LN","33 - Low",-0.499999999875,1.833333332875
"942",1118,37,"LN - 7",7,-0.5,"0%","Low","LN","37 - Low",0.28125,-0.78125
"943",1119,43,"LN - 7",11,0.666666667,"0%","Low","LN","43 - Low",-0.125,0.791666667
"944",1120,48,"LN - 7",3,-1.6,"0%","Low","LN","48 - Low",0.05,-1.65
"945",1137,1,"LN - 9",3,0,"100%","Low","LN","1 - Low",0,0
"946",1138,2,"LN - 9",5,2,"100%","Low","LN","2 - Low",0.5,1.5
"947",1139,3,"LN - 9",8,3,"100%","Low","LN","3 - Low",0.375,2.625
"948",1140,5,"LN - 9",9,0.5,"100%","Low","LN","5 - Low",0.5625,-0.0625
"949",1141,7,"LN - 9",4,-2.5,"100%","Low","LN","7 - Low",-1.0625,-1.4375
"950",1142,9,"LN - 9",5,0.5,"100%","Low","LN","9 - Low",0.4375,0.0625
"951",1143,11,"LN - 9",4,-0.5,"100%","Low","LN","11 - Low",-0.1875,-0.3125
"952",1144,13,"LN - 9",17,6.5,"100%","Low","LN","13 - Low",0.9375,5.5625
"953",1145,18,"LN - 9",6,-2.2,"100%","Low","LN","18 - Low",-0.25,-1.95
"954",1146,23,"LN - 9",5,-0.2,"100%","Low","LN","23 - Low",0.025,-0.225
"955",1147,26,"LN - 9",4,-0.333333333,"100%","Low","LN","26 - Low",-0.083333333375,-0.249999999625
"956",1148,30,"LN - 9",3,-0.25,"100%","Low","LN","30 - Low",0.28125,-0.53125
"957",1149,33,"LN - 9",1,-0.666666667,"100%","Low","LN","33 - Low",-0.499999999875,-0.166666667125
"958",1150,37,"LN - 9",1,0,"100%","Low","LN","37 - Low",0.28125,-0.28125
"959",1151,43,"LN - 9",3,0.333333333,"100%","Low","LN","43 - Low",-0.125,0.458333333
"960",1152,48,"LN - 9",3,0,"100%","Low","LN","48 - Low",0.05,-0.05
"961",1153,1,"LS - 1",0,0,"100%","Low","LS","1 - Low",0,0
"962",1154,2,"LS - 1",1,1,"100%","Low","LS","2 - Low",0.5,0.5
"963",1155,3,"LS - 1",0,-1,"100%","Low","LS","3 - Low",0.375,-1.375
"964",1156,5,"LS - 1",1,0.5,"100%","Low","LS","5 - Low",0.5625,-0.0625
"965",1157,7,"LS - 1",9,4,"100%","Low","LS","7 - Low",-1.0625,5.0625
"966",1158,9,"LS - 1",1,-4,"100%","Low","LS","9 - Low",0.4375,-4.4375
"967",1159,11,"LS - 1",1,0,"100%","Low","LS","11 - Low",-0.1875,0.1875
"968",1160,13,"LS - 1",2,0.5,"100%","Low","LS","13 - Low",0.9375,-0.4375
"969",1161,18,"LS - 1",3,0.2,"100%","Low","LS","18 - Low",-0.25,0.45
"970",1162,23,"LS - 1",1,-0.4,"100%","Low","LS","23 - Low",0.025,-0.425
"971",1163,26,"LS - 1",1,0,"100%","Low","LS","26 - Low",-0.083333333375,0.083333333375
"972",1164,30,"LS - 1",3,0.5,"100%","Low","LS","30 - Low",0.28125,0.21875
"973",1165,33,"LS - 1",4,0.333333333,"100%","Low","LS","33 - Low",-0.499999999875,0.833333332875
"974",1166,37,"LS - 1",1,-0.75,"100%","Low","LS","37 - Low",0.28125,-1.03125
"975",1167,43,"LS - 1",2,0.166666667,"100%","Low","LS","43 - Low",-0.125,0.291666667
"976",1168,48,"LS - 1",2,0,"100%","Low","LS","48 - Low",0.05,-0.05
"977",1169,1,"LS - 10",1,0,"70%","Low","LS","1 - Low",0,0
"978",1170,2,"LS - 10",2,1,"70%","Low","LS","2 - Low",0.5,0.5
"979",1171,3,"LS - 10",0,-2,"70%","Low","LS","3 - Low",0.375,-2.375
"980",1172,5,"LS - 10",0,0,"70%","Low","LS","5 - Low",0.5625,-0.5625
"981",1173,7,"LS - 10",0,0,"70%","Low","LS","7 - Low",-1.0625,1.0625
"982",1174,9,"LS - 10",0,0,"70%","Low","LS","9 - Low",0.4375,-0.4375
"983",1175,11,"LS - 10",1,0.5,"70%","Low","LS","11 - Low",-0.1875,0.6875
"984",1176,13,"LS - 10",3,1,"70%","Low","LS","13 - Low",0.9375,0.0625
"985",1177,18,"LS - 10",3,0,"70%","Low","LS","18 - Low",-0.25,0.25
"986",1178,23,"LS - 10",3,0,"70%","Low","LS","23 - Low",0.025,-0.025
"987",1179,26,"LS - 10",2,-0.333333333,"70%","Low","LS","26 - Low",-0.083333333375,-0.249999999625
"988",1180,30,"LS - 10",2,0,"70%","Low","LS","30 - Low",0.28125,-0.28125
"989",1181,33,"LS - 10",2,0,"70%","Low","LS","33 - Low",-0.499999999875,0.499999999875
"990",1182,37,"LS - 10",4,0.5,"70%","Low","LS","37 - Low",0.28125,0.21875
"991",1183,43,"LS - 10",17,2.166666667,"70%","Low","LS","43 - Low",-0.125,2.291666667
"992",1184,48,"LS - 10",0,-3.4,"70%","Low","LS","48 - Low",0.05,-3.45
"993",1185,1,"LS - 11",0,0,"30%","Low","LS","1 - Low",0,0
"994",1186,2,"LS - 11",0,0,"30%","Low","LS","2 - Low",0.5,-0.5
"995",1187,3,"LS - 11",2,2,"30%","Low","LS","3 - Low",0.375,1.625
"996",1188,5,"LS - 11",2,0,"30%","Low","LS","5 - Low",0.5625,-0.5625
"997",1189,7,"LS - 11",1,-0.5,"30%","Low","LS","7 - Low",-1.0625,0.5625
"998",1190,9,"LS - 11",1,0,"30%","Low","LS","9 - Low",0.4375,-0.4375
"999",1191,11,"LS - 11",1,0,"30%","Low","LS","11 - Low",-0.1875,0.1875
"1000",1192,13,"LS - 11",1,0,"30%","Low","LS","13 - Low",0.9375,-0.9375
"1001",1193,18,"LS - 11",4,0.6,"30%","Low","LS","18 - Low",-0.25,0.85
"1002",1194,23,"LS - 11",5,0.2,"30%","Low","LS","23 - Low",0.025,0.175
"1003",1195,26,"LS - 11",7,0.666666667,"30%","Low","LS","26 - Low",-0.083333333375,0.750000000375
"1004",1196,30,"LS - 11",1,-1.5,"30%","Low","LS","30 - Low",0.28125,-1.78125
"1005",1197,33,"LS - 11",0,-0.333333333,"30%","Low","LS","33 - Low",-0.499999999875,0.166666666875
"1006",1198,37,"LS - 11",6,1.5,"30%","Low","LS","37 - Low",0.28125,1.21875
"1007",1199,43,"LS - 11",1,-0.833333333,"30%","Low","LS","43 - Low",-0.125,-0.708333333
"1008",1200,48,"LS - 11",2,0.2,"30%","Low","LS","48 - Low",0.05,0.15
"1009",1217,1,"LS - 13",5,0,"70%","Low","LS","1 - Low",0,0
"1010",1218,2,"LS - 13",0,-5,"70%","Low","LS","2 - Low",0.5,-5.5
"1011",1219,3,"LS - 13",5,5,"70%","Low","LS","3 - Low",0.375,4.625
"1012",1220,5,"LS - 13",15,5,"70%","Low","LS","5 - Low",0.5625,4.4375
"1013",1221,7,"LS - 13",12,-1.5,"70%","Low","LS","7 - Low",-1.0625,-0.4375
"1014",1222,9,"LS - 13",9,-1.5,"70%","Low","LS","9 - Low",0.4375,-1.9375
"1015",1223,11,"LS - 13",2,-3.5,"70%","Low","LS","11 - Low",-0.1875,-3.3125
"1016",1224,13,"LS - 13",12,5,"70%","Low","LS","13 - Low",0.9375,4.0625
"1017",1225,18,"LS - 13",5,-1.4,"70%","Low","LS","18 - Low",-0.25,-1.15
"1018",1226,23,"LS - 13",9,0.8,"70%","Low","LS","23 - Low",0.025,0.775
"1019",1227,26,"LS - 13",3,-2,"70%","Low","LS","26 - Low",-0.083333333375,-1.916666666625
"1020",1228,30,"LS - 13",5,0.5,"70%","Low","LS","30 - Low",0.28125,0.21875
"1021",1229,33,"LS - 13",3,-0.666666667,"70%","Low","LS","33 - Low",-0.499999999875,-0.166666667125
"1022",1230,37,"LS - 13",3,0,"70%","Low","LS","37 - Low",0.28125,-0.28125
"1023",1231,43,"LS - 13",16,2.166666667,"70%","Low","LS","43 - Low",-0.125,2.291666667
"1024",1232,48,"LS - 13",16,0,"70%","Low","LS","48 - Low",0.05,-0.05
"1025",1233,1,"LS - 14",3,0,"50%","Low","LS","1 - Low",0,0
"1026",1234,2,"LS - 14",0,-3,"50%","Low","LS","2 - Low",0.5,-3.5
"1027",1235,3,"LS - 14",5,5,"50%","Low","LS","3 - Low",0.375,4.625
"1028",1236,5,"LS - 14",12,3.5,"50%","Low","LS","5 - Low",0.5625,2.9375
"1029",1237,7,"LS - 14",4,-4,"50%","Low","LS","7 - Low",-1.0625,-2.9375
"1030",1238,9,"LS - 14",1,-1.5,"50%","Low","LS","9 - Low",0.4375,-1.9375
"1031",1239,11,"LS - 14",15,7,"50%","Low","LS","11 - Low",-0.1875,7.1875
"1032",1240,13,"LS - 14",2,-6.5,"50%","Low","LS","13 - Low",0.9375,-7.4375
"1033",1241,18,"LS - 14",15,2.6,"50%","Low","LS","18 - Low",-0.25,2.85
"1034",1242,23,"LS - 14",0,-3,"50%","Low","LS","23 - Low",0.025,-3.025
"1035",1243,26,"LS - 14",3,1,"50%","Low","LS","26 - Low",-0.083333333375,1.083333333375
"1036",1244,30,"LS - 14",13,2.5,"50%","Low","LS","30 - Low",0.28125,2.21875
"1037",1245,33,"LS - 14",5,-2.666666667,"50%","Low","LS","33 - Low",-0.499999999875,-2.166666667125
"1038",1246,37,"LS - 14",0,-1.25,"50%","Low","LS","37 - Low",0.28125,-1.53125
"1039",1247,43,"LS - 14",6,1,"50%","Low","LS","43 - Low",-0.125,1.125
"1040",1248,48,"LS - 14",6,0,"50%","Low","LS","48 - Low",0.05,-0.05
"1041",1249,1,"LS - 15",0,0,"0%","Low","LS","1 - Low",0,0
"1042",1250,2,"LS - 15",0,0,"0%","Low","LS","2 - Low",0.5,-0.5
"1043",1251,3,"LS - 15",2,2,"0%","Low","LS","3 - Low",0.375,1.625
"1044",1252,5,"LS - 15",2,0,"0%","Low","LS","5 - Low",0.5625,-0.5625
"1045",1253,7,"LS - 15",0,-1,"0%","Low","LS","7 - Low",-1.0625,0.0625
"1046",1254,9,"LS - 15",1,0.5,"0%","Low","LS","9 - Low",0.4375,0.0625
"1047",1255,11,"LS - 15",2,0.5,"0%","Low","LS","11 - Low",-0.1875,0.6875
"1048",1256,13,"LS - 15",5,1.5,"0%","Low","LS","13 - Low",0.9375,0.5625
"1049",1257,18,"LS - 15",3,-0.4,"0%","Low","LS","18 - Low",-0.25,-0.15
"1050",1258,23,"LS - 15",2,-0.2,"0%","Low","LS","23 - Low",0.025,-0.225
"1051",1259,26,"LS - 15",4,0.666666667,"0%","Low","LS","26 - Low",-0.083333333375,0.750000000375
"1052",1260,30,"LS - 15",1,-0.75,"0%","Low","LS","30 - Low",0.28125,-1.03125
"1053",1261,33,"LS - 15",0,-0.333333333,"0%","Low","LS","33 - Low",-0.499999999875,0.166666666875
"1054",1262,37,"LS - 15",1,0.25,"0%","Low","LS","37 - Low",0.28125,-0.03125
"1055",1263,43,"LS - 15",4,0.5,"0%","Low","LS","43 - Low",-0.125,0.625
"1056",1264,48,"LS - 15",1,-0.6,"0%","Low","LS","48 - Low",0.05,-0.65
"1057",1265,1,"LS - 16",0,0,"50%","Low","LS","1 - Low",0,0
"1058",1266,2,"LS - 16",0,0,"50%","Low","LS","2 - Low",0.5,-0.5
"1059",1267,3,"LS - 16",4,4,"50%","Low","LS","3 - Low",0.375,3.625
"1060",1268,5,"LS - 16",0,-2,"50%","Low","LS","5 - Low",0.5625,-2.5625
"1061",1269,7,"LS - 16",2,1,"50%","Low","LS","7 - Low",-1.0625,2.0625
"1062",1270,9,"LS - 16",2,0,"50%","Low","LS","9 - Low",0.4375,-0.4375
"1063",1271,11,"LS - 16",3,0.5,"50%","Low","LS","11 - Low",-0.1875,0.6875
"1064",1272,13,"LS - 16",0,-1.5,"50%","Low","LS","13 - Low",0.9375,-2.4375
"1065",1273,18,"LS - 16",0,0,"50%","Low","LS","18 - Low",-0.25,0.25
"1066",1274,23,"LS - 16",5,1,"50%","Low","LS","23 - Low",0.025,0.975
"1067",1275,26,"LS - 16",1,-1.333333333,"50%","Low","LS","26 - Low",-0.083333333375,-1.249999999625
"1068",1276,30,"LS - 16",2,0.25,"50%","Low","LS","30 - Low",0.28125,-0.03125
"1069",1277,33,"LS - 16",0,-0.666666667,"50%","Low","LS","33 - Low",-0.499999999875,-0.166666667125
"1070",1278,37,"LS - 16",4,1,"50%","Low","LS","37 - Low",0.28125,0.71875
"1071",1279,43,"LS - 16",1,-0.5,"50%","Low","LS","43 - Low",-0.125,-0.375
"1072",1280,48,"LS - 16",0,-0.2,"50%","Low","LS","48 - Low",0.05,-0.25
"1073",1281,1,"LS - 17",3,0,"70%","Low","LS","1 - Low",0,0
"1074",1282,2,"LS - 17",1,-2,"70%","Low","LS","2 - Low",0.5,-2.5
"1075",1283,3,"LS - 17",5,4,"70%","Low","LS","3 - Low",0.375,3.625
"1076",1284,5,"LS - 17",2,-1.5,"70%","Low","LS","5 - Low",0.5625,-2.0625
"1077",1285,7,"LS - 17",0,-1,"70%","Low","LS","7 - Low",-1.0625,0.0625
"1078",1286,9,"LS - 17",12,6,"70%","Low","LS","9 - Low",0.4375,5.5625
"1079",1287,11,"LS - 17",2,-5,"70%","Low","LS","11 - Low",-0.1875,-4.8125
"1080",1288,13,"LS - 17",4,1,"70%","Low","LS","13 - Low",0.9375,0.0625
"1081",1289,18,"LS - 17",1,-0.6,"70%","Low","LS","18 - Low",-0.25,-0.35
"1082",1290,23,"LS - 17",13,2.4,"70%","Low","LS","23 - Low",0.025,2.375
"1083",1291,26,"LS - 17",2,-3.666666667,"70%","Low","LS","26 - Low",-0.083333333375,-3.583333333625
"1084",1292,30,"LS - 17",2,0,"70%","Low","LS","30 - Low",0.28125,-0.28125
"1085",1293,33,"LS - 17",3,0.333333333,"70%","Low","LS","33 - Low",-0.499999999875,0.833333332875
"1086",1294,37,"LS - 17",2,-0.25,"70%","Low","LS","37 - Low",0.28125,-0.53125
"1087",1295,43,"LS - 17",4,0.333333333,"70%","Low","LS","43 - Low",-0.125,0.458333333
"1088",1296,48,"LS - 17",7,0.6,"70%","Low","LS","48 - Low",0.05,0.55
"1089",1297,1,"LS - 18",3,0,"100%","Low","LS","1 - Low",0,0
"1090",1298,2,"LS - 18",2,-1,"100%","Low","LS","2 - Low",0.5,-1.5
"1091",1299,3,"LS - 18",0,-2,"100%","Low","LS","3 - Low",0.375,-2.375
"1092",1300,5,"LS - 18",1,0.5,"100%","Low","LS","5 - Low",0.5625,-0.0625
"1093",1301,7,"LS - 18",0,-0.5,"100%","Low","LS","7 - Low",-1.0625,0.5625
"1094",1302,9,"LS - 18",3,1.5,"100%","Low","LS","9 - Low",0.4375,1.0625
"1095",1303,11,"LS - 18",2,-0.5,"100%","Low","LS","11 - Low",-0.1875,-0.3125
"1096",1304,13,"LS - 18",6,2,"100%","Low","LS","13 - Low",0.9375,1.0625
"1097",1305,18,"LS - 18",2,-0.8,"100%","Low","LS","18 - Low",-0.25,-0.55
"1098",1306,23,"LS - 18",1,-0.2,"100%","Low","LS","23 - Low",0.025,-0.225
"1099",1307,26,"LS - 18",8,2.333333333,"100%","Low","LS","26 - Low",-0.083333333375,2.416666666375
"1100",1308,30,"LS - 18",1,-1.75,"100%","Low","LS","30 - Low",0.28125,-2.03125
"1101",1309,33,"LS - 18",2,0.333333333,"100%","Low","LS","33 - Low",-0.499999999875,0.833333332875
"1102",1310,37,"LS - 18",3,0.25,"100%","Low","LS","37 - Low",0.28125,-0.03125
"1103",1311,43,"LS - 18",1,-0.333333333,"100%","Low","LS","43 - Low",-0.125,-0.208333333
"1104",1312,48,"LS - 18",6,1,"100%","Low","LS","48 - Low",0.05,0.95
"1105",1329,1,"LS - 2",2,0,"0%","Low","LS","1 - Low",0,0
"1106",1330,2,"LS - 2",1,-1,"0%","Low","LS","2 - Low",0.5,-1.5
"1107",1331,3,"LS - 2",0,-1,"0%","Low","LS","3 - Low",0.375,-1.375
"1108",1332,5,"LS - 2",8,4,"0%","Low","LS","5 - Low",0.5625,3.4375
"1109",1333,7,"LS - 2",2,-3,"0%","Low","LS","7 - Low",-1.0625,-1.9375
"1110",1334,9,"LS - 2",1,-0.5,"0%","Low","LS","9 - Low",0.4375,-0.9375
"1111",1335,11,"LS - 2",5,2,"0%","Low","LS","11 - Low",-0.1875,2.1875
"1112",1336,13,"LS - 2",5,0,"0%","Low","LS","13 - Low",0.9375,-0.9375
"1113",1337,18,"LS - 2",2,-0.6,"0%","Low","LS","18 - Low",-0.25,-0.35
"1114",1338,23,"LS - 2",4,0.4,"0%","Low","LS","23 - Low",0.025,0.375
"1115",1339,26,"LS - 2",2,-0.666666667,"0%","Low","LS","26 - Low",-0.083333333375,-0.583333333625
"1116",1340,30,"LS - 2",2,0,"0%","Low","LS","30 - Low",0.28125,-0.28125
"1117",1341,33,"LS - 2",2,0,"0%","Low","LS","33 - Low",-0.499999999875,0.499999999875
"1118",1342,37,"LS - 2",4,0.5,"0%","Low","LS","37 - Low",0.28125,0.21875
"1119",1343,43,"LS - 2",3,-0.166666667,"0%","Low","LS","43 - Low",-0.125,-0.041666667
"1120",1344,48,"LS - 2",4,0.2,"0%","Low","LS","48 - Low",0.05,0.15
"1121",1345,1,"LS - 20",0,0,"30%","Low","LS","1 - Low",0,0
"1122",1346,2,"LS - 20",3,3,"30%","Low","LS","2 - Low",0.5,2.5
"1123",1347,3,"LS - 20",6,3,"30%","Low","LS","3 - Low",0.375,2.625
"1124",1348,5,"LS - 20",0,-3,"30%","Low","LS","5 - Low",0.5625,-3.5625
"1125",1349,7,"LS - 20",1,0.5,"30%","Low","LS","7 - Low",-1.0625,1.5625
"1126",1350,9,"LS - 20",0,-0.5,"30%","Low","LS","9 - Low",0.4375,-0.9375
"1127",1351,11,"LS - 20",1,0.5,"30%","Low","LS","11 - Low",-0.1875,0.6875
"1128",1352,13,"LS - 20",1,0,"30%","Low","LS","13 - Low",0.9375,-0.9375
"1129",1353,18,"LS - 20",4,0.6,"30%","Low","LS","18 - Low",-0.25,0.85
"1130",1354,23,"LS - 20",10,1.2,"30%","Low","LS","23 - Low",0.025,1.175
"1131",1355,26,"LS - 20",0,-3.333333333,"30%","Low","LS","26 - Low",-0.083333333375,-3.249999999625
"1132",1356,30,"LS - 20",0,0,"30%","Low","LS","30 - Low",0.28125,-0.28125
"1133",1357,33,"LS - 20",1,0.333333333,"30%","Low","LS","33 - Low",-0.499999999875,0.833333332875
"1134",1358,37,"LS - 20",8,1.75,"30%","Low","LS","37 - Low",0.28125,1.46875
"1135",1359,43,"LS - 20",0,-1.333333333,"30%","Low","LS","43 - Low",-0.125,-1.208333333
"1136",1360,48,"LS - 20",7,1.4,"30%","Low","LS","48 - Low",0.05,1.35
"1137",1361,1,"LS - 21",0,0,"70%","Low","LS","1 - Low",0,0
"1138",1362,2,"LS - 21",1,1,"70%","Low","LS","2 - Low",0.5,0.5
"1139",1363,3,"LS - 21",1,0,"70%","Low","LS","3 - Low",0.375,-0.375
"1140",1364,5,"LS - 21",1,0,"70%","Low","LS","5 - Low",0.5625,-0.5625
"1141",1365,7,"LS - 21",0,-0.5,"70%","Low","LS","7 - Low",-1.0625,0.5625
"1142",1366,9,"LS - 21",0,0,"70%","Low","LS","9 - Low",0.4375,-0.4375
"1143",1367,11,"LS - 21",1,0.5,"70%","Low","LS","11 - Low",-0.1875,0.6875
"1144",1368,13,"LS - 21",4,1.5,"70%","Low","LS","13 - Low",0.9375,0.5625
"1145",1369,18,"LS - 21",1,-0.6,"70%","Low","LS","18 - Low",-0.25,-0.35
"1146",1370,23,"LS - 21",0,-0.2,"70%","Low","LS","23 - Low",0.025,-0.225
"1147",1371,26,"LS - 21",4,1.333333333,"70%","Low","LS","26 - Low",-0.083333333375,1.416666666375
"1148",1372,30,"LS - 21",1,-0.75,"70%","Low","LS","30 - Low",0.28125,-1.03125
"1149",1373,33,"LS - 21",2,0.333333333,"70%","Low","LS","33 - Low",-0.499999999875,0.833333332875
"1150",1374,37,"LS - 21",0,-0.5,"70%","Low","LS","37 - Low",0.28125,-0.78125
"1151",1375,43,"LS - 21",0,0,"70%","Low","LS","43 - Low",-0.125,0.125
"1152",1376,48,"LS - 21",0,0,"70%","Low","LS","48 - Low",0.05,-0.05
"1153",1377,1,"LS - 22",3,0,"100%","Low","LS","1 - Low",0,0
"1154",1378,2,"LS - 22",0,-3,"100%","Low","LS","2 - Low",0.5,-3.5
"1155",1379,3,"LS - 22",1,1,"100%","Low","LS","3 - Low",0.375,0.625
"1156",1380,5,"LS - 22",4,1.5,"100%","Low","LS","5 - Low",0.5625,0.9375
"1157",1381,7,"LS - 22",3,-0.5,"100%","Low","LS","7 - Low",-1.0625,0.5625
"1158",1382,9,"LS - 22",0,-1.5,"100%","Low","LS","9 - Low",0.4375,-1.9375
"1159",1383,11,"LS - 22",0,0,"100%","Low","LS","11 - Low",-0.1875,0.1875
"1160",1384,13,"LS - 22",5,2.5,"100%","Low","LS","13 - Low",0.9375,1.5625
"1161",1385,18,"LS - 22",2,-0.6,"100%","Low","LS","18 - Low",-0.25,-0.35
"1162",1386,23,"LS - 22",1,-0.2,"100%","Low","LS","23 - Low",0.025,-0.225
"1163",1387,26,"LS - 22",2,0.333333333,"100%","Low","LS","26 - Low",-0.083333333375,0.416666666375
"1164",1388,30,"LS - 22",1,-0.25,"100%","Low","LS","30 - Low",0.28125,-0.53125
"1165",1389,33,"LS - 22",0,-0.333333333,"100%","Low","LS","33 - Low",-0.499999999875,0.166666666875
"1166",1390,37,"LS - 22",1,0.25,"100%","Low","LS","37 - Low",0.28125,-0.03125
"1167",1391,43,"LS - 22",2,0.166666667,"100%","Low","LS","43 - Low",-0.125,0.291666667
"1168",1392,48,"LS - 22",5,0.6,"100%","Low","LS","48 - Low",0.05,0.55
"1169",1393,1,"LS - 23",2,0,"30%","Low","LS","1 - Low",0,0
"1170",1394,2,"LS - 23",0,-2,"30%","Low","LS","2 - Low",0.5,-2.5
"1171",1395,3,"LS - 23",2,2,"30%","Low","LS","3 - Low",0.375,1.625
"1172",1396,5,"LS - 23",3,0.5,"30%","Low","LS","5 - Low",0.5625,-0.0625
"1173",1397,7,"LS - 23",0,-1.5,"30%","Low","LS","7 - Low",-1.0625,-0.4375
"1174",1398,9,"LS - 23",0,0,"30%","Low","LS","9 - Low",0.4375,-0.4375
"1175",1399,11,"LS - 23",1,0.5,"30%","Low","LS","11 - Low",-0.1875,0.6875
"1176",1400,13,"LS - 23",6,2.5,"30%","Low","LS","13 - Low",0.9375,1.5625
"1177",1401,18,"LS - 23",2,-0.8,"30%","Low","LS","18 - Low",-0.25,-0.55
"1178",1402,23,"LS - 23",1,-0.2,"30%","Low","LS","23 - Low",0.025,-0.225
"1179",1403,26,"LS - 23",12,3.666666667,"30%","Low","LS","26 - Low",-0.083333333375,3.750000000375
"1180",1404,30,"LS - 23",2,-2.5,"30%","Low","LS","30 - Low",0.28125,-2.78125
"1181",1405,33,"LS - 23",1,-0.333333333,"30%","Low","LS","33 - Low",-0.499999999875,0.166666666875
"1182",1406,37,"LS - 23",2,0.25,"30%","Low","LS","37 - Low",0.28125,-0.03125
"1183",1407,43,"LS - 23",2,0,"30%","Low","LS","43 - Low",-0.125,0.125
"1184",1408,48,"LS - 23",10,1.6,"30%","Low","LS","48 - Low",0.05,1.55
"1185",1409,1,"LS - 24",1,0,"50%","Low","LS","1 - Low",0,0
"1186",1410,2,"LS - 24",1,0,"50%","Low","LS","2 - Low",0.5,-0.5
"1187",1411,3,"LS - 24",1,0,"50%","Low","LS","3 - Low",0.375,-0.375
"1188",1412,5,"LS - 24",0,-0.5,"50%","Low","LS","5 - Low",0.5625,-1.0625
"1189",1413,7,"LS - 24",3,1.5,"50%","Low","LS","7 - Low",-1.0625,2.5625
"1190",1414,9,"LS - 24",0,-1.5,"50%","Low","LS","9 - Low",0.4375,-1.9375
"1191",1415,11,"LS - 24",0,0,"50%","Low","LS","11 - Low",-0.1875,0.1875
"1192",1416,13,"LS - 24",2,1,"50%","Low","LS","13 - Low",0.9375,0.0625
"1193",1417,18,"LS - 24",0,-0.4,"50%","Low","LS","18 - Low",-0.25,-0.15
"1194",1418,23,"LS - 24",3,0.6,"50%","Low","LS","23 - Low",0.025,0.575
"1195",1419,26,"LS - 24",4,0.333333333,"50%","Low","LS","26 - Low",-0.083333333375,0.416666666375
"1196",1420,30,"LS - 24",1,-0.75,"50%","Low","LS","30 - Low",0.28125,-1.03125
"1197",1421,33,"LS - 24",1,0,"50%","Low","LS","33 - Low",-0.499999999875,0.499999999875
"1198",1422,37,"LS - 24",2,0.25,"50%","Low","LS","37 - Low",0.28125,-0.03125
"1199",1423,43,"LS - 24",0,-0.333333333,"50%","Low","LS","43 - Low",-0.125,-0.208333333
"1200",1424,48,"LS - 24",2,0.4,"50%","Low","LS","48 - Low",0.05,0.35
"1201",1425,1,"LS - 3",0,0,"50%","Low","LS","1 - Low",0,0
"1202",1426,2,"LS - 3",0,0,"50%","Low","LS","2 - Low",0.5,-0.5
"1203",1427,3,"LS - 3",4,4,"50%","Low","LS","3 - Low",0.375,3.625
"1204",1428,5,"LS - 3",2,-1,"50%","Low","LS","5 - Low",0.5625,-1.5625
"1205",1429,7,"LS - 3",3,0.5,"50%","Low","LS","7 - Low",-1.0625,1.5625
"1206",1430,9,"LS - 3",0,-1.5,"50%","Low","LS","9 - Low",0.4375,-1.9375
"1207",1431,11,"LS - 3",0,0,"50%","Low","LS","11 - Low",-0.1875,0.1875
"1208",1432,13,"LS - 3",12,6,"50%","Low","LS","13 - Low",0.9375,5.0625
"1209",1433,18,"LS - 3",2,-2,"50%","Low","LS","18 - Low",-0.25,-1.75
"1210",1434,23,"LS - 3",2,0,"50%","Low","LS","23 - Low",0.025,-0.025
"1211",1435,26,"LS - 3",0,-0.666666667,"50%","Low","LS","26 - Low",-0.083333333375,-0.583333333625
"1212",1436,30,"LS - 3",5,1.25,"50%","Low","LS","30 - Low",0.28125,0.96875
"1213",1437,33,"LS - 3",3,-0.666666667,"50%","Low","LS","33 - Low",-0.499999999875,-0.166666667125
"1214",1438,37,"LS - 3",2,-0.25,"50%","Low","LS","37 - Low",0.28125,-0.53125
"1215",1439,43,"LS - 3",2,0,"50%","Low","LS","43 - Low",-0.125,0.125
"1216",1440,48,"LS - 3",1,-0.2,"50%","Low","LS","48 - Low",0.05,-0.25
"1217",1457,1,"LS - 5",3,0,"30%","Low","LS","1 - Low",0,0
"1218",1458,2,"LS - 5",1,-2,"30%","Low","LS","2 - Low",0.5,-2.5
"1219",1459,3,"LS - 5",0,-1,"30%","Low","LS","3 - Low",0.375,-1.375
"1220",1460,5,"LS - 5",1,0.5,"30%","Low","LS","5 - Low",0.5625,-0.0625
"1221",1461,7,"LS - 5",4,1.5,"30%","Low","LS","7 - Low",-1.0625,2.5625
"1222",1462,9,"LS - 5",0,-2,"30%","Low","LS","9 - Low",0.4375,-2.4375
"1223",1463,11,"LS - 5",0,0,"30%","Low","LS","11 - Low",-0.1875,0.1875
"1224",1464,13,"LS - 5",11,5.5,"30%","Low","LS","13 - Low",0.9375,4.5625
"1225",1465,18,"LS - 5",5,-1.2,"30%","Low","LS","18 - Low",-0.25,-0.95
"1226",1466,23,"LS - 5",10,1,"30%","Low","LS","23 - Low",0.025,0.975
"1227",1467,26,"LS - 5",5,-1.666666667,"30%","Low","LS","26 - Low",-0.083333333375,-1.583333333625
"1228",1468,30,"LS - 5",1,-1,"30%","Low","LS","30 - Low",0.28125,-1.28125
"1229",1469,33,"LS - 5",1,0,"30%","Low","LS","33 - Low",-0.499999999875,0.499999999875
"1230",1470,37,"LS - 5",0,-0.25,"30%","Low","LS","37 - Low",0.28125,-0.53125
"1231",1471,43,"LS - 5",2,0.333333333,"30%","Low","LS","43 - Low",-0.125,0.458333333
"1232",1472,48,"LS - 5",0,-0.4,"30%","Low","LS","48 - Low",0.05,-0.45
"1233",1473,1,"LS - 6",5,0,"100%","Low","LS","1 - Low",0,0
"1234",1474,2,"LS - 6",7,2,"100%","Low","LS","2 - Low",0.5,1.5
"1235",1475,3,"LS - 6",3,-4,"100%","Low","LS","3 - Low",0.375,-4.375
"1236",1476,5,"LS - 6",18,7.5,"100%","Low","LS","5 - Low",0.5625,6.9375
"1237",1477,7,"LS - 6",24,3,"100%","Low","LS","7 - Low",-1.0625,4.0625
"1238",1478,9,"LS - 6",15,-4.5,"100%","Low","LS","9 - Low",0.4375,-4.9375
"1239",1479,11,"LS - 6",19,2,"100%","Low","LS","11 - Low",-0.1875,2.1875
"1240",1480,13,"LS - 6",18,-0.5,"100%","Low","LS","13 - Low",0.9375,-1.4375
"1241",1481,18,"LS - 6",8,-2,"100%","Low","LS","18 - Low",-0.25,-1.75
"1242",1482,23,"LS - 6",8,0,"100%","Low","LS","23 - Low",0.025,-0.025
"1243",1483,26,"LS - 6",18,3.333333333,"100%","Low","LS","26 - Low",-0.083333333375,3.416666666375
"1244",1484,30,"LS - 6",11,-1.75,"100%","Low","LS","30 - Low",0.28125,-2.03125
"1245",1485,33,"LS - 6",15,1.333333333,"100%","Low","LS","33 - Low",-0.499999999875,1.833333332875
"1246",1486,37,"LS - 6",7,-2,"100%","Low","LS","37 - Low",0.28125,-2.28125
"1247",1487,43,"LS - 6",27,3.333333333,"100%","Low","LS","43 - Low",-0.125,3.458333333
"1248",1488,48,"LS - 6",14,-2.6,"100%","Low","LS","48 - Low",0.05,-2.65
"1249",1505,1,"LS - 8",0,0,"0%","Low","LS","1 - Low",0,0
"1250",1506,2,"LS - 8",1,1,"0%","Low","LS","2 - Low",0.5,0.5
"1251",1507,3,"LS - 8",1,0,"0%","Low","LS","3 - Low",0.375,-0.375
"1252",1508,5,"LS - 8",0,-0.5,"0%","Low","LS","5 - Low",0.5625,-1.0625
"1253",1509,7,"LS - 8",1,0.5,"0%","Low","LS","7 - Low",-1.0625,1.5625
"1254",1510,9,"LS - 8",1,0,"0%","Low","LS","9 - Low",0.4375,-0.4375
"1255",1511,11,"LS - 8",0,-0.5,"0%","Low","LS","11 - Low",-0.1875,-0.3125
"1256",1512,13,"LS - 8",1,0.5,"0%","Low","LS","13 - Low",0.9375,-0.4375
"1257",1513,18,"LS - 8",3,0.4,"0%","Low","LS","18 - Low",-0.25,0.65
"1258",1514,23,"LS - 8",13,2,"0%","Low","LS","23 - Low",0.025,1.975
"1259",1515,26,"LS - 8",2,-3.666666667,"0%","Low","LS","26 - Low",-0.083333333375,-3.583333333625
"1260",1516,30,"LS - 8",0,-0.5,"0%","Low","LS","30 - Low",0.28125,-0.78125
"1261",1517,33,"LS - 8",1,0.333333333,"0%","Low","LS","33 - Low",-0.499999999875,0.833333332875
"1262",1518,37,"LS - 8",0,-0.25,"0%","Low","LS","37 - Low",0.28125,-0.53125
"1263",1519,43,"LS - 8",3,0.5,"0%","Low","LS","43 - Low",-0.125,0.625
"1264",1520,48,"LS - 8",0,-0.6,"0%","Low","LS","48 - Low",0.05,-0.65
"1265",1521,1,"LS - 9",1,0,"0%","Low","LS","1 - Low",0,0
"1266",1522,2,"LS - 9",2,1,"0%","Low","LS","2 - Low",0.5,0.5
"1267",1523,3,"LS - 9",5,3,"0%","Low","LS","3 - Low",0.375,2.625
"1268",1524,5,"LS - 9",4,-0.5,"0%","Low","LS","5 - Low",0.5625,-1.0625
"1269",1525,7,"LS - 9",7,1.5,"0%","Low","LS","7 - Low",-1.0625,2.5625
"1270",1526,9,"LS - 9",0,-3.5,"0%","Low","LS","9 - Low",0.4375,-3.9375
"1271",1527,11,"LS - 9",3,1.5,"0%","Low","LS","11 - Low",-0.1875,1.6875
"1272",1528,13,"LS - 9",4,0.5,"0%","Low","LS","13 - Low",0.9375,-0.4375
"1273",1529,18,"LS - 9",3,-0.2,"0%","Low","LS","18 - Low",-0.25,0.05
"1274",1530,23,"LS - 9",5,0.4,"0%","Low","LS","23 - Low",0.025,0.375
"1275",1531,26,"LS - 9",12,2.333333333,"0%","Low","LS","26 - Low",-0.083333333375,2.416666666375
"1276",1532,30,"LS - 9",4,-2,"0%","Low","LS","30 - Low",0.28125,-2.28125
"1277",1533,33,"LS - 9",7,1,"0%","Low","LS","33 - Low",-0.499999999875,1.499999999875
"1278",1534,37,"LS - 9",8,0.25,"0%","Low","LS","37 - Low",0.28125,-0.03125
"1279",1535,43,"LS - 9",8,0,"0%","Low","LS","43 - Low",-0.125,0.125
"1280",1536,48,"LS - 9",4,-0.8,"0%","Low","LS","48 - Low",0.05,-0.85
